Workbook

Sheet BD&LR
A1: ='Individual BD'!C118 -> 06/01/2026
A2: Block | B2: HOUR | C2: GENCO THERMAL BACKDOWN MW | D2: CGS BACKDOWN MW | E2: IPP THERMAL BACKDOWN MW | F2: WIND BACKDOWN | G2: SOLAR BACKDOWN MW | H2: LR | I2: UI | J2: Freq | K2: DAM | L2: DAM rate | M2: RTM | N2: RTM rate
A3: 1 | B3: 00:00-00:15 | C3: =SUM('Individual BD'!C3:N3)-'Individual BD'!K3-'Individual BD'!M3-'Individual BD'!N3 -> 723.67 | D3: =IF('CGS BD CAL'!M3<20,0,'CGS BD CAL'!M3) -> 999.57937 | E3: =SUM('Individual BD'!K3+'Individual BD'!M3+'Individual BD'!N3) -> 0 | F3: 0 | G3: 0 | H3: 0 | I3: ='[2]SCADA Grid'!D4 -> 78.21 | J3: ='[2]SCADA Grid'!C4 -> 50.01 | K3: =IEX!G11 -> 0 | L3: 2.42073 | M3: =RTM!G12 -> 474.49 | N3: 2.421 | O3: =IF(AND(C3>1,OR($K3>100,$M3>100)),1,0) -> 1 | P3: =IF(AND(D3>1,OR($K3>100,$M3>100)),1,0) -> 1 | Q3: =IF(AND(E3>1,OR($K3>100,$M3>100)),1,0) -> 0
A4: 2 | B4: 00:15-00:30 | C4: =SUM('Individual BD'!C4:N4)-'Individual BD'!K4-'Individual BD'!M4-'Individual BD'!N4 -> 722.95 | D4: =IF('CGS BD CAL'!M4<20,0,'CGS BD CAL'!M4) -> 1099.1419 | E4: =SUM('Individual BD'!K4+'Individual BD'!M4+'Individual BD'!N4) -> 0 | F4: 0 | G4: 0 | H4: 0 | I4: ='[2]SCADA Grid'!D5 -> -44.62 | J4: ='[2]SCADA Grid'!C5 -> 50 | K4: =IEX!G12 -> 0 | L4: 2.71921 | M4: =RTM!G13 -> 664.3 | N4: 2.719 | O4: =IF(AND(C4>1,OR($K4>100,$M4>100)),1,0) -> 1 | P4: =IF(AND(D4>1,OR($K4>100,$M4>100)),1,0) -> 1 | Q4: =IF(AND(E4>1,OR($K4>100,$M4>100)),1,0) -> 0
A5: 3 | B5: 00:30-00:45 | C5: =SUM('Individual BD'!C5:N5)-'Individual BD'!K5-'Individual BD'!M5-'Individual BD'!N5 -> 919.93 | D5: =IF('CGS BD CAL'!M5<20,0,'CGS BD CAL'!M5) -> 1167.4699 | E5: =SUM('Individual BD'!K5+'Individual BD'!M5+'Individual BD'!N5) -> 3.52 | F5: 0 | G5: 0 | H5: 0 | I5: ='[2]SCADA Grid'!D6 -> -127.59 | J5: ='[2]SCADA Grid'!C6 -> 50 | K5: =IEX!G13 -> 0 | L5: 2.91534 | M5: =RTM!G14 -> 845.4 | N5: 2.915 | O5: =IF(AND(C5>1,OR($K5>100,$M5>100)),1,0) -> 1 | P5: =IF(AND(D5>1,OR($K5>100,$M5>100)),1,0) -> 1 | Q5: =IF(AND(E5>1,OR($K5>100,$M5>100)),1,0) -> 1
A6: 4 | B6: 00:45-01:00 | C6: =SUM('Individual BD'!C6:N6)-'Individual BD'!K6-'Individual BD'!M6-'Individual BD'!N6 -> 1140.53 | D6: =IF('CGS BD CAL'!M6<20,0,'CGS BD CAL'!M6) -> 1201.7667 | E6: =SUM('Individual BD'!K6+'Individual BD'!M6+'Individual BD'!N6) -> 68.91 | F6: 0 | G6: 0 | H6: 0 | I6: ='[2]SCADA Grid'!D7 -> -282.36 | J6: ='[2]SCADA Grid'!C7 -> 50 | K6: =IEX!G14 -> 0 | L6: 2.75098 | M6: =RTM!G15 -> 846.97 | N6: 2.751 | O6: =IF(AND(C6>1,OR($K6>100,$M6>100)),1,0) -> 1 | P6: =IF(AND(D6>1,OR($K6>100,$M6>100)),1,0) -> 1 | Q6: =IF(AND(E6>1,OR($K6>100,$M6>100)),1,0) -> 1
A7: 5 | B7: 01:00-01:15 | C7: =SUM('Individual BD'!C7:N7)-'Individual BD'!K7-'Individual BD'!M7-'Individual BD'!N7 -> 1367.26 | D7: =IF('CGS BD CAL'!M7<20,0,'CGS BD CAL'!M7) -> 1203.2472 | E7: =SUM('Individual BD'!K7+'Individual BD'!M7+'Individual BD'!N7) -> 142.6 | F7: 0 | G7: 0 | H7: 0 | I7: ='[2]SCADA Grid'!D8 -> -160.78 | J7: ='[2]SCADA Grid'!C8 -> 50 | K7: =IEX!G15 -> 0 | L7: 2.71021 | M7: =RTM!G16 -> 1321.86 | N7: 2.71 | O7: =IF(AND(C7>1,OR($K7>100,$M7>100)),1,0) -> 1 | P7: =IF(AND(D7>1,OR($K7>100,$M7>100)),1,0) -> 1 | Q7: =IF(AND(E7>1,OR($K7>100,$M7>100)),1,0) -> 1
A8: 6 | B8: 01:15-01:30 | C8: =SUM('Individual BD'!C8:N8)-'Individual BD'!K8-'Individual BD'!M8-'Individual BD'!N8 -> 1553.94 | D8: =IF('CGS BD CAL'!M8<20,0,'CGS BD CAL'!M8) -> 1203.2472 | E8: =SUM('Individual BD'!K8+'Individual BD'!M8+'Individual BD'!N8) -> 194.09 | F8: 0 | G8: 0 | H8: 0 | I8: ='[2]SCADA Grid'!D9 -> -99.29 | J8: ='[2]SCADA Grid'!C9 -> 49.99 | K8: =IEX!G16 -> 0 | L8: 2.71021 | M8: =RTM!G17 -> 1321.86 | N8: 2.71 | O8: =IF(AND(C8>1,OR($K8>100,$M8>100)),1,0) -> 1 | P8: =IF(AND(D8>1,OR($K8>100,$M8>100)),1,0) -> 1 | Q8: =IF(AND(E8>1,OR($K8>100,$M8>100)),1,0) -> 1
A9: 7 | B9: 01:30-01:45 | C9: =SUM('Individual BD'!C9:N9)-'Individual BD'!K9-'Individual BD'!M9-'Individual BD'!N9 -> 1567.68 | D9: =IF('CGS BD CAL'!M9<20,0,'CGS BD CAL'!M9) -> 1130.6932 | E9: =SUM('Individual BD'!K9+'Individual BD'!M9+'Individual BD'!N9) -> 216.69 | F9: 0 | G9: 0 | H9: 0 | I9: ='[2]SCADA Grid'!D10 -> -74.86 | J9: ='[2]SCADA Grid'!C10 -> 49.99 | K9: =IEX!G17 -> 0 | L9: 2.71094 | M9: =RTM!G18 -> 1132.05 | N9: 2.711 | O9: =IF(AND(C9>1,OR($K9>100,$M9>100)),1,0) -> 1 | P9: =IF(AND(D9>1,OR($K9>100,$M9>100)),1,0) -> 1 | Q9: =IF(AND(E9>1,OR($K9>100,$M9>100)),1,0) -> 1
A10: 8 | B10: 01:45-02:00 | C10: =SUM('Individual BD'!C10:N10)-'Individual BD'!K10-'Individual BD'!M10-'Individual BD'!N10 -> 1565.27 | D10: =IF('CGS BD CAL'!M10<20,0,'CGS BD CAL'!M10) -> 1062.3652 | E10: =SUM('Individual BD'!K10+'Individual BD'!M10+'Individual BD'!N10) -> 169.43 | F10: 0 | G10: 0 | H10: 0 | I10: ='[2]SCADA Grid'!D11 -> -65.82 | J10: ='[2]SCADA Grid'!C11 -> 50 | K10: =IEX!G18 -> 0 | L10: 2.6509 | M10: =RTM!G19 -> 1132.62 | N10: 2.651 | O10: =IF(AND(C10>1,OR($K10>100,$M10>100)),1,0) -> 1 | P10: =IF(AND(D10>1,OR($K10>100,$M10>100)),1,0) -> 1 | Q10: =IF(AND(E10>1,OR($K10>100,$M10>100)),1,0) -> 1
A11: 9 | B11: 02:00-02:15 | C11: =SUM('Individual BD'!C11:N11)-'Individual BD'!K11-'Individual BD'!M11-'Individual BD'!N11 -> 1564.75 | D11: =IF('CGS BD CAL'!M11<20,0,'CGS BD CAL'!M11) -> 994.03718 | E11: =SUM('Individual BD'!K11+'Individual BD'!M11+'Individual BD'!N11) -> 163.45 | F11: 0 | G11: 0 | H11: 0 | I11: ='[2]SCADA Grid'!D12 -> -86.52 | J11: ='[2]SCADA Grid'!C12 -> 49.99 | K11: =IEX!G19 -> 0 | L11: 2.71986 | M11: =RTM!G20 -> 1321.76 | N11: 2.72 | O11: =IF(AND(C11>1,OR($K11>100,$M11>100)),1,0) -> 1 | P11: =IF(AND(D11>1,OR($K11>100,$M11>100)),1,0) -> 1 | Q11: =IF(AND(E11>1,OR($K11>100,$M11>100)),1,0) -> 1
A12: 10 | B12: 02:15-02:30 | C12: =SUM('Individual BD'!C12:N12)-'Individual BD'!K12-'Individual BD'!M12-'Individual BD'!N12 -> 1563.48 | D12: =IF('CGS BD CAL'!M12<20,0,'CGS BD CAL'!M12) -> 959.74032 | E12: =SUM('Individual BD'!K12+'Individual BD'!M12+'Individual BD'!N12) -> 153.22 | F12: 0 | G12: 0 | H12: 0 | I12: ='[2]SCADA Grid'!D13 -> -32.5 | J12: ='[2]SCADA Grid'!C13 -> 50.01 | K12: =IEX!G20 -> 0 | L12: 2.71058 | M12: =RTM!G21 -> 1321.85 | N12: 2.711 | O12: =IF(AND(C12>1,OR($K12>100,$M12>100)),1,0) -> 1 | P12: =IF(AND(D12>1,OR($K12>100,$M12>100)),1,0) -> 1 | Q12: =IF(AND(E12>1,OR($K12>100,$M12>100)),1,0) -> 1
A13: 11 | B13: 02:30-02:45 | C13: =SUM('Individual BD'!C13:N13)-'Individual BD'!K13-'Individual BD'!M13-'Individual BD'!N13 -> 1559.28 | D13: =IF('CGS BD CAL'!M13<20,0,'CGS BD CAL'!M13) -> 959.74032 | E13: =SUM('Individual BD'!K13+'Individual BD'!M13+'Individual BD'!N13) -> 155.18 | F13: 0 | G13: 0 | H13: 0 | I13: ='[2]SCADA Grid'!D14 -> -9.23 | J13: ='[2]SCADA Grid'!C14 -> 50 | K13: =IEX!G21 -> 0 | L13: 2.82197 | M13: =RTM!G22 -> 1225.9 | N13: 2.822 | O13: =IF(AND(C13>1,OR($K13>100,$M13>100)),1,0) -> 1 | P13: =IF(AND(D13>1,OR($K13>100,$M13>100)),1,0) -> 1 | Q13: =IF(AND(E13>1,OR($K13>100,$M13>100)),1,0) -> 1
A14: 12 | B14: 02:45-03:00 | C14: =SUM('Individual BD'!C14:N14)-'Individual BD'!K14-'Individual BD'!M14-'Individual BD'!N14 -> 1555.35 | D14: =IF('CGS BD CAL'!M14<20,0,'CGS BD CAL'!M14) -> 959.74032 | E14: =SUM('Individual BD'!K14+'Individual BD'!M14+'Individual BD'!N14) -> 151.32 | F14: 0 | G14: 0 | H14: 0 | I14: ='[2]SCADA Grid'!D15 -> 2.58 | J14: ='[2]SCADA Grid'!C15 -> 50 | K14: =IEX!G22 -> 0 | L14: 2.8212 | M14: =RTM!G23 -> 1225.9 | N14: 2.821 | O14: =IF(AND(C14>1,OR($K14>100,$M14>100)),1,0) -> 1 | P14: =IF(AND(D14>1,OR($K14>100,$M14>100)),1,0) -> 1 | Q14: =IF(AND(E14>1,OR($K14>100,$M14>100)),1,0) -> 1
... A98: 96 | B98: 23:45-24:00 | C98: =SUM('Individual BD'!C98:N98)-'Individual BD'!K98-'Individual BD'!M98-'Individual BD'!N98 -> 1502.99 | D98: =IF('CGS BD CAL'!M98<20,0,'CGS BD CAL'!M98) -> 864.15679 | E98: =SUM('Individual BD'!K98+'Individual BD'!M98+'Individual BD'!N98) -> 157.06 | F98: 0 | G98: 0 | H98: 0 | I98: ='[2]SCADA Grid'!D99 -> 343.18 | J98: ='[2]SCADA Grid'!C99 -> 50 | K98: =IEX!G106 -> 0 | L98: 2.71952 | M98: =RTM!G107 -> 854.07 | N98: 2.72 | O98: =IF(AND(C98>1,OR($K98>100,$M98>100)),1,0) -> 1 | P98: =IF(AND(D98>1,OR($K98>100,$M98>100)),1,0) -> 1 | Q98: =IF(AND(E98>1,OR($K98>100,$M98>100)),1,0) -> 1
B99: IN MU (Net) | C99: =AVERAGE(C3:C98)*24/1000 -> 15.153462 | D99: =AVERAGE(D3:D98)*24/1000 -> 8.6750676 | E99: =AVERAGE(E3:E98)*24/1000 -> 0.876585 | F99: =AVERAGE(F3:F98)*24/1000 -> 0 | G99: =AVERAGE(G3:G98)*24/1000 -> 0 | H99: =AVERAGE(H3:H98)*24/1000 -> 0 | I99: =AVERAGE(I3:I98)*24/1000 -> -0.6823475 | J99: =AVERAGE(J3:J98) -> 50.014688 | K99: =AVERAGE(K3:K98)*24/1000 -> 1.1102425 | M99: =AVERAGE(M3:M98)*24/1000 -> 12.212302
B100: Highlighted fields indicates State Thermal backdown with DAM/RTM purchases:
B101: Highlighted fields indicates CGS Thermal backdown with DAM/RTM purchases:
B102: Highlighted fields indicates IPP Thermal backdown with DAM/RTM purchases:
B106: Minimum | C106: =MIN(C3:C98) -> 0 | D106: =MIN(D3:D98) -> 0 | E106: =MIN(E3:E98) -> 0 | F106: =MIN(F3:F98) -> 0 | G106: =MIN(G3:G98) -> 0 | I106: =MIN(I3:I98) -> -651.72 | J106: =MIN(J3:J98) -> 49.83 | K106: =MIN(K3:K98) -> -413 | M106: =MIN(M3:M98) -> -300 | N106: =MIN(N3:N98) -> 2.421
B107: Maximum | C107: =MAX(C3:C98) -> 1567.68 | D107: =MAX(D3:D98) -> 1203.2472 | E107: =MAX(E3:E98) -> 293.39 | F107: =MAX(F3:F98) -> 0 | G107: =MAX(G3:G98) -> 0 | I107: =MAX(I3:I98) -> 574.95 | J107: =MAX(J3:J98) -> 50.13 | K107: =MAX(K3:K98) -> 474.5 | M107: =MAX(M3:M98) -> 1613.28 | N107: =MAX(N3:N98) -> 10
K109: =MIN(K3:K98) -> -413
B122: 0

Sheet Individual BD
A1: ='BD&LR'!A1:F1 -> 06/01/2026
A2: Block | B2: HOUR | C2: RTPP Stg - I | D2: RTPP Stg - II | E2: RTPP Stg - III | F2: VTS (1-6) | G2: RTPP Stg - IV | H2: VTPS - IV | I2: K'Patnam Stg - I | J2: K'Patnam Stg - II | K2: Hinduja | L2: VTPS - V | M2: SEIL-125 MW | N2: SEIL-502 MW | P2: Difference b/w DCs and Actual
A3: 1 | B3: 00:00-00:15 | C3: =IF('BD Start'!C3=0,0,IF('BD Start'!C3-(-SUM(Actual!$I3:$J3))<0,0,'BD Start'!C3-(-SUM(Actual!$I3:$J3)))) -> 32.35 | D3: =IF('BD Start'!D3=0,0,IF('BD Start'!D3-(-SUM(Actual!$K3:$L3))<0,0,'BD Start'!D3-(-SUM(Actual!$K3:$L3)))) -> 138.57 | E3: =IF('BD Start'!E3=0,0,IF('BD Start'!E3-(-Actual!$M3)<0,0,'BD Start'!E3-(-Actual!$M3))) -> 62.3 | F3: =IF('BD Start'!F3=0,0,IF('BD Start'!F3-(-SUM(Actual!$B3:$G3))<0,0,'BD Start'!F3-(-SUM(Actual!$B3:$G3)))) -> 14.16 | G3: =IF('BD Start'!G3=0,0,IF('BD Start'!G3-(-Actual!$N3)<0,0,'BD Start'!G3-(-Actual!$N3))) -> 280.55 | H3: =IF('BD Start'!H3=0,0,IF('BD Start'!H3-(-Actual!$H3)<0,0,'BD Start'!H3-(-Actual!$H3))) -> 195.74 | I3: =IF('BD Start'!I3=0,0,IF('BD Start'!I3-(-SUM(Actual!$O3:$P3))<0,0,'BD Start'!I3-(-SUM(Actual!$O3:$P3)))) -> 0 | J3: =IF('BD Start'!J3=0,0,IF('BD Start'!J3-(-Actual!$AA3)<0,0,'BD Start'!J3-(-Actual!$AA3))) -> 0 | K3: =IF('BD Start'!K3=0,0,IF('BD Start'!K3-('DATA-CMD'!D3)<0,0,'BD Start'!K3-('DATA-CMD'!D3))) -> 0 | L3: =IF('BD Start'!L3=0,0,IF('BD Start'!L3-(Actual!$AB3)<0,0,'BD Start'!L3-(Actual!$AB3))) -> 0 | M3: =IF('BD Start'!M3>0,IF(('BD Start'!M3-'DATA-CMD'!L3+TPCIL!O13)>=125,125,IF(('BD Start'!M3-'DATA-CMD'!L3+TPCIL!O13)<0,0,('BD Start'!M3-'DATA-CMD'!L3+TPCIL!O13))),0) -> 0 | N3: =IF('BD Start'!N3=0,0,IF('BD Start'!N3-O3<0,0,'BD Start'!N3-O3)) -> 0 | O3: ='DATA-CMD'!L3+TPCIL!E13+TPCIL!F13+TPCIL!G13+TPCIL!H13 -> 512.77 | P3: ='BD Start'!P3+'BD Start'!Q3-'DATA-CMD'!M3 -> 0
A4: 2 | B4: 00:15-00:30 | C4: =IF('BD Start'!C4=0,0,IF('BD Start'!C4-(-SUM(Actual!$I4:$J4))<0,0,'BD Start'!C4-(-SUM(Actual!$I4:$J4)))) -> 33.47 | D4: =IF('BD Start'!D4=0,0,IF('BD Start'!D4-(-SUM(Actual!$K4:$L4))<0,0,'BD Start'!D4-(-SUM(Actual!$K4:$L4)))) -> 138.57 | E4: =IF('BD Start'!E4=0,0,IF('BD Start'!E4-(-Actual!$M4)<0,0,'BD Start'!E4-(-Actual!$M4))) -> 62.58 | F4: =IF('BD Start'!F4=0,0,IF('BD Start'!F4-(-SUM(Actual!$B4:$G4))<0,0,'BD Start'!F4-(-SUM(Actual!$B4:$G4)))) -> 15.43 | G4: =IF('BD Start'!G4=0,0,IF('BD Start'!G4-(-Actual!$N4)<0,0,'BD Start'!G4-(-Actual!$N4))) -> 280.55 | H4: =IF('BD Start'!H4=0,0,IF('BD Start'!H4-(-Actual!$H4)<0,0,'BD Start'!H4-(-Actual!$H4))) -> 192.35 | I4: =IF('BD Start'!I4=0,0,IF('BD Start'!I4-(-SUM(Actual!$O4:$P4))<0,0,'BD Start'!I4-(-SUM(Actual!$O4:$P4)))) -> 0 | J4: =IF('BD Start'!J4=0,0,IF('BD Start'!J4-(-Actual!$AA4)<0,0,'BD Start'!J4-(-Actual!$AA4))) -> 0 | K4: =IF('BD Start'!K4=0,0,IF('BD Start'!K4-('DATA-CMD'!D4)<0,0,'BD Start'!K4-('DATA-CMD'!D4))) -> 0 | L4: =IF('BD Start'!L4=0,0,IF('BD Start'!L4-(Actual!$AB4)<0,0,'BD Start'!L4-(Actual!$AB4))) -> 0 | M4: =IF('BD Start'!M4>0,IF(('BD Start'!M4-'DATA-CMD'!L4+TPCIL!O14)>=125,125,IF(('BD Start'!M4-'DATA-CMD'!L4+TPCIL!O14)<0,0,('BD Start'!M4-'DATA-CMD'!L4+TPCIL!O14))),0) -> 0 | N4: =IF('BD Start'!N4=0,0,IF('BD Start'!N4-O4<0,0,'BD Start'!N4-O4)) -> 0 | O4: ='DATA-CMD'!L4+TPCIL!E14+TPCIL!F14+TPCIL!G14+TPCIL!H14 -> 509.23 | P4: ='BD Start'!P4+'BD Start'!Q4-'DATA-CMD'!M4 -> 0
A5: 3 | B5: 00:30-00:45 | C5: =IF('BD Start'!C5=0,0,IF('BD Start'!C5-(-SUM(Actual!$I5:$J5))<0,0,'BD Start'!C5-(-SUM(Actual!$I5:$J5)))) -> 32.23 | D5: =IF('BD Start'!D5=0,0,IF('BD Start'!D5-(-SUM(Actual!$K5:$L5))<0,0,'BD Start'!D5-(-SUM(Actual!$K5:$L5)))) -> 138.5 | E5: =IF('BD Start'!E5=0,0,IF('BD Start'!E5-(-Actual!$M5)<0,0,'BD Start'!E5-(-Actual!$M5))) -> 63.82 | F5: =IF('BD Start'!F5=0,0,IF('BD Start'!F5-(-SUM(Actual!$B5:$G5))<0,0,'BD Start'!F5-(-SUM(Actual!$B5:$G5)))) -> 27.27 | G5: =IF('BD Start'!G5=0,0,IF('BD Start'!G5-(-Actual!$N5)<0,0,'BD Start'!G5-(-Actual!$N5))) -> 277.31 | H5: =IF('BD Start'!H5=0,0,IF('BD Start'!H5-(-Actual!$H5)<0,0,'BD Start'!H5-(-Actual!$H5))) -> 193.26 | I5: =IF('BD Start'!I5=0,0,IF('BD Start'!I5-(-SUM(Actual!$O5:$P5))<0,0,'BD Start'!I5-(-SUM(Actual!$O5:$P5)))) -> 172.27 | J5: =IF('BD Start'!J5=0,0,IF('BD Start'!J5-(-Actual!$AA5)<0,0,'BD Start'!J5-(-Actual!$AA5))) -> 15.27 | K5: =IF('BD Start'!K5=0,0,IF('BD Start'!K5-('DATA-CMD'!D5)<0,0,'BD Start'!K5-('DATA-CMD'!D5))) -> 3.52 | L5: =IF('BD Start'!L5=0,0,IF('BD Start'!L5-(Actual!$AB5)<0,0,'BD Start'!L5-(Actual!$AB5))) -> 0 | M5: =IF('BD Start'!M5>0,IF(('BD Start'!M5-'DATA-CMD'!L5+TPCIL!O15)>=125,125,IF(('BD Start'!M5-'DATA-CMD'!L5+TPCIL!O15)<0,0,('BD Start'!M5-'DATA-CMD'!L5+TPCIL!O15))),0) -> 0 | N5: =IF('BD Start'!N5=0,0,IF('BD Start'!N5-O5<0,0,'BD Start'!N5-O5)) -> 0 | O5: ='DATA-CMD'!L5+TPCIL!E15+TPCIL!F15+TPCIL!G15+TPCIL!H15 -> 500.36 | P5: ='BD Start'!P5+'BD Start'!Q5-'DATA-CMD'!M5 -> 0
A6: 4 | B6: 00:45-01:00 | C6: =IF('BD Start'!C6=0,0,IF('BD Start'!C6-(-SUM(Actual!$I6:$J6))<0,0,'BD Start'!C6-(-SUM(Actual!$I6:$J6)))) -> 28.92 | D6: =IF('BD Start'!D6=0,0,IF('BD Start'!D6-(-SUM(Actual!$K6:$L6))<0,0,'BD Start'!D6-(-SUM(Actual!$K6:$L6)))) -> 137.74 | E6: =IF('BD Start'!E6=0,0,IF('BD Start'!E6-(-Actual!$M6)<0,0,'BD Start'!E6-(-Actual!$M6))) -> 63.96 | F6: =IF('BD Start'!F6=0,0,IF('BD Start'!F6-(-SUM(Actual!$B6:$G6))<0,0,'BD Start'!F6-(-SUM(Actual!$B6:$G6)))) -> 23.71 | G6: =IF('BD Start'!G6=0,0,IF('BD Start'!G6-(-Actual!$N6)<0,0,'BD Start'!G6-(-Actual!$N6))) -> 282.89 | H6: =IF('BD Start'!H6=0,0,IF('BD Start'!H6-(-Actual!$H6)<0,0,'BD Start'!H6-(-Actual!$H6))) -> 194.57 | I6: =IF('BD Start'!I6=0,0,IF('BD Start'!I6-(-SUM(Actual!$O6:$P6))<0,0,'BD Start'!I6-(-SUM(Actual!$O6:$P6)))) -> 337.14 | J6: =IF('BD Start'!J6=0,0,IF('BD Start'!J6-(-Actual!$AA6)<0,0,'BD Start'!J6-(-Actual!$AA6))) -> 71.6 | K6: =IF('BD Start'!K6=0,0,IF('BD Start'!K6-('DATA-CMD'!D6)<0,0,'BD Start'!K6-('DATA-CMD'!D6))) -> 68.91 | L6: =IF('BD Start'!L6=0,0,IF('BD Start'!L6-(Actual!$AB6)<0,0,'BD Start'!L6-(Actual!$AB6))) -> 0 | M6: =IF('BD Start'!M6>0,IF(('BD Start'!M6-'DATA-CMD'!L6+TPCIL!O16)>=125,125,IF(('BD Start'!M6-'DATA-CMD'!L6+TPCIL!O16)<0,0,('BD Start'!M6-'DATA-CMD'!L6+TPCIL!O16))),0) -> 0 | N6: =IF('BD Start'!N6=0,0,IF('BD Start'!N6-O6<0,0,'BD Start'!N6-O6)) -> 0 | O6: ='DATA-CMD'!L6+TPCIL!E16+TPCIL!F16+TPCIL!G16+TPCIL!H16 -> 504.9 | P6: ='BD Start'!P6+'BD Start'!Q6-'DATA-CMD'!M6 -> 0
A7: 5 | B7: 01:00-01:15 | C7: =IF('BD Start'!C7=0,0,IF('BD Start'!C7-(-SUM(Actual!$I7:$J7))<0,0,'BD Start'!C7-(-SUM(Actual!$I7:$J7)))) -> 31.57 | D7: =IF('BD Start'!D7=0,0,IF('BD Start'!D7-(-SUM(Actual!$K7:$L7))<0,0,'BD Start'!D7-(-SUM(Actual!$K7:$L7)))) -> 138.11 | E7: =IF('BD Start'!E7=0,0,IF('BD Start'!E7-(-Actual!$M7)<0,0,'BD Start'!E7-(-Actual!$M7))) -> 59.48 | F7: =IF('BD Start'!F7=0,0,IF('BD Start'!F7-(-SUM(Actual!$B7:$G7))<0,0,'BD Start'!F7-(-SUM(Actual!$B7:$G7)))) -> 22.19 | G7: =IF('BD Start'!G7=0,0,IF('BD Start'!G7-(-Actual!$N7)<0,0,'BD Start'!G7-(-Actual!$N7))) -> 282.27 | H7: =IF('BD Start'!H7=0,0,IF('BD Start'!H7-(-Actual!$H7)<0,0,'BD Start'!H7-(-Actual!$H7))) -> 196.65 | I7: =IF('BD Start'!I7=0,0,IF('BD Start'!I7-(-SUM(Actual!$O7:$P7))<0,0,'BD Start'!I7-(-SUM(Actual!$O7:$P7)))) -> 482.83 | J7: =IF('BD Start'!J7=0,0,IF('BD Start'!J7-(-Actual!$AA7)<0,0,'BD Start'!J7-(-Actual!$AA7))) -> 154.16 | K7: =IF('BD Start'!K7=0,0,IF('BD Start'!K7-('DATA-CMD'!D7)<0,0,'BD Start'!K7-('DATA-CMD'!D7))) -> 142.6 | L7: =IF('BD Start'!L7=0,0,IF('BD Start'!L7-(Actual!$AB7)<0,0,'BD Start'!L7-(Actual!$AB7))) -> 0 | M7: =IF('BD Start'!M7>0,IF(('BD Start'!M7-'DATA-CMD'!L7+TPCIL!O17)>=125,125,IF(('BD Start'!M7-'DATA-CMD'!L7+TPCIL!O17)<0,0,('BD Start'!M7-'DATA-CMD'!L7+TPCIL!O17))),0) -> 0 | N7: =IF('BD Start'!N7=0,0,IF('BD Start'!N7-O7<0,0,'BD Start'!N7-O7)) -> 0 | O7: ='DATA-CMD'!L7+TPCIL!E17+TPCIL!F17+TPCIL!G17+TPCIL!H17 -> 504.32 | P7: ='BD Start'!P7+'BD Start'!Q7-'DATA-CMD'!M7 -> 0
A8: 6 | B8: 01:15-01:30 | C8: =IF('BD Start'!C8=0,0,IF('BD Start'!C8-(-SUM(Actual!$I8:$J8))<0,0,'BD Start'!C8-(-SUM(Actual!$I8:$J8)))) -> 34.71 | D8: =IF('BD Start'!D8=0,0,IF('BD Start'!D8-(-SUM(Actual!$K8:$L8))<0,0,'BD Start'!D8-(-SUM(Actual!$K8:$L8)))) -> 135.89 | E8: =IF('BD Start'!E8=0,0,IF('BD Start'!E8-(-Actual!$M8)<0,0,'BD Start'!E8-(-Actual!$M8))) -> 65.31 | F8: =IF('BD Start'!F8=0,0,IF('BD Start'!F8-(-SUM(Actual!$B8:$G8))<0,0,'BD Start'!F8-(-SUM(Actual!$B8:$G8)))) -> 26.88 | G8: =IF('BD Start'!G8=0,0,IF('BD Start'!G8-(-Actual!$N8)<0,0,'BD Start'!G8-(-Actual!$N8))) -> 280.7 | H8: =IF('BD Start'!H8=0,0,IF('BD Start'!H8-(-Actual!$H8)<0,0,'BD Start'!H8-(-Actual!$H8))) -> 193.88 | I8: =IF('BD Start'!I8=0,0,IF('BD Start'!I8-(-SUM(Actual!$O8:$P8))<0,0,'BD Start'!I8-(-SUM(Actual!$O8:$P8)))) -> 579.53 | J8: =IF('BD Start'!J8=0,0,IF('BD Start'!J8-(-Actual!$AA8)<0,0,'BD Start'!J8-(-Actual!$AA8))) -> 237.04 | K8: =IF('BD Start'!K8=0,0,IF('BD Start'!K8-('DATA-CMD'!D8)<0,0,'BD Start'!K8-('DATA-CMD'!D8))) -> 194.09 | L8: =IF('BD Start'!L8=0,0,IF('BD Start'!L8-(Actual!$AB8)<0,0,'BD Start'!L8-(Actual!$AB8))) -> 0 | M8: =IF('BD Start'!M8>0,IF(('BD Start'!M8-'DATA-CMD'!L8+TPCIL!O18)>=125,125,IF(('BD Start'!M8-'DATA-CMD'!L8+TPCIL!O18)<0,0,('BD Start'!M8-'DATA-CMD'!L8+TPCIL!O18))),0) -> 0 | N8: =IF('BD Start'!N8=0,0,IF('BD Start'!N8-O8<0,0,'BD Start'!N8-O8)) -> 0 | O8: ='DATA-CMD'!L8+TPCIL!E18+TPCIL!F18+TPCIL!G18+TPCIL!H18 -> 501.69 | P8: ='BD Start'!P8+'BD Start'!Q8-'DATA-CMD'!M8 -> 0
A9: 7 | B9: 01:30-01:45 | C9: =IF('BD Start'!C9=0,0,IF('BD Start'!C9-(-SUM(Actual!$I9:$J9))<0,0,'BD Start'!C9-(-SUM(Actual!$I9:$J9)))) -> 38.4 | D9: =IF('BD Start'!D9=0,0,IF('BD Start'!D9-(-SUM(Actual!$K9:$L9))<0,0,'BD Start'!D9-(-SUM(Actual!$K9:$L9)))) -> 134.94 | E9: =IF('BD Start'!E9=0,0,IF('BD Start'!E9-(-Actual!$M9)<0,0,'BD Start'!E9-(-Actual!$M9))) -> 63.03 | F9: =IF('BD Start'!F9=0,0,IF('BD Start'!F9-(-SUM(Actual!$B9:$G9))<0,0,'BD Start'!F9-(-SUM(Actual!$B9:$G9)))) -> 32.08 | G9: =IF('BD Start'!G9=0,0,IF('BD Start'!G9-(-Actual!$N9)<0,0,'BD Start'!G9-(-Actual!$N9))) -> 281.96 | H9: =IF('BD Start'!H9=0,0,IF('BD Start'!H9-(-Actual!$H9)<0,0,'BD Start'!H9-(-Actual!$H9))) -> 194.74 | I9: =IF('BD Start'!I9=0,0,IF('BD Start'!I9-(-SUM(Actual!$O9:$P9))<0,0,'BD Start'!I9-(-SUM(Actual!$O9:$P9)))) -> 550.05 | J9: =IF('BD Start'!J9=0,0,IF('BD Start'!J9-(-Actual!$AA9)<0,0,'BD Start'!J9-(-Actual!$AA9))) -> 272.48 | K9: =IF('BD Start'!K9=0,0,IF('BD Start'!K9-('DATA-CMD'!D9)<0,0,'BD Start'!K9-('DATA-CMD'!D9))) -> 216.69 | L9: =IF('BD Start'!L9=0,0,IF('BD Start'!L9-(Actual!$AB9)<0,0,'BD Start'!L9-(Actual!$AB9))) -> 0 | M9: =IF('BD Start'!M9>0,IF(('BD Start'!M9-'DATA-CMD'!L9+TPCIL!O19)>=125,125,IF(('BD Start'!M9-'DATA-CMD'!L9+TPCIL!O19)<0,0,('BD Start'!M9-'DATA-CMD'!L9+TPCIL!O19))),0) -> 0 | N9: =IF('BD Start'!N9=0,0,IF('BD Start'!N9-O9<0,0,'BD Start'!N9-O9)) -> 0 | O9: ='DATA-CMD'!L9+TPCIL!E19+TPCIL!F19+TPCIL!G19+TPCIL!H19 -> 501.02 | P9: ='BD Start'!P9+'BD Start'!Q9-'DATA-CMD'!M9 -> 0
A10: 8 | B10: 01:45-02:00 | C10: =IF('BD Start'!C10=0,0,IF('BD Start'!C10-(-SUM(Actual!$I10:$J10))<0,0,'BD Start'!C10-(-SUM(Actual!$I10:$J10)))) -> 37.61 | D10: =IF('BD Start'!D10=0,0,IF('BD Start'!D10-(-SUM(Actual!$K10:$L10))<0,0,'BD Start'!D10-(-SUM(Actual!$K10:$L10)))) -> 133.02 | E10: =IF('BD Start'!E10=0,0,IF('BD Start'!E10-(-Actual!$M10)<0,0,'BD Start'!E10-(-Actual!$M10))) -> 62.51 | F10: =IF('BD Start'!F10=0,0,IF('BD Start'!F10-(-SUM(Actual!$B10:$G10))<0,0,'BD Start'!F10-(-SUM(Actual!$B10:$G10)))) -> 23.76 | G10: =IF('BD Start'!G10=0,0,IF('BD Start'!G10-(-Actual!$N10)<0,0,'BD Start'!G10-(-Actual!$N10))) -> 279.24 | H10: =IF('BD Start'!H10=0,0,IF('BD Start'!H10-(-Actual!$H10)<0,0,'BD Start'!H10-(-Actual!$H10))) -> 196 | I10: =IF('BD Start'!I10=0,0,IF('BD Start'!I10-(-SUM(Actual!$O10:$P10))<0,0,'BD Start'!I10-(-SUM(Actual!$O10:$P10)))) -> 552.66 | J10: =IF('BD Start'!J10=0,0,IF('BD Start'!J10-(-Actual!$AA10)<0,0,'BD Start'!J10-(-Actual!$AA10))) -> 280.47 | K10: =IF('BD Start'!K10=0,0,IF('BD Start'!K10-('DATA-CMD'!D10)<0,0,'BD Start'!K10-('DATA-CMD'!D10))) -> 169.43 | L10: =IF('BD Start'!L10=0,0,IF('BD Start'!L10-(Actual!$AB10)<0,0,'BD Start'!L10-(Actual!$AB10))) -> 0 | M10: =IF('BD Start'!M10>0,IF(('BD Start'!M10-'DATA-CMD'!L10+TPCIL!O20)>=125,125,IF(('BD Start'!M10-'DATA-CMD'!L10+TPCIL!O20)<0,0,('BD Start'!M10-'DATA-CMD'!L10+TPCIL!O20))),0) -> 0 | N10: =IF('BD Start'!N10=0,0,IF('BD Start'!N10-O10<0,0,'BD Start'!N10-O10)) -> 0 | O10: ='DATA-CMD'!L10+TPCIL!E20+TPCIL!F20+TPCIL!G20+TPCIL!H20 -> 502.86 | P10: ='BD Start'!P10+'BD Start'!Q10-'DATA-CMD'!M10 -> 0
A11: 9 | B11: 02:00-02:15 | C11: =IF('BD Start'!C11=0,0,IF('BD Start'!C11-(-SUM(Actual!$I11:$J11))<0,0,'BD Start'!C11-(-SUM(Actual!$I11:$J11)))) -> 35.06 | D11: =IF('BD Start'!D11=0,0,IF('BD Start'!D11-(-SUM(Actual!$K11:$L11))<0,0,'BD Start'!D11-(-SUM(Actual!$K11:$L11)))) -> 133.04 | E11: =IF('BD Start'!E11=0,0,IF('BD Start'!E11-(-Actual!$M11)<0,0,'BD Start'!E11-(-Actual!$M11))) -> 63 | F11: =IF('BD Start'!F11=0,0,IF('BD Start'!F11-(-SUM(Actual!$B11:$G11))<0,0,'BD Start'!F11-(-SUM(Actual!$B11:$G11)))) -> 27.46 | G11: =IF('BD Start'!G11=0,0,IF('BD Start'!G11-(-Actual!$N11)<0,0,'BD Start'!G11-(-Actual!$N11))) -> 279.24 | H11: =IF('BD Start'!H11=0,0,IF('BD Start'!H11-(-Actual!$H11)<0,0,'BD Start'!H11-(-Actual!$H11))) -> 195.86 | I11: =IF('BD Start'!I11=0,0,IF('BD Start'!I11-(-SUM(Actual!$O11:$P11))<0,0,'BD Start'!I11-(-SUM(Actual!$O11:$P11)))) -> 552.41 | J11: =IF('BD Start'!J11=0,0,IF('BD Start'!J11-(-Actual!$AA11)<0,0,'BD Start'!J11-(-Actual!$AA11))) -> 278.68 | K11: =IF('BD Start'!K11=0,0,IF('BD Start'!K11-('DATA-CMD'!D11)<0,0,'BD Start'!K11-('DATA-CMD'!D11))) -> 163.45 | L11: =IF('BD Start'!L11=0,0,IF('BD Start'!L11-(Actual!$AB11)<0,0,'BD Start'!L11-(Actual!$AB11))) -> 0 | M11: =IF('BD Start'!M11>0,IF(('BD Start'!M11-'DATA-CMD'!L11+TPCIL!O21)>=125,125,IF(('BD Start'!M11-'DATA-CMD'!L11+TPCIL!O21)<0,0,('BD Start'!M11-'DATA-CMD'!L11+TPCIL!O21))),0) -> 0 | N11: =IF('BD Start'!N11=0,0,IF('BD Start'!N11-O11<0,0,'BD Start'!N11-O11)) -> 0 | O11: ='DATA-CMD'!L11+TPCIL!E21+TPCIL!F21+TPCIL!G21+TPCIL!H21 -> 503.96 | P11: ='BD Start'!P11+'BD Start'!Q11-'DATA-CMD'!M11 -> 0
A12: 10 | B12: 02:15-02:30 | C12: =IF('BD Start'!C12=0,0,IF('BD Start'!C12-(-SUM(Actual!$I12:$J12))<0,0,'BD Start'!C12-(-SUM(Actual!$I12:$J12)))) -> 39.12 | D12: =IF('BD Start'!D12=0,0,IF('BD Start'!D12-(-SUM(Actual!$K12:$L12))<0,0,'BD Start'!D12-(-SUM(Actual!$K12:$L12)))) -> 129.5 | E12: =IF('BD Start'!E12=0,0,IF('BD Start'!E12-(-Actual!$M12)<0,0,'BD Start'!E12-(-Actual!$M12))) -> 61.37 | F12: =IF('BD Start'!F12=0,0,IF('BD Start'!F12-(-SUM(Actual!$B12:$G12))<0,0,'BD Start'!F12-(-SUM(Actual!$B12:$G12)))) -> 26.09 | G12: =IF('BD Start'!G12=0,0,IF('BD Start'!G12-(-Actual!$N12)<0,0,'BD Start'!G12-(-Actual!$N12))) -> 279.24 | H12: =IF('BD Start'!H12=0,0,IF('BD Start'!H12-(-Actual!$H12)<0,0,'BD Start'!H12-(-Actual!$H12))) -> 193.92 | I12: =IF('BD Start'!I12=0,0,IF('BD Start'!I12-(-SUM(Actual!$O12:$P12))<0,0,'BD Start'!I12-(-SUM(Actual!$O12:$P12)))) -> 554.71 | J12: =IF('BD Start'!J12=0,0,IF('BD Start'!J12-(-Actual!$AA12)<0,0,'BD Start'!J12-(-Actual!$AA12))) -> 279.53 | K12: =IF('BD Start'!K12=0,0,IF('BD Start'!K12-('DATA-CMD'!D12)<0,0,'BD Start'!K12-('DATA-CMD'!D12))) -> 153.22 | L12: =IF('BD Start'!L12=0,0,IF('BD Start'!L12-(Actual!$AB12)<0,0,'BD Start'!L12-(Actual!$AB12))) -> 0 | M12: =IF('BD Start'!M12>0,IF(('BD Start'!M12-'DATA-CMD'!L12+TPCIL!O22)>=125,125,IF(('BD Start'!M12-'DATA-CMD'!L12+TPCIL!O22)<0,0,('BD Start'!M12-'DATA-CMD'!L12+TPCIL!O22))),0) -> 0 | N12: =IF('BD Start'!N12=0,0,IF('BD Start'!N12-O12<0,0,'BD Start'!N12-O12)) -> 0 | O12: ='DATA-CMD'!L12+TPCIL!E22+TPCIL!F22+TPCIL!G22+TPCIL!H22 -> 504.45 | P12: ='BD Start'!P12+'BD Start'!Q12-'DATA-CMD'!M12 -> 0
A13: 11 | B13: 02:30-02:45 | C13: =IF('BD Start'!C13=0,0,IF('BD Start'!C13-(-SUM(Actual!$I13:$J13))<0,0,'BD Start'!C13-(-SUM(Actual!$I13:$J13)))) -> 37.25 | D13: =IF('BD Start'!D13=0,0,IF('BD Start'!D13-(-SUM(Actual!$K13:$L13))<0,0,'BD Start'!D13-(-SUM(Actual!$K13:$L13)))) -> 132.3 | E13: =IF('BD Start'!E13=0,0,IF('BD Start'!E13-(-Actual!$M13)<0,0,'BD Start'!E13-(-Actual!$M13))) -> 61.57 | F13: =IF('BD Start'!F13=0,0,IF('BD Start'!F13-(-SUM(Actual!$B13:$G13))<0,0,'BD Start'!F13-(-SUM(Actual!$B13:$G13)))) -> 22.31 | G13: =IF('BD Start'!G13=0,0,IF('BD Start'!G13-(-Actual!$N13)<0,0,'BD Start'!G13-(-Actual!$N13))) -> 276.8 | H13: =IF('BD Start'!H13=0,0,IF('BD Start'!H13-(-Actual!$H13)<0,0,'BD Start'!H13-(-Actual!$H13))) -> 198.74 | I13: =IF('BD Start'!I13=0,0,IF('BD Start'!I13-(-SUM(Actual!$O13:$P13))<0,0,'BD Start'!I13-(-SUM(Actual!$O13:$P13)))) -> 550.23 | J13: =IF('BD Start'!J13=0,0,IF('BD Start'!J13-(-Actual!$AA13)<0,0,'BD Start'!J13-(-Actual!$AA13))) -> 280.08 | K13: =IF('BD Start'!K13=0,0,IF('BD Start'!K13-('DATA-CMD'!D13)<0,0,'BD Start'!K13-('DATA-CMD'!D13))) -> 155.18 | L13: =IF('BD Start'!L13=0,0,IF('BD Start'!L13-(Actual!$AB13)<0,0,'BD Start'!L13-(Actual!$AB13))) -> 0 | M13: =IF('BD Start'!M13>0,IF(('BD Start'!M13-'DATA-CMD'!L13+TPCIL!O23)>=125,125,IF(('BD Start'!M13-'DATA-CMD'!L13+TPCIL!O23)<0,0,('BD Start'!M13-'DATA-CMD'!L13+TPCIL!O23))),0) -> 0 | N13: =IF('BD Start'!N13=0,0,IF('BD Start'!N13-O13<0,0,'BD Start'!N13-O13)) -> 0 | O13: ='DATA-CMD'!L13+TPCIL!E23+TPCIL!F23+TPCIL!G23+TPCIL!H23 -> 504.42 | P13: ='BD Start'!P13+'BD Start'!Q13-'DATA-CMD'!M13 -> 0
A14: 12 | B14: 02:45-03:00 | C14: =IF('BD Start'!C14=0,0,IF('BD Start'!C14-(-SUM(Actual!$I14:$J14))<0,0,'BD Start'!C14-(-SUM(Actual!$I14:$J14)))) -> 37.77 | D14: =IF('BD Start'!D14=0,0,IF('BD Start'!D14-(-SUM(Actual!$K14:$L14))<0,0,'BD Start'!D14-(-SUM(Actual!$K14:$L14)))) -> 131.16 | E14: =IF('BD Start'!E14=0,0,IF('BD Start'!E14-(-Actual!$M14)<0,0,'BD Start'!E14-(-Actual!$M14))) -> 60.94 | F14: =IF('BD Start'!F14=0,0,IF('BD Start'!F14-(-SUM(Actual!$B14:$G14))<0,0,'BD Start'!F14-(-SUM(Actual!$B14:$G14)))) -> 9.97 | G14: =IF('BD Start'!G14=0,0,IF('BD Start'!G14-(-Actual!$N14)<0,0,'BD Start'!G14-(-Actual!$N14))) -> 279.14 | H14: =IF('BD Start'!H14=0,0,IF('BD Start'!H14-(-Actual!$H14)<0,0,'BD Start'!H14-(-Actual!$H14))) -> 199.48 | I14: =IF('BD Start'!I14=0,0,IF('BD Start'!I14-(-SUM(Actual!$O14:$P14))<0,0,'BD Start'!I14-(-SUM(Actual!$O14:$P14)))) -> 556.55 | J14: =IF('BD Start'!J14=0,0,IF('BD Start'!J14-(-Actual!$AA14)<0,0,'BD Start'!J14-(-Actual!$AA14))) -> 280.34 | K14: =IF('BD Start'!K14=0,0,IF('BD Start'!K14-('DATA-CMD'!D14)<0,0,'BD Start'!K14-('DATA-CMD'!D14))) -> 151.32 | L14: =IF('BD Start'!L14=0,0,IF('BD Start'!L14-(Actual!$AB14)<0,0,'BD Start'!L14-(Actual!$AB14))) -> 0 | M14: =IF('BD Start'!M14>0,IF(('BD Start'!M14-'DATA-CMD'!L14+TPCIL!O24)>=125,125,IF(('BD Start'!M14-'DATA-CMD'!L14+TPCIL!O24)<0,0,('BD Start'!M14-'DATA-CMD'!L14+TPCIL!O24))),0) -> 0 | N14: =IF('BD Start'!N14=0,0,IF('BD Start'!N14-O14<0,0,'BD Start'!N14-O14)) -> 0 | O14: ='DATA-CMD'!L14+TPCIL!E24+TPCIL!F24+TPCIL!G24+TPCIL!H24 -> 504 | P14: ='BD Start'!P14+'BD Start'!Q14-'DATA-CMD'!M14 -> 0
... A98: 96 | B98: 23:45-24:00 | C98: =IF('BD Start'!C98=0,0,IF('BD Start'!C98-(-SUM(Actual!$I98:$J98))<0,0,'BD Start'!C98-(-SUM(Actual!$I98:$J98)))) -> 45.67 | D98: =IF('BD Start'!D98=0,0,IF('BD Start'!D98-(-SUM(Actual!$K98:$L98))<0,0,'BD Start'!D98-(-SUM(Actual!$K98:$L98)))) -> 161.18 | E98: =IF('BD Start'!E98=0,0,IF('BD Start'!E98-(-Actual!$M98)<0,0,'BD Start'!E98-(-Actual!$M98))) -> 59.05 | F98: =IF('BD Start'!F98=0,0,IF('BD Start'!F98-(-SUM(Actual!$B98:$G98))<0,0,'BD Start'!F98-(-SUM(Actual!$B98:$G98)))) -> 109.38 | G98: =IF('BD Start'!G98=0,0,IF('BD Start'!G98-(-Actual!$N98)<0,0,'BD Start'!G98-(-Actual!$N98))) -> 142.6 | H98: =IF('BD Start'!H98=0,0,IF('BD Start'!H98-(-Actual!$H98)<0,0,'BD Start'!H98-(-Actual!$H98))) -> 210 | I98: =IF('BD Start'!I98=0,0,IF('BD Start'!I98-(-SUM(Actual!$O98:$P98))<0,0,'BD Start'!I98-(-SUM(Actual!$O98:$P98)))) -> 485.98 | J98: =IF('BD Start'!J98=0,0,IF('BD Start'!J98-(-Actual!$AA98)<0,0,'BD Start'!J98-(-Actual!$AA98))) -> 289.13 | K98: =IF('BD Start'!K98=0,0,IF('BD Start'!K98-('DATA-CMD'!D98)<0,0,'BD Start'!K98-('DATA-CMD'!D98))) -> 157.06 | L98: =IF('BD Start'!L98=0,0,IF('BD Start'!L98-(Actual!$AB98)<0,0,'BD Start'!L98-(Actual!$AB98))) -> 0 | M98: =IF('BD Start'!M98>0,IF(('BD Start'!M98-'DATA-CMD'!L98+TPCIL!O108)>=125,125,IF(('BD Start'!M98-'DATA-CMD'!L98+TPCIL!O108)<0,0,('BD Start'!M98-'DATA-CMD'!L98+TPCIL!O108))),0) -> 0 | N98: =IF('BD Start'!N98=0,0,IF('BD Start'!N98-O98<0,0,'BD Start'!N98-O98)) -> 0 | O98: ='DATA-CMD'!L98+TPCIL!E108+TPCIL!F108+TPCIL!G108+TPCIL!H108 -> 379 | P98: ='BD Start'!P98+'BD Start'!Q98-'DATA-CMD'!M98 -> 0
B100: Total (MU ) | C100: =SUM(C3:C98)/4000 -> 0.71951 | D100: =SUM(D3:D98)/4000 -> 2.0814225 | E100: =SUM(E3:E98)/4000 -> 0.848355 | F100: =SUM(F3:F98)/4000 -> 0.86766 | G100: =SUM(G3:G98)/4000 -> 2.55301 | H100: =SUM(H3:H98)/4000 -> 2.2079125 | I100: =SUM(I3:I98)/4000 -> 4.4718475 | J100: =SUM(J3:J98)/4000 -> 1.403745 | ... N100: =SUM(N3:N98)/4000 -> 0.0530975
E102: =SUM('BD&LR'!C3:C98)/4000 -> 15.153462
E103: =SUM('BD&LR'!D3:D98)/4000 -> 8.6750676
E104: =SUM(E102:E103) -> 23.82853
B109: Minimum | C109: =MIN(C3:C98) -> 0 | D109: =MIN(D3:D98) -> 0 | E109: =MIN(E3:E98) -> 0 | F109: =MIN(F3:F98) -> 0 | G109: =MIN(G3:G98) -> 0 | H109: =MIN(H3:H98) -> 0 | I109: =MIN(I3:I98) -> 0 | J109: =MIN(J3:J98) -> 0 | ... N109: =MIN(N3:N98) -> 0
B110: Maximum | C110: =MAX(C3:C98) -> 67.86 | D110: =MAX(D3:D98) -> 161.18 | E110: =MAX(E3:E98) -> 65.31 | F110: =MAX(F3:F98) -> 147.21 | G110: =MAX(G3:G98) -> 282.89 | H110: =MAX(H3:H98) -> 223.63 | I110: =MAX(I3:I98) -> 579.53 | J110: =MAX(J3:J98) -> 289.13 | ... N110: =MAX(N3:N98) -> 138.16
C113: =+C100+E100+H100+D100 -> 5.8572 | E113: =J100+L100 -> 1.403745 | K113: =J100+#REF!+L100 -> #REF!
B118: Date | C118: ='IND-GEN'!X3 -> 06/01/2026
B119: Generating Station | C119: BD. Quantum (MU) | D119: RSD BD (MU)
B120: RTPP | C120: =C100+F100+D100+E100 -> 4.5169475 | D120: =(0)*24/1000 -> 0
B121: VTPS | C121: =H100+I100+L100 -> 6.67976 | D121: =('BD Start'!H99)*24/1000 -> 0
B122: Krishnapatnam | C122: =G100+J100 -> 3.956755 | D122: 0
B123: Total (MU) | C123: =SUM(C120:C122) -> 15.153462 | D123: =SUM(D120:D122) -> 0

Sheet BD Start
A2: Block | B2: HOUR | C2: RTPP Stg - I | D2: RTPP Stg - II | E2: RTPP Stg - III | F2: VTS (1-6) | G2: RTPP Stg - IV | H2: VTPS - IV | I2: K'Patnam Stg - I | J2: K'Patnam Stg - II | K2: Hinduja | L2: VTPS - V | M2: SEIL-P2-125 | N2: SEIL-P2-502 | P2: SEIL-125 MW DC | Q2: SEIL-500 MW DC
A3: 1 | B3: 00:00-00:15 | C3: 322 | D3: 370 | E3: 189 | F3: 854 | G3: 590 | H3: 457 | V3: 0 | W3: =N3+V3 -> 0
A4: 2 | B4: 00:15-00:30 | C4: 322 | D4: 370 | E4: 189 | F4: 854 | G4: 590 | H4: 457 | V4: 0 | W4: =N4+V4 -> 0
A5: 3 | B5: 00:30-00:45 | C5: 322 | D5: 370 | E5: 189 | F5: 854 | G5: 590 | H5: 457 | I5: 1390 | J5: 700 | K5: 499.62 | V5: 0 | W5: =N5+V5 -> 0 | Y5: -24.62 | Z5: =K5-Y5 -> 524.24
A6: 4 | B6: 00:45-01:00 | C6: 322 | D6: 370 | E6: 189 | F6: 854 | G6: 590 | H6: 457 | I6: 1390 | J6: 700 | K6: 561.7 | U6: =F6-T6 -> 854 | V6: 0 | W6: =N6+V6 -> 0 | Y6: -86.7 | Z6: =K6-Y6 -> 648.4
A7: 5 | B7: 01:00-01:15 | C7: 322 | D7: 370 | E7: 189 | F7: 854 | G7: 590 | H7: 457 | I7: 1390 | J7: 700 | K7: 602.42 | U7: =F7-T7 -> 854 | V7: 0 | W7: =N7+V7 -> 0 | Y7: -127.42 | Z7: =K7-Y7 -> 729.84
A8: 6 | B8: 01:15-01:30 | C8: 322 | D8: 370 | E8: 189 | F8: 854 | G8: 590 | H8: 457 | I8: 1390 | J8: 700 | K8: 659.64 | U8: =F8-T8 -> 854 | V8: 0 | W8: =N8+V8 -> 0 | Y8: -184.64 | Z8: =K8-Y8 -> 844.28
A9: 7 | B9: 01:30-01:45 | C9: 322 | D9: 370 | E9: 189 | F9: 854 | G9: 590 | H9: 457 | I9: 1390 | J9: 700 | K9: 665.22 | U9: =F9-T9 -> 854 | V9: 0 | W9: =N9+V9 -> 0 | Y9: -190.22 | Z9: =K9-Y9 -> 855.44
A10: 8 | B10: 01:45-02:00 | C10: 322 | D10: 370 | E10: 189 | F10: 854 | G10: 590 | H10: 457 | I10: 1390 | J10: 700 | K10: 665.22 | V10: 0 | W10: =N10+V10 -> 0 | Y10: -234.36 | Z10: =K10-Y10 -> 899.58
A11: 9 | B11: 02:00-02:15 | C11: 322 | D11: 370 | E11: 189 | F11: 854 | G11: 590 | H11: 457 | I11: 1390 | J11: 700 | K11: 700 | V11: 0 | W11: =N11+V11 -> 0 | Y11: -246.05 | Z11: =K11-Y11 -> 946.05
A12: 10 | B12: 02:15-02:30 | C12: 322 | D12: 370 | E12: 189 | F12: 854 | G12: 590 | H12: 457 | I12: 1390 | J12: 700 | K12: 700 | V12: 0 | W12: =N12+V12 -> 0 | Y12: -246.39
A13: 11 | B13: 02:30-02:45 | C13: 322 | D13: 370 | E13: 189 | F13: 854 | G13: 590 | H13: 457 | I13: 1390 | J13: 700 | K13: 700 | V13: 0 | W13: =N13+V13 -> 0 | Y13: -249.05
A14: 12 | B14: 02:45-03:00 | C14: 322 | D14: 370 | E14: 189 | F14: 854 | G14: 590 | H14: 457 | I14: 1390 | J14: 700 | K14: 700 | V14: 0 | W14: =N14+V14 -> 0 | Y14: -257.6
A15: 13 | B15: 03:00-03:15 | C15: 322 | D15: 370 | E15: 189 | F15: 854 | G15: 590 | H15: 457 | I15: 1390 | J15: 700 | K15: 700 | V15: 0 | W15: =N15+V15 -> 0
A16: 14 | B16: 03:15-03:30 | C16: 322 | D16: 370 | E16: 189 | F16: 854 | G16: 590 | H16: 457 | I16: 1390 | J16: 700 | K16: 700 | V16: 0 | W16: =N16+V16 -> 0
A17: 15 | B17: 03:30-03:45 | C17: 322 | D17: 370 | E17: 189 | F17: 854 | G17: 590 | H17: 457 | I17: 1390 | J17: 700 | K17: 700 | V17: 0 | W17: =N17+V17 -> 0
A18: 16 | B18: 03:45-04:00 | C18: 322 | D18: 370 | E18: 189 | F18: 854 | G18: 590 | H18: 457 | I18: 1390 | J18: 700 | K18: 700 | V18: 0 | W18: =N18+V18 -> 0
A19: 17 | B19: 04:00-04:15 | C19: 322 | D19: 370 | E19: 189 | F19: 854 | G19: 590 | H19: 457 | I19: 1390 | J19: 700 | K19: 700 | V19: 0 | W19: =N19+V19 -> 0
A20: 18 | B20: 04:15-04:30 | C20: 322 | D20: 370 | E20: 189 | F20: 854 | G20: 590 | H20: 457 | I20: 1390 | J20: 700 | K20: 700 | V20: 0 | W20: =N20+V20 -> 0
A21: 19 | B21: 04:30-04:45 | C21: 322 | D21: 370 | E21: 189 | F21: 854 | G21: 590 | H21: 457 | I21: 1390 | J21: 700 | K21: 700 | V21: 0 | W21: =N21+V21 -> 0
A22: 20 | B22: 04:45-05:00 | C22: 322 | D22: 370 | E22: 189 | F22: 854 | G22: 590 | H22: 457 | I22: 1390 | J22: 700 | K22: 700 | V22: 0 | W22: =N22+V22 -> 0
A23: 21 | B23: 05:00-05:15 | C23: 322 | D23: 370 | E23: 189 | F23: 854 | G23: 590 | H23: 457 | I23: 1390 | J23: 700 | V23: 0 | W23: =N23+V23 -> 0
A24: 22 | B24: 05:15-05:30 | C24: 322 | D24: 370 | E24: 189 | F24: 854 | G24: 590 | H24: 457 | I24: 1390 | V24: 0 | W24: =N24+V24 -> 0
A25: 23 | B25: 05:30-05:45 | C25: 322 | D25: 370 | E25: 189 | F25: 854 | G25: 590 | V25: 0 | W25: =N25+V25 -> 0
A26: 24 | B26: 05:45-06:00 | C26: 322 | D26: 370 | E26: 189 | F26: 854 | G26: 590 | V26: 0 | W26: =N26+V26 -> 0
A27: 25 | B27: 06:00-06:15 | C27: 322 | D27: 370 | E27: 189 | F27: 854 | G27: 590 | V27: 0 | W27: =N27+V27 -> 0
A28: 26 | B28: 06:15-06:30 | C28: 322 | D28: 370 | E28: 189 | V28: 51 | W28: =N28+V28 -> 51
A29: 27 | B29: 06:30-06:45 | V29: 103 | W29: =N29+V29 -> 103
A30: 28 | B30: 06:45-07:00 | V30: 125 | W30: =N30+V30 -> 125
A31: 29 | B31: 07:00-07:15 | V31: 125 | W31: =N31+V31 -> 125
A32: 30 | B32: 07:15-07:30 | U32: =J32-T32 -> 0 | V32: 125 | W32: =N32+V32 -> 125
A33: 31 | B33: 07:30-07:45 | U33: =J33-T33 -> 0 | V33: 125 | W33: =N33+V33 -> 125
A34: 32 | B34: 07:45-08:00 | U34: =J34-T34 -> 0 | V34: 125 | W34: =N34+V34 -> 125 | AA34: -8.46 | AB34: =+#REF!-AA34 -> #REF!
A35: 33 | B35: 08:00-08:15 | U35: =J35-T35 -> 0 | V35: 125 | W35: =N35+V35 -> 125 | AA35: -56.19 | AB35: =+#REF!-AA35 -> #REF!
A36: 34 | B36: 08:15-08:30 | U36: =J36-T36 -> 0 | V36: 125 | W36: =N36+V36 -> 125 | AA36: -59.49 | AB36: =+#REF!-AA36 -> #REF!
A37: 35 | B37: 08:30-08:45 | U37: =J37-T37 -> 0 | V37: 125 | W37: =N37+V37 -> 125 | AA37: -55.03 | AB37: =+#REF!-AA37 -> #REF!
A38: 36 | B38: 08:45-09:00 | U38: =J38-T38 -> 0 | V38: 125 | W38: =N38+V38 -> 125 | AA38: -65.49 | AB38: =+#REF!-AA38 -> #REF!
A39: 37 | B39: 09:00-09:15 | U39: =J39-T39 -> 0 | V39: 125 | W39: =N39+V39 -> 125 | AA39: -93.33 | AB39: =+#REF!-AA39 -> #REF!
A40: 38 | B40: 09:15-09:30 | U40: =J40-T40 -> 0 | V40: 125 | W40: =N40+V40 -> 125 | AA40: -100.43 | AB40: =+#REF!-AA40 -> #REF!
A41: 39 | B41: 09:30-09:45 | U41: =J41-T41 -> 0 | V41: 125 | W41: =N41+V41 -> 125 | AA41: -96.54 | AB41: =+#REF!-AA41 -> #REF!
A42: 40 | B42: 09:45-10:00 | V42: 125 | W42: =N42+V42 -> 125 | AA42: -110.34 | AB42: =+#REF!-AA42 -> #REF!
A43: 41 | B43: 10:00-10:15 | V43: 125 | W43: =M43+V43 -> 125
A44: 42 | B44: 10:15-10:30 | C44: 330 | D44: 383 | E44: 179 | V44: 125 | W44: =M44+V44 -> 125
A45: 43 | B45: 10:30-10:45 | C45: 330 | D45: 383 | E45: 179 | F45: 960 | G45: 446 | H45: 485 | I45: 1396 | V45: 103 | W45: =M45+V45 -> 103
A46: 44 | B46: 10:45-11:00 | C46: 330 | D46: 383 | E46: 179 | F46: 960 | G46: 446 | H46: 485 | I46: 1396 | V46: 103 | W46: =M46+V46 -> 103
A47: 45 | B47: 11:00-11:15 | C47: 330 | D47: 383 | E47: 179 | F47: 960 | G47: 446 | H47: 485 | I47: 1396 | V47: 103 | W47: =M47+V47 -> 103
A48: 46 | B48: 11:15-11:30 | C48: 330 | D48: 383 | E48: 179 | F48: 960 | G48: 446 | H48: 485 | I48: 1396 | V48: 51 | W48: =M48+V48 -> 51
A49: 47 | B49: 11:30-11:45 | C49: 330 | D49: 383 | E49: 179 | F49: 960 | G49: 446 | H49: 485 | I49: 1396 | V49: 0 | W49: =M49+V49 -> 0
A50: 48 | B50: 11:45-12:00 | C50: 330 | D50: 383 | E50: 179 | F50: 960 | G50: 446 | H50: 485 | V50: 0 | W50: =M50+V50 -> 0
A51: 49 | B51: 12:00-12:15 | C51: 330 | D51: 383 | E51: 179 | F51: 960 | G51: 446 | H51: 485 | V51: 0 | W51: =M51+V51 -> 0
A52: 50 | B52: 12:15-12:30 | C52: 330 | D52: 383 | E52: 179 | F52: 960 | G52: 446 | H52: 485 | V52: 0 | W52: =M52+V52 -> 0
A53: 51 | B53: 12:30-12:45 | C53: 330 | D53: 383 | E53: 179 | F53: 960 | G53: 446 | H53: 485 | I53: 1396 | V53: 0 | W53: =M53+V53 -> 0
A54: 52 | B54: 12:45-13:00 | C54: 330 | D54: 383 | E54: 179 | F54: 960 | G54: 446 | H54: 485 | I54: 1396 | V54: 0 | W54: =M54+V54 -> 0
A55: 53 | B55: 13:00-13:15 | C55: 330 | D55: 383 | E55: 179 | F55: 960 | G55: 446 | H55: 485 | I55: 1396 | V55: 0 | W55: =M55+V55 -> 0
A56: 54 | B56: 13:15-13:30 | C56: 330 | D56: 383 | E56: 179 | F56: 960 | G56: 446 | H56: 485 | I56: 1396 | V56: 0 | W56: =M56+V56 -> 0
A57: 55 | B57: 13:30-13:45 | C57: 330 | D57: 383 | E57: 179 | F57: 960 | G57: 446 | H57: 485 | I57: 1396 | V57: 0 | W57: =M57+V57 -> 0
A58: 56 | B58: 13:45-14:00 | C58: 330 | D58: 383 | E58: 179 | F58: 960 | G58: 446 | H58: 485 | I58: 1396 | V58: 0 | W58: =M58+V58 -> 0
A59: 57 | B59: 14:00-14:15 | C59: 330 | D59: 383 | E59: 179 | F59: 960 | G59: 446 | H59: 485 | V59: 0 | W59: =M59+V59 -> 0
A60: 58 | B60: 14:15-14:30 | C60: 330 | D60: 383 | E60: 179 | F60: 960 | V60: 0 | W60: =M60+V60 -> 0
A61: 59 | B61: 14:30-14:45 | C61: 330 | D61: 383 | E61: 179 | V61: 0 | W61: =M61+V61 -> 0
A62: 60 | B62: 14:45-15:00 | C62: 330 | D62: 383 | E62: 179 | V62: 0 | W62: =M62+V62 -> 0
A63: 61 | B63: 15:00-15:15 | C63: 330 | D63: 383 | E63: 179 | V63: 0 | W63: =M63+V63 -> 0
A64: 62 | B64: 15:15-15:30 | C64: 330 | D64: 383 | E64: 179 | V64: 0 | W64: =M64+V64 -> 0
A65: 63 | B65: 15:30-15:45 | C65: 330 | D65: 383 | E65: 179 | V65: 0 | W65: =M65+V65 -> 0
A66: 64 | B66: 15:45-16:00 | V66: 0 | W66: =M66+V66 -> 0
A67: 65 | B67: 16:00-16:15 | V67: 0 | W67: =M67+V67 -> 0
A68: 66 | B68: 16:15-16:30 | V68: 51 | W68: =N68+V68 -> 51
A69: 67 | B69: 16:30-16:45 | V69: 103 | W69: =N69+V69 -> 103
A70: 68 | B70: 16:45-17:00 | V70: 125 | W70: =N70+V70 -> 125
A71: 69 | B71: 17:00-17:15 | V71: 125 | W71: =N71+V71 -> 125
A72: 70 | B72: 17:15-17:30 | V72: 125 | W72: =N72+V72 -> 125
A73: 71 | B73: 17:30-17:45 | U73: =540-T73 -> 540 | V73: 125 | W73: =N73+V73 -> 125
A74: 72 | B74: 17:45-18:00 | U74: =540-T74 -> 540 | V74: 125 | W74: =N74+V74 -> 125
A75: 73 | B75: 18:00-18:15 | U75: =540-T75 -> 540 | V75: 125 | W75: =N75+V75 -> 125
A76: 74 | B76: 18:15-18:30 | U76: =540-T76 -> 540 | V76: 125 | W76: =N76+V76 -> 125
A77: 75 | B77: 18:30-18:45 | U77: =540-T77 -> 540 | V77: 125 | W77: =N77+V77 -> 125
A78: 76 | B78: 18:45-19:00 | V78: 125 | W78: =N78+V78 -> 125
A79: 77 | B79: 19:00-19:15 | V79: 125 | W79: =N79+V79 -> 125
A80: 78 | B80: 19:15-19:30 | V80: 125 | W80: =N80+V80 -> 125
A81: 79 | B81: 19:30-19:45 | V81: 125 | W81: =N81+V81 -> 125
A82: 80 | B82: 19:45-20:00 | V82: 125 | W82: =N82+V82 -> 125
A83: 81 | B83: 20:00-20:15 | V83: 125 | W83: =N83+V83 -> 125
A84: 82 | B84: 20:15-20:30 | V84: 74 | W84: =N84+V84 -> 74
A85: 83 | B85: 20:30-20:45 | V85: 51 | W85: =N85+V85 -> 51
A86: 84 | B86: 20:45-21:00 | V86: 51 | W86: =N86+V86 -> 51
A87: 85 | B87: 21:00-21:15 | C87: 338 | D87: 390 | E87: 184 | F87: 913 | V87: 51 | W87: =N87+V87 -> 51
A88: 86 | B88: 21:15-21:30 | C88: 338 | D88: 390 | E88: 184 | F88: 913 | V88: 0 | W88: =N88+V88 -> 0
A89: 87 | B89: 21:30-21:45 | C89: 338 | D89: 390 | E89: 184 | F89: 913 | G89: 455 | H89: 468 | I89: 1316 | V89: 0 | W89: =N89+V89 -> 0
A90: 88 | B90: 21:45-22:00 | C90: 338 | D90: 390 | E90: 184 | F90: 913 | G90: 455 | H90: 468 | I90: 1316 | V90: 0 | W90: =N90+V90 -> 0
A91: 89 | B91: 22:00-22:15 | C91: 338 | D91: 390 | E91: 184 | F91: 913 | G91: 455 | H91: 468 | I91: 1316 | V91: 0 | W91: =N91+V91 -> 0
A92: 90 | B92: 22:15-22:30 | C92: 338 | D92: 390 | E92: 184 | F92: 913 | G92: 455 | H92: 468 | I92: 1316 | V92: 0 | W92: =N92+V92 -> 0
A93: 91 | B93: 22:30-22:45 | C93: 338 | D93: 390 | E93: 184 | F93: 913 | G93: 455 | H93: 468 | I93: 1316 | V93: 0 | W93: =N93+V93 -> 0
A94: 92 | B94: 22:45-23:00 | C94: 338 | D94: 390 | E94: 184 | F94: 913 | G94: 455 | H94: 468 | I94: 1316 | J94: 711 | K94: 700 | V94: 0 | W94: =N94+V94 -> 0
A95: 93 | B95: 23:00-23:15 | C95: 338 | D95: 390 | E95: 184 | F95: 913 | G95: 455 | H95: 468 | I95: 1316 | J95: 711 | K95: 700 | N95: 502 | V95: 0 | W95: =N95+V95 -> 502
A96: 94 | B96: 23:15-23:30 | C96: 338 | D96: 390 | E96: 184 | F96: 913 | G96: 455 | H96: 468 | I96: 1316 | J96: 711 | K96: 700 | N96: 502 | V96: 0 | W96: =N96+V96 -> 502
A97: 95 | B97: 23:30-23:45 | C97: 338 | D97: 390 | E97: 184 | F97: 913 | G97: 455 | H97: 468 | I97: 1316 | J97: 711 | K97: 700 | N97: 502 | V97: 0 | W97: =N97+V97 -> 502
A98: 96 | B98: 23:45-24:00 | C98: 338 | D98: 390 | E98: 184 | F98: 913 | G98: 455 | H98: 468 | I98: 1316 | J98: 711 | K98: 700 | V98: 0 | W98: =N98+V98 -> 0
A99: RSD

Sheet CGS BD CAL
O1: OFF BAR Availed power from ISGS
A2: Time Block | B2: Time Desc | C2: TOTAL ENTITLEMENT (SHEET) | D2: TOTAL OFF BAR ENTITLEMENT | E2: TOTAL ENTITILEMENT (ON BAR) | F2: AP AREA ISGS( SIM-I Only) | G2: NET Entitlememnt exclude SIM-I | H2: NET Entitlement (excluded Offbar availed power) | I2: Final Entitlement (Net entl.+ OFF bar availed) | J2: ACTUAL SCHEDULE | K2: ISGS B/D | L2: TPCIL B/D 230.55 MW + 468 MW | M2: TOTAL B/D | O2: KUDGI OFFBAR AVAILED | P2: RGM(1-6) OFFBAR AVAILED | Q2: RGM-7 OFFBAR AVAILED | R2: VALLUR OFFBAR AVAILED | S2: SIM-I OFF BAR AVAILED | T2: SIM-II OFF BAR AVAILED | U2: TALCHER OFF BAR AVAILED | V2: NLC II OFF BAR AVALIED | W2: TSTPP OFF BAR AVAILED | X2: TOTAL OFF BARS AVAILED
A3: 1 | B3: 00:00-00:15 | C3: =Entitlement!BC7 -> 1603.72 | D3: =(Entitlement!L7+Entitlement!Q7+Entitlement!T7+Entitlement!W7+Entitlement!Z7+Entitlement!AC7+Entitlement!AF7+Entitlement!AI7+Entitlement!AL7+Entitlement!AO7+Entitlement!AR7+Entitlement!AU7+Entitlement!AX7+Entitlement!BA7) -> 0 | E3: =C3-D3 -> 1603.72 | F3: =ISGS!Q13 -> 180.14 | G3: =E3-F3 -> 1423.58 | H3: =G3*(1-TPCIL!$L$11)+F3 -> 1531.1174 | I3: =H3+X3 -> 1531.1174 | J3: =ISGS!V13 -> 531.54 | K3: =I3-J3 -> 999.57742 | L3: =(TPCIL!I13-TPCIL!C13)+(TPCIL!P13-TPCIL!D13) -> 0.00195 | M3: =+L3+K3 -> 999.57937 | O3: =IF(ISGS!G13-Entitlement!K7*(1-TPCIL!$L$11)<0,0,ISGS!G13-Entitlement!K7*(1-TPCIL!$L$11)) -> 0 | P3: =IF(ISGS!O13-Entitlement!AH7*(1-TPCIL!$L$11)<0,0,ISGS!O13-Entitlement!AH7*(1-TPCIL!$L$11)) -> 0 | Q3: =IF(ISGS!P13-Entitlement!AK7*(1-TPCIL!$L$11)<0,0,ISGS!P13-Entitlement!AK7*(1-TPCIL!$L$11)) -> 0 | R3: =IF(ISGS!U13-Entitlement!AZ7*(1-TPCIL!$L$11)<0,0,ISGS!U13-Entitlement!AZ7*(1-TPCIL!$L$11)) -> 0 | S3: =IF(ISGS!Q13-Entitlement!AN7<0,0,ISGS!Q13-Entitlement!AN7) -> 0 | T3: =IF(ISGS!R13-Entitlement!AQ7*(1-TPCIL!$L$11)<0,0,ISGS!R13-Entitlement!AQ7*(1-TPCIL!$L$11)) -> 0 | U3: =IF(ISGS!S13-Entitlement!AT7*(1-TPCIL!$L$11)<0,0,ISGS!S13-Entitlement!AT7*(1-TPCIL!$L$11)) -> 0 | V3: =IF(ISGS!K13-Entitlement!V7*(1-TPCIL!$L$11)<0,0,ISGS!K13-Entitlement!V7*(1-TPCIL!$L$11)) -> 0 | X3: =SUM(O3:W3) -> 0
A4: 2 | B4: 00:15-00:30 | C4: =Entitlement!BC8 -> 1599.71 | D4: =(Entitlement!L8+Entitlement!Q8+Entitlement!T8+Entitlement!W8+Entitlement!Z8+Entitlement!AC8+Entitlement!AF8+Entitlement!AI8+Entitlement!AL8+Entitlement!AO8+Entitlement!AR8+Entitlement!AU8+Entitlement!AX8+Entitlement!BA8) -> 0 | E4: =C4-D4 -> 1599.71 | F4: =ISGS!Q14 -> 108.14 | G4: =E4-F4 -> 1491.57 | H4: =G4*(1-TPCIL!$L$11)+F4 -> 1523.6399 | I4: =H4+X4 -> 1523.6399 | J4: =ISGS!V14 -> 424.5 | K4: =I4-J4 -> 1099.1399 | L4: =(TPCIL!I14-TPCIL!C14)+(TPCIL!P14-TPCIL!D14) -> 0.00195 | M4: =+L4+K4 -> 1099.1419 | O4: =IF(ISGS!G14-Entitlement!K8*(1-TPCIL!$L$11)<0,0,ISGS!G14-Entitlement!K8*(1-TPCIL!$L$11)) -> 0 | P4: =IF(ISGS!O14-Entitlement!AH8*(1-TPCIL!$L$11)<0,0,ISGS!O14-Entitlement!AH8*(1-TPCIL!$L$11)) -> 0 | Q4: =IF(ISGS!P14-Entitlement!AK8*(1-TPCIL!$L$11)<0,0,ISGS!P14-Entitlement!AK8*(1-TPCIL!$L$11)) -> 0 | R4: =IF(ISGS!U14-Entitlement!AZ8*(1-TPCIL!$L$11)<0,0,ISGS!U14-Entitlement!AZ8*(1-TPCIL!$L$11)) -> 0 | S4: =IF(ISGS!Q14-Entitlement!AN8<0,0,ISGS!Q14-Entitlement!AN8) -> 0 | T4: =IF(ISGS!R14-Entitlement!AQ8*(1-TPCIL!$L$11)<0,0,ISGS!R14-Entitlement!AQ8*(1-TPCIL!$L$11)) -> 0 | U4: =IF(ISGS!S14-Entitlement!AT8<0,0,ISGS!S14-Entitlement!AT8) -> 0 | V4: =IF(ISGS!K14-Entitlement!V8*(1-TPCIL!$L$11)<0,0,ISGS!K14-Entitlement!V8*(1-TPCIL!$L$11)) -> 0 | X4: =SUM(O4:W4) -> 0
A5: 3 | B5: 00:30-00:45 | C5: =Entitlement!BC9 -> 1599.71 | D5: =(Entitlement!L9+Entitlement!Q9+Entitlement!T9+Entitlement!W9+Entitlement!Z9+Entitlement!AC9+Entitlement!AF9+Entitlement!AI9+Entitlement!AL9+Entitlement!AO9+Entitlement!AR9+Entitlement!AU9+Entitlement!AX9+Entitlement!BA9) -> 0 | E5: =C5-D5 -> 1599.71 | F5: =ISGS!Q15 -> 36.14 | G5: =E5-F5 -> 1563.57 | H5: =G5*(1-TPCIL!$L$11)+F5 -> 1519.9679 | I5: =H5+X5 -> 1519.9679 | J5: =ISGS!V15 -> 352.5 | K5: =I5-J5 -> 1167.4679 | L5: =(TPCIL!I15-TPCIL!C15)+(TPCIL!P15-TPCIL!D15) -> 0.00195 | M5: =+L5+K5 -> 1167.4699 | O5: =IF(ISGS!G15-Entitlement!K9*(1-TPCIL!$L$11)<0,0,ISGS!G15-Entitlement!K9*(1-TPCIL!$L$11)) -> 0 | P5: =IF(ISGS!O15-Entitlement!AH9*(1-TPCIL!$L$11)<0,0,ISGS!O15-Entitlement!AH9*(1-TPCIL!$L$11)) -> 0 | Q5: =IF(ISGS!P15-Entitlement!AK9*(1-TPCIL!$L$11)<0,0,ISGS!P15-Entitlement!AK9*(1-TPCIL!$L$11)) -> 0 | R5: =IF(ISGS!U15-Entitlement!AZ9*(1-TPCIL!$L$11)<0,0,ISGS!U15-Entitlement!AZ9*(1-TPCIL!$L$11)) -> 0 | S5: =IF(ISGS!Q15-Entitlement!AN9<0,0,ISGS!Q15-Entitlement!AN9) -> 0 | T5: =IF(ISGS!R15-Entitlement!AQ9*(1-TPCIL!$L$11)<0,0,ISGS!R15-Entitlement!AQ9*(1-TPCIL!$L$11)) -> 0 | U5: =IF(ISGS!S15-Entitlement!AT9<0,0,ISGS!S15-Entitlement!AT9) -> 0 | V5: =IF(ISGS!K15-Entitlement!V9*(1-TPCIL!$L$11)<0,0,ISGS!K15-Entitlement!V9*(1-TPCIL!$L$11)) -> 0 | X5: =SUM(O5:W5) -> 0
A6: 4 | B6: 00:45-01:00 | C6: =Entitlement!BC10 -> 1599.71 | D6: =(Entitlement!L10+Entitlement!Q10+Entitlement!T10+Entitlement!W10+Entitlement!Z10+Entitlement!AC10+Entitlement!AF10+Entitlement!AI10+Entitlement!AL10+Entitlement!AO10+Entitlement!AR10+Entitlement!AU10+Entitlement!AX10+Entitlement!BA10) -> 0 | E6: =C6-D6 -> 1599.71 | F6: =ISGS!Q16 -> 0 | G6: =E6-F6 -> 1599.71 | H6: =G6*(1-TPCIL!$L$11)+F6 -> 1518.1248 | I6: =H6+X6 -> 1518.1248 | J6: =ISGS!V16 -> 316.36 | K6: =I6-J6 -> 1201.7648 | L6: =(TPCIL!I16-TPCIL!C16)+(TPCIL!P16-TPCIL!D16) -> 0.00195 | M6: =+L6+K6 -> 1201.7667 | O6: =IF(ISGS!G16-Entitlement!K10*(1-TPCIL!$L$11)<0,0,ISGS!G16-Entitlement!K10*(1-TPCIL!$L$11)) -> 0 | P6: =IF(ISGS!O16-Entitlement!AH10*(1-TPCIL!$L$11)<0,0,ISGS!O16-Entitlement!AH10*(1-TPCIL!$L$11)) -> 0 | Q6: =IF(ISGS!P16-Entitlement!AK10*(1-TPCIL!$L$11)<0,0,ISGS!P16-Entitlement!AK10*(1-TPCIL!$L$11)) -> 0 | R6: =IF(ISGS!U16-Entitlement!AZ10*(1-TPCIL!$L$11)<0,0,ISGS!U16-Entitlement!AZ10*(1-TPCIL!$L$11)) -> 0 | S6: =IF(ISGS!Q16-Entitlement!AN10<0,0,ISGS!Q16-Entitlement!AN10) -> 0 | T6: =IF(ISGS!R16-Entitlement!AQ10*(1-TPCIL!$L$11)<0,0,ISGS!R16-Entitlement!AQ10*(1-TPCIL!$L$11)) -> 0 | U6: =IF(ISGS!S16-Entitlement!AT10<0,0,ISGS!S16-Entitlement!AT10) -> 0 | V6: =IF(ISGS!K16-Entitlement!V10*(1-TPCIL!$L$11)<0,0,ISGS!K16-Entitlement!V10*(1-TPCIL!$L$11)) -> 0 | X6: =SUM(O6:W6) -> 0
A7: 5 | B7: 01:00-01:15 | C7: =Entitlement!BC11 -> 1601.27 | D7: =(Entitlement!L11+Entitlement!Q11+Entitlement!T11+Entitlement!W11+Entitlement!Z11+Entitlement!AC11+Entitlement!AF11+Entitlement!AI11+Entitlement!AL11+Entitlement!AO11+Entitlement!AR11+Entitlement!AU11+Entitlement!AX11+Entitlement!BA11) -> 0 | E7: =C7-D7 -> 1601.27 | F7: =ISGS!Q17 -> 0 | G7: =E7-F7 -> 1601.27 | H7: =G7*(1-TPCIL!$L$11)+F7 -> 1519.6052 | I7: =H7+X7 -> 1519.6052 | J7: =ISGS!V17 -> 316.36 | K7: =I7-J7 -> 1203.2452 | L7: =(TPCIL!I17-TPCIL!C17)+(TPCIL!P17-TPCIL!D17) -> 0.00195 | M7: =+L7+K7 -> 1203.2472 | O7: =IF(ISGS!G17-Entitlement!K11*(1-TPCIL!$L$11)<0,0,ISGS!G17-Entitlement!K11*(1-TPCIL!$L$11)) -> 0 | P7: =IF(ISGS!O17-Entitlement!AH11*(1-TPCIL!$L$11)<0,0,ISGS!O17-Entitlement!AH11*(1-TPCIL!$L$11)) -> 0 | Q7: =IF(ISGS!P17-Entitlement!AK11*(1-TPCIL!$L$11)<0,0,ISGS!P17-Entitlement!AK11*(1-TPCIL!$L$11)) -> 0 | R7: =IF(ISGS!U17-Entitlement!AZ11*(1-TPCIL!$L$11)<0,0,ISGS!U17-Entitlement!AZ11*(1-TPCIL!$L$11)) -> 0 | S7: =IF(ISGS!Q17-Entitlement!AN11<0,0,ISGS!Q17-Entitlement!AN11) -> 0 | T7: =IF(ISGS!R17-Entitlement!AQ11*(1-TPCIL!$L$11)<0,0,ISGS!R17-Entitlement!AQ11*(1-TPCIL!$L$11)) -> 0 | U7: =IF(ISGS!S17-Entitlement!AT11<0,0,ISGS!S17-Entitlement!AT11) -> 0 | V7: =IF(ISGS!K17-Entitlement!V11*(1-TPCIL!$L$11)<0,0,ISGS!K17-Entitlement!V11*(1-TPCIL!$L$11)) -> 0 | X7: =SUM(O7:W7) -> 0
A8: 6 | B8: 01:15-01:30 | C8: =Entitlement!BC12 -> 1601.27 | D8: =(Entitlement!L12+Entitlement!Q12+Entitlement!T12+Entitlement!W12+Entitlement!Z12+Entitlement!AC12+Entitlement!AF12+Entitlement!AI12+Entitlement!AL12+Entitlement!AO12+Entitlement!AR12+Entitlement!AU12+Entitlement!AX12+Entitlement!BA12) -> 0 | E8: =C8-D8 -> 1601.27 | F8: =ISGS!Q18 -> 0 | G8: =E8-F8 -> 1601.27 | H8: =G8*(1-TPCIL!$L$11)+F8 -> 1519.6052 | I8: =H8+X8 -> 1519.6052 | J8: =ISGS!V18 -> 316.36 | K8: =I8-J8 -> 1203.2452 | L8: =(TPCIL!I18-TPCIL!C18)+(TPCIL!P18-TPCIL!D18) -> 0.00195 | M8: =+L8+K8 -> 1203.2472 | O8: =IF(ISGS!G18-Entitlement!K12*(1-TPCIL!$L$11)<0,0,ISGS!G18-Entitlement!K12*(1-TPCIL!$L$11)) -> 0 | P8: =IF(ISGS!O18-Entitlement!AH12*(1-TPCIL!$L$11)<0,0,ISGS!O18-Entitlement!AH12*(1-TPCIL!$L$11)) -> 0 | Q8: =IF(ISGS!P18-Entitlement!AK12*(1-TPCIL!$L$11)<0,0,ISGS!P18-Entitlement!AK12*(1-TPCIL!$L$11)) -> 0 | R8: =IF(ISGS!U18-Entitlement!AZ12*(1-TPCIL!$L$11)<0,0,ISGS!U18-Entitlement!AZ12*(1-TPCIL!$L$11)) -> 0 | S8: =IF(ISGS!Q18-Entitlement!AN12<0,0,ISGS!Q18-Entitlement!AN12) -> 0 | T8: =IF(ISGS!R18-Entitlement!AQ12*(1-TPCIL!$L$11)<0,0,ISGS!R18-Entitlement!AQ12*(1-TPCIL!$L$11)) -> 0 | U8: =IF(ISGS!S18-Entitlement!AT12<0,0,ISGS!S18-Entitlement!AT12) -> 0 | V8: =IF(ISGS!K18-Entitlement!V12*(1-TPCIL!$L$11)<0,0,ISGS!K18-Entitlement!V12*(1-TPCIL!$L$11)) -> 0 | X8: =SUM(O8:W8) -> 0
A9: 7 | B9: 01:30-01:45 | C9: =Entitlement!BC13 -> 1601.27 | D9: =(Entitlement!L13+Entitlement!Q13+Entitlement!T13+Entitlement!W13+Entitlement!Z13+Entitlement!AC13+Entitlement!AF13+Entitlement!AI13+Entitlement!AL13+Entitlement!AO13+Entitlement!AR13+Entitlement!AU13+Entitlement!AX13+Entitlement!BA13) -> 0 | E9: =C9-D9 -> 1601.27 | F9: =ISGS!Q19 -> 36 | G9: =E9-F9 -> 1565.27 | H9: =G9*(1-TPCIL!$L$11)+F9 -> 1521.4412 | I9: =H9+X9 -> 1521.4412 | J9: =ISGS!V19 -> 390.75 | K9: =I9-J9 -> 1130.6912 | L9: =(TPCIL!I19-TPCIL!C19)+(TPCIL!P19-TPCIL!D19) -> 0.00195 | M9: =+L9+K9 -> 1130.6932 | O9: =IF(ISGS!G19-Entitlement!K13*(1-TPCIL!$L$11)<0,0,ISGS!G19-Entitlement!K13*(1-TPCIL!$L$11)) -> 0 | P9: =IF(ISGS!O19-Entitlement!AH13*(1-TPCIL!$L$11)<0,0,ISGS!O19-Entitlement!AH13*(1-TPCIL!$L$11)) -> 0 | Q9: =IF(ISGS!P19-Entitlement!AK13*(1-TPCIL!$L$11)<0,0,ISGS!P19-Entitlement!AK13*(1-TPCIL!$L$11)) -> 0 | R9: =IF(ISGS!U19-Entitlement!AZ13*(1-TPCIL!$L$11)<0,0,ISGS!U19-Entitlement!AZ13*(1-TPCIL!$L$11)) -> 0 | S9: =IF(ISGS!Q19-Entitlement!AN13<0,0,ISGS!Q19-Entitlement!AN13) -> 0 | T9: =IF(ISGS!R19-Entitlement!AQ13*(1-TPCIL!$L$11)<0,0,ISGS!R19-Entitlement!AQ13*(1-TPCIL!$L$11)) -> 0 | U9: =IF(ISGS!S19-Entitlement!AT13<0,0,ISGS!S19-Entitlement!AT13) -> 0 | V9: =IF(ISGS!K19-Entitlement!V13*(1-TPCIL!$L$11)<0,0,ISGS!K19-Entitlement!V13*(1-TPCIL!$L$11)) -> 0 | X9: =SUM(O9:W9) -> 0
A10: 8 | B10: 01:45-02:00 | C10: =Entitlement!BC14 -> 1601.27 | D10: =(Entitlement!L14+Entitlement!Q14+Entitlement!T14+Entitlement!W14+Entitlement!Z14+Entitlement!AC14+Entitlement!AF14+Entitlement!AI14+Entitlement!AL14+Entitlement!AO14+Entitlement!AR14+Entitlement!AU14+Entitlement!AX14+Entitlement!BA14) -> 0 | E10: =C10-D10 -> 1601.27 | F10: =ISGS!Q20 -> 108 | G10: =E10-F10 -> 1493.27 | H10: =G10*(1-TPCIL!$L$11)+F10 -> 1525.1132 | I10: =H10+X10 -> 1525.1132 | J10: =ISGS!V20 -> 462.75 | K10: =I10-J10 -> 1062.3632 | L10: =(TPCIL!I20-TPCIL!C20)+(TPCIL!P20-TPCIL!D20) -> 0.00195 | M10: =+L10+K10 -> 1062.3652 | O10: =IF(ISGS!G20-Entitlement!K14*(1-TPCIL!$L$11)<0,0,ISGS!G20-Entitlement!K14*(1-TPCIL!$L$11)) -> 0 | P10: =IF(ISGS!O20-Entitlement!AH14*(1-TPCIL!$L$11)<0,0,ISGS!O20-Entitlement!AH14*(1-TPCIL!$L$11)) -> 0 | Q10: =IF(ISGS!P20-Entitlement!AK14*(1-TPCIL!$L$11)<0,0,ISGS!P20-Entitlement!AK14*(1-TPCIL!$L$11)) -> 0 | R10: =IF(ISGS!U20-Entitlement!AZ14*(1-TPCIL!$L$11)<0,0,ISGS!U20-Entitlement!AZ14*(1-TPCIL!$L$11)) -> 0 | S10: =IF(ISGS!Q20-Entitlement!AN14<0,0,ISGS!Q20-Entitlement!AN14) -> 0 | T10: =IF(ISGS!R20-Entitlement!AQ14*(1-TPCIL!$L$11)<0,0,ISGS!R20-Entitlement!AQ14*(1-TPCIL!$L$11)) -> 0 | U10: =IF(ISGS!S20-Entitlement!AT14<0,0,ISGS!S20-Entitlement!AT14) -> 0 | V10: =IF(ISGS!K20-Entitlement!V14*(1-TPCIL!$L$11)<0,0,ISGS!K20-Entitlement!V14*(1-TPCIL!$L$11)) -> 0 | X10: =SUM(O10:W10) -> 0
A11: 9 | B11: 02:00-02:15 | C11: =Entitlement!BC15 -> 1601.27 | D11: =(Entitlement!L15+Entitlement!Q15+Entitlement!T15+Entitlement!W15+Entitlement!Z15+Entitlement!AC15+Entitlement!AF15+Entitlement!AI15+Entitlement!AL15+Entitlement!AO15+Entitlement!AR15+Entitlement!AU15+Entitlement!AX15+Entitlement!BA15) -> 0 | E11: =C11-D11 -> 1601.27 | F11: =ISGS!Q21 -> 180 | G11: =E11-F11 -> 1421.27 | H11: =G11*(1-TPCIL!$L$11)+F11 -> 1528.7852 | I11: =H11+X11 -> 1528.7852 | J11: =ISGS!V21 -> 534.75 | K11: =I11-J11 -> 994.03523 | L11: =(TPCIL!I21-TPCIL!C21)+(TPCIL!P21-TPCIL!D21) -> 0.00195 | M11: =+L11+K11 -> 994.03718 | O11: =IF(ISGS!G21-Entitlement!K15*(1-TPCIL!$L$11)<0,0,ISGS!G21-Entitlement!K15*(1-TPCIL!$L$11)) -> 0 | P11: =IF(ISGS!O21-Entitlement!AH15*(1-TPCIL!$L$11)<0,0,ISGS!O21-Entitlement!AH15*(1-TPCIL!$L$11)) -> 0 | Q11: =IF(ISGS!P21-Entitlement!AK15*(1-TPCIL!$L$11)<0,0,ISGS!P21-Entitlement!AK15*(1-TPCIL!$L$11)) -> 0 | R11: =IF(ISGS!U21-Entitlement!AZ15*(1-TPCIL!$L$11)<0,0,ISGS!U21-Entitlement!AZ15*(1-TPCIL!$L$11)) -> 0 | S11: =IF(ISGS!Q21-Entitlement!AN15<0,0,ISGS!Q21-Entitlement!AN15) -> 0 | T11: =IF(ISGS!R21-Entitlement!AQ15*(1-TPCIL!$L$11)<0,0,ISGS!R21-Entitlement!AQ15*(1-TPCIL!$L$11)) -> 0 | U11: =IF(ISGS!S21-Entitlement!AT15<0,0,ISGS!S21-Entitlement!AT15) -> 0 | V11: =IF(ISGS!K21-Entitlement!V15*(1-TPCIL!$L$11)<0,0,ISGS!K21-Entitlement!V15*(1-TPCIL!$L$11)) -> 0 | X11: =SUM(O11:W11) -> 0
A12: 10 | B12: 02:15-02:30 | C12: =Entitlement!BC16 -> 1601.27 | D12: =(Entitlement!L16+Entitlement!Q16+Entitlement!T16+Entitlement!W16+Entitlement!Z16+Entitlement!AC16+Entitlement!AF16+Entitlement!AI16+Entitlement!AL16+Entitlement!AO16+Entitlement!AR16+Entitlement!AU16+Entitlement!AX16+Entitlement!BA16) -> 0 | E12: =C12-D12 -> 1601.27 | F12: =ISGS!Q22 -> 216.14 | G12: =E12-F12 -> 1385.13 | H12: =G12*(1-TPCIL!$L$11)+F12 -> 1530.6284 | I12: =H12+X12 -> 1530.6284 | J12: =ISGS!V22 -> 570.89 | K12: =I12-J12 -> 959.73837 | L12: =(TPCIL!I22-TPCIL!C22)+(TPCIL!P22-TPCIL!D22) -> 0.00195 | M12: =+L12+K12 -> 959.74032 | O12: =IF(ISGS!G22-Entitlement!K16*(1-TPCIL!$L$11)<0,0,ISGS!G22-Entitlement!K16*(1-TPCIL!$L$11)) -> 0 | P12: =IF(ISGS!O22-Entitlement!AH16*(1-TPCIL!$L$11)<0,0,ISGS!O22-Entitlement!AH16*(1-TPCIL!$L$11)) -> 0 | Q12: =IF(ISGS!P22-Entitlement!AK16*(1-TPCIL!$L$11)<0,0,ISGS!P22-Entitlement!AK16*(1-TPCIL!$L$11)) -> 0 | R12: =IF(ISGS!U22-Entitlement!AZ16*(1-TPCIL!$L$11)<0,0,ISGS!U22-Entitlement!AZ16*(1-TPCIL!$L$11)) -> 0 | S12: =IF(ISGS!Q22-Entitlement!AN16<0,0,ISGS!Q22-Entitlement!AN16) -> 0 | T12: =IF(ISGS!R22-Entitlement!AQ16*(1-TPCIL!$L$11)<0,0,ISGS!R22-Entitlement!AQ16*(1-TPCIL!$L$11)) -> 0 | U12: =IF(ISGS!S22-Entitlement!AT16<0,0,ISGS!S22-Entitlement!AT16) -> 0 | V12: =IF(ISGS!K22-Entitlement!V16*(1-TPCIL!$L$11)<0,0,ISGS!K22-Entitlement!V16*(1-TPCIL!$L$11)) -> 0 | X12: =SUM(O12:W12) -> 0
A13: 11 | B13: 02:30-02:45 | C13: =Entitlement!BC17 -> 1601.27 | D13: =(Entitlement!L17+Entitlement!Q17+Entitlement!T17+Entitlement!W17+Entitlement!Z17+Entitlement!AC17+Entitlement!AF17+Entitlement!AI17+Entitlement!AL17+Entitlement!AO17+Entitlement!AR17+Entitlement!AU17+Entitlement!AX17+Entitlement!BA17) -> 0 | E13: =C13-D13 -> 1601.27 | F13: =ISGS!Q23 -> 216.14 | G13: =E13-F13 -> 1385.13 | H13: =G13*(1-TPCIL!$L$11)+F13 -> 1530.6284 | I13: =H13+X13 -> 1530.6284 | J13: =ISGS!V23 -> 570.89 | K13: =I13-J13 -> 959.73837 | L13: =(TPCIL!I23-TPCIL!C23)+(TPCIL!P23-TPCIL!D23) -> 0.00195 | M13: =+L13+K13 -> 959.74032 | O13: =IF(ISGS!G23-Entitlement!K17*(1-TPCIL!$L$11)<0,0,ISGS!G23-Entitlement!K17*(1-TPCIL!$L$11)) -> 0 | P13: =IF(ISGS!O23-Entitlement!AH17*(1-TPCIL!$L$11)<0,0,ISGS!O23-Entitlement!AH17*(1-TPCIL!$L$11)) -> 0 | Q13: =IF(ISGS!P23-Entitlement!AK17*(1-TPCIL!$L$11)<0,0,ISGS!P23-Entitlement!AK17*(1-TPCIL!$L$11)) -> 0 | R13: =IF(ISGS!U23-Entitlement!AZ17*(1-TPCIL!$L$11)<0,0,ISGS!U23-Entitlement!AZ17*(1-TPCIL!$L$11)) -> 0 | S13: =IF(ISGS!Q23-Entitlement!AN17<0,0,ISGS!Q23-Entitlement!AN17) -> 0 | T13: =IF(ISGS!R23-Entitlement!AQ17*(1-TPCIL!$L$11)<0,0,ISGS!R23-Entitlement!AQ17*(1-TPCIL!$L$11)) -> 0 | U13: =IF(ISGS!S23-Entitlement!AT17<0,0,ISGS!S23-Entitlement!AT17) -> 0 | V13: =IF(ISGS!K23-Entitlement!V17*(1-TPCIL!$L$11)<0,0,ISGS!K23-Entitlement!V17*(1-TPCIL!$L$11)) -> 0 | X13: =SUM(O13:W13) -> 0
A14: 12 | B14: 02:45-03:00 | C14: =Entitlement!BC18 -> 1601.27 | D14: =(Entitlement!L18+Entitlement!Q18+Entitlement!T18+Entitlement!W18+Entitlement!Z18+Entitlement!AC18+Entitlement!AF18+Entitlement!AI18+Entitlement!AL18+Entitlement!AO18+Entitlement!AR18+Entitlement!AU18+Entitlement!AX18+Entitlement!BA18) -> 0 | E14: =C14-D14 -> 1601.27 | F14: =ISGS!Q24 -> 216.14 | G14: =E14-F14 -> 1385.13 | H14: =G14*(1-TPCIL!$L$11)+F14 -> 1530.6284 | I14: =H14+X14 -> 1530.6284 | J14: =ISGS!V24 -> 570.89 | K14: =I14-J14 -> 959.73837 | L14: =(TPCIL!I24-TPCIL!C24)+(TPCIL!P24-TPCIL!D24) -> 0.00195 | M14: =+L14+K14 -> 959.74032 | O14: =IF(ISGS!G24-Entitlement!K18*(1-TPCIL!$L$11)<0,0,ISGS!G24-Entitlement!K18*(1-TPCIL!$L$11)) -> 0 | P14: =IF(ISGS!O24-Entitlement!AH18*(1-TPCIL!$L$11)<0,0,ISGS!O24-Entitlement!AH18*(1-TPCIL!$L$11)) -> 0 | Q14: =IF(ISGS!P24-Entitlement!AK18*(1-TPCIL!$L$11)<0,0,ISGS!P24-Entitlement!AK18*(1-TPCIL!$L$11)) -> 0 | R14: =IF(ISGS!U24-Entitlement!AZ18*(1-TPCIL!$L$11)<0,0,ISGS!U24-Entitlement!AZ18*(1-TPCIL!$L$11)) -> 0 | S14: =IF(ISGS!Q24-Entitlement!AN18<0,0,ISGS!Q24-Entitlement!AN18) -> 0 | T14: =IF(ISGS!R24-Entitlement!AQ18*(1-TPCIL!$L$11)<0,0,ISGS!R24-Entitlement!AQ18*(1-TPCIL!$L$11)) -> 0 | U14: =IF(ISGS!S24-Entitlement!AT18<0,0,ISGS!S24-Entitlement!AT18) -> 0 | V14: =IF(ISGS!K24-Entitlement!V18*(1-TPCIL!$L$11)<0,0,ISGS!K24-Entitlement!V18*(1-TPCIL!$L$11)) -> 0 | X14: =SUM(O14:W14) -> 0
A15: 13 | B15: 03:00-03:15 | C15: =Entitlement!BC19 -> 1601.27 | D15: =(Entitlement!L19+Entitlement!Q19+Entitlement!T19+Entitlement!W19+Entitlement!Z19+Entitlement!AC19+Entitlement!AF19+Entitlement!AI19+Entitlement!AL19+Entitlement!AO19+Entitlement!AR19+Entitlement!AU19+Entitlement!AX19+Entitlement!BA19) -> 0 | E15: =C15-D15 -> 1601.27 | F15: =ISGS!Q25 -> 216.14 | G15: =E15-F15 -> 1385.13 | H15: =G15*(1-TPCIL!$L$11)+F15 -> 1530.6284 | I15: =H15+X15 -> 1530.6284 | J15: =ISGS!V25 -> 570.89 | K15: =I15-J15 -> 959.73837 | L15: =(TPCIL!I25-TPCIL!C25)+(TPCIL!P25-TPCIL!D25) -> 0.00195 | M15: =+L15+K15 -> 959.74032 | O15: =IF(ISGS!G25-Entitlement!K19*(1-TPCIL!$L$11)<0,0,ISGS!G25-Entitlement!K19*(1-TPCIL!$L$11)) -> 0 | P15: =IF(ISGS!O25-Entitlement!AH19*(1-TPCIL!$L$11)<0,0,ISGS!O25-Entitlement!AH19*(1-TPCIL!$L$11)) -> 0 | Q15: =IF(ISGS!P25-Entitlement!AK19*(1-TPCIL!$L$11)<0,0,ISGS!P25-Entitlement!AK19*(1-TPCIL!$L$11)) -> 0 | R15: =IF(ISGS!U25-Entitlement!AZ19*(1-TPCIL!$L$11)<0,0,ISGS!U25-Entitlement!AZ19*(1-TPCIL!$L$11)) -> 0 | S15: =IF(ISGS!Q25-Entitlement!AN19<0,0,ISGS!Q25-Entitlement!AN19) -> 0 | T15: =IF(ISGS!R25-Entitlement!AQ19*(1-TPCIL!$L$11)<0,0,ISGS!R25-Entitlement!AQ19*(1-TPCIL!$L$11)) -> 0 | U15: =IF(ISGS!S25-Entitlement!AT19<0,0,ISGS!S25-Entitlement!AT19) -> 0 | V15: =IF(ISGS!K25-Entitlement!V19*(1-TPCIL!$L$11)<0,0,ISGS!K25-Entitlement!V19*(1-TPCIL!$L$11)) -> 0 | X15: =SUM(O15:W15) -> 0
... A98: 96 | B98: 23:45-24:00 | C98: =Entitlement!BC102 -> 1623.3 | D98: =(Entitlement!L102+Entitlement!Q102+Entitlement!T102+Entitlement!W102+Entitlement!Z102+Entitlement!AC102+Entitlement!AF102+Entitlement!AI102+Entitlement!AL102+Entitlement!AO102+Entitlement!AR102+Entitlement!AU102+Entitlement!AX102+Entitlement!BA102) -> 0 | E98: =C98-D98 -> 1623.3 | F98: =ISGS!Q108 -> 216.14 | G98: =E98-F98 -> 1407.16 | H98: =G98*(1-TPCIL!$L$11)+F98 -> 1551.5348 | I98: =H98+X98 -> 1551.5348 | J98: =ISGS!V108 -> 687.38 | K98: =I98-J98 -> 864.15484 | L98: =(TPCIL!I108-TPCIL!C108)+(TPCIL!P108-TPCIL!D108) -> 0.00195 | M98: =+L98+K98 -> 864.15679 | O98: =IF(ISGS!G108-Entitlement!K102*(1-TPCIL!$L$11)<0,0,ISGS!G108-Entitlement!K102*(1-TPCIL!$L$11)) -> 0 | P98: =IF(ISGS!O108-Entitlement!AH102*(1-TPCIL!$L$11)<0,0,ISGS!O108-Entitlement!AH102*(1-TPCIL!$L$11)) -> 0 | Q98: =IF(ISGS!P108-Entitlement!AK102*(1-TPCIL!$L$11)<0,0,ISGS!P108-Entitlement!AK102*(1-TPCIL!$L$11)) -> 0 | R98: =IF(ISGS!U108-Entitlement!AZ102*(1-TPCIL!$L$11)<0,0,ISGS!U108-Entitlement!AZ102*(1-TPCIL!$L$11)) -> 0 | S98: =IF(ISGS!Q108-Entitlement!AN102<0,0,ISGS!Q108-Entitlement!AN102) -> 0 | T98: =IF(ISGS!R108-Entitlement!AQ102*(1-TPCIL!$L$11)<0,0,ISGS!R108-Entitlement!AQ102*(1-TPCIL!$L$11)) -> 0 | U98: =IF(ISGS!S108-Entitlement!AT102<0,0,ISGS!S108-Entitlement!AT102) -> 0 | V98: =IF(ISGS!K108-Entitlement!V102*(1-TPCIL!$L$11)<0,0,ISGS!K108-Entitlement!V102*(1-TPCIL!$L$11)) -> 0 | X98: =SUM(O98:W98) -> 0
A99: TOTAL | B99: MU | C99: =AVERAGE(C3:C98)*24/1000 -> 37.646215 | D99: =AVERAGE(D3:D98)*24/1000 -> 0 | E99: =AVERAGE(E3:E98)*24/1000 -> 37.646215 | F99: =AVERAGE(F3:F98)*24/1000 -> 4.86315 | G99: =AVERAGE(G3:G98)*24/1000 -> 32.783065 | H99: =AVERAGE(H3:H98)*24/1000 -> 35.974279 | I99: =AVERAGE(I3:I98)*24/1000 -> 35.974317 | J99: =AVERAGE(J3:J98)*24/1000 -> 27.297125 | ... M99: =AVERAGE(M3:M98)*24/1000 -> 8.6772393 | O99: =AVERAGE(O3:O98)*24/1000 -> 0 | P99: =AVERAGE(P3:P98)*24/1000 -> 0 | Q99: =AVERAGE(Q3:Q98)*24/1000 -> 0 | R99: =AVERAGE(R3:R98)*24/1000 -> 0 | S99: =AVERAGE(S3:S98)*24/1000 -> 0 | T99: =AVERAGE(T3:T98)*24/1000 -> 2.1675e-05 | U99: =AVERAGE(U3:U98)*24/1000 -> 0 | V99: =AVERAGE(V3:V98)*24/1000 -> 1.714e-05 | ... X99: =AVERAGE(X3:X98)*24/1000 -> 3.8815e-05

Sheet Actual
A1: REPORT FOR APGENCO_THERMAL_individual_units FROM 1/6/2026 TO 1/7/2026
A2: Time | B2: VTSO2_AG.XFMR_P.20_G1.MW | C2: VTSO2_AG.XFMR_P.20_G2.MW | D2: VTSO2_AG.XFMR_P.20_G3.MW | E2: VTSO2_AG.XFMR_P.20_G4.MW | F2: VTSO2_AG.XFMR_P.20_G5.MW | G2: VTSO2_AG.XFMR_P.20_G6.MW | H2: VTS44_AG.XFMR_P.40_G1.MW | I2: RTPP2_AG.XFMR_P.20_G1.MW | J2: RTPP2_AG.XFMR_P.20_G2.MW | K2: RTPP2_AG.XFMR_P.20_G3.MW | L2: RTPP2_AG.XFMR_P.20_G4.MW | M2: RTPP2_AG.XFMR_P.20_G5.MW | N2: RTPP4_AG.XFMR_P.40_G1.MW | O2: KPTM4_AG.XFMR_P.40_G1.MW | P2: KPTM4_AG.XFMR_P.40_G2.MW | Q2: JGRP2_AG.STTN.X_BUS_GEN.MW | R2: JGRP2_AG.XFMR_P.20_G1.MW | S2: JGRP2_AG.XFMR_P.20_G2.MW | T2: JGRP2_AG.XFMR_P.20_G3.MW | U2: JGRP2_AG.XFMR_P.20_G4.MW | V2: KPTM4_AG.STTN.X_BUS_GEN.MW | W2: RTPP2_AG.STTN.X_BUS_GEN.MW | X2: RTPP4_AG.STTN.X_BUS_GEN.MW | Y2: VTS44_AG.STTN.X_BUS_GEN.MW | Z2: VTSO2_AG.STTN.X_BUS_GEN.MW | AA2: KPTM4_AG.XFMR_P.40_G3.MW | AB2: VTS54_AG.STTN.X_BUS_GEN.MW
A3: 46028 | B3: -141.48 | C3: -141.05 | D3: -141.74 | E3: -140.21 | F3: -138.66 | G3: -136.7 | H3: -261.26 | I3: -145.1 | J3: -144.55 | K3: -116.52 | L3: -114.91 | M3: -126.7 | N3: -309.45 | O3: -547.33 | P3: -545.08 | Q3: 0.14 | R3: 0.39 | S3: 0 | T3: 0.22 | U3: -0.75 | V3: 1662.86 | W3: 626.71 | X3: 308.12 | Y3: 261.26 | Z3: 808.09 | AA3: -594.28 | AB3: -15.24
A4: 46028.01 | B4: -139.88 | C4: -141.66 | D4: -144.19 | E4: -135.16 | F4: -138.72 | G4: -138.96 | H4: -264.65 | I4: -143.79 | J4: -144.74 | K4: -115.72 | L4: -115.71 | M4: -126.42 | N4: -309.45 | O4: -605.37 | P4: -604.82 | Q4: 0.14 | R4: 0.4 | S4: 0 | T4: 0.22 | U4: -0.75 | V4: 1853.56 | W4: 625.3 | X4: 308.12 | Y4: 264.65 | Z4: 807.13 | AA4: -666.22 | AB4: -13.75
A5: 46028.021 | B5: -139.08 | C5: -141.07 | D5: -145.19 | E5: -124.76 | F5: -138.72 | G5: -137.91 | H5: -263.74 | I5: -144.52 | J5: -145.25 | K5: -116.06 | L5: -115.44 | M5: -125.18 | N5: -312.69 | O5: -603.51 | P5: -614.22 | Q5: 0.21 | R5: 0.32 | S5: 0 | T5: 0.22 | U5: -0.75 | V5: 1880.76 | W5: 625.46 | X5: 311.36 | Y5: 263.74 | Z5: 795.37 | AA5: -684.73 | AB5: -14
A6: 46028.031 | B6: -139.71 | C6: -138.25 | D6: -141.84 | E6: -134.52 | F6: -138.72 | G6: -137.25 | H6: -262.43 | I6: -142.2 | J6: -150.88 | K6: -116 | L6: -116.26 | M6: -125.04 | N6: -307.11 | O6: -552.36 | P6: -500.5 | Q6: 0.25 | R6: 0.28 | S6: 0 | T6: 0.22 | U6: -0.75 | V6: 1658.53 | W6: 629.46 | X6: 305.79 | Y6: 262.44 | Z6: 799.04 | AA6: -628.4 | AB6: -13.88
A7: 46028.042 | B7: -139.62 | C7: -137.42 | D7: -140.45 | E7: -136.53 | F7: -139.01 | G7: -138.78 | H7: -260.35 | I7: -143.1 | J7: -147.33 | K7: -115.64 | L7: -116.25 | M7: -129.52 | N7: -307.73 | O7: -484.31 | P7: -422.86 | Q7: 0.14 | R7: 0.4 | S7: 0 | T7: 0.22 | U7: -0.75 | V7: 1430.24 | W7: 630.94 | X7: 306.4 | Y7: 260.35 | Z7: 799.94 | AA7: -545.84 | AB7: -13.84
A8: 46028.052 | B8: -139.73 | C8: -137.36 | D8: -140.97 | E8: -132.65 | F8: -139.31 | G8: -137.1 | H8: -263.12 | I8: -143.9 | J8: -143.39 | K8: -117.1 | L8: -117.01 | M8: -123.69 | N8: -309.3 | O8: -404.46 | P8: -406.01 | Q8: 0.17 | R8: 0.36 | S8: 0 | T8: 0.22 | U8: -0.75 | V8: 1251.21 | W8: 624.17 | X8: 307.97 | Y8: 263.11 | Z8: 795.87 | AA8: -462.96 | AB8: -15.06
A9: 46028.062 | B9: -137.82 | C9: -137.78 | D9: -138.61 | E9: -132.78 | F9: -138.83 | G9: -136.1 | H9: -262.26 | I9: -144.37 | J9: -139.23 | K9: -115.49 | L9: -119.57 | M9: -125.97 | N9: -308.04 | O9: -430.06 | P9: -409.89 | Q9: 0.18 | R9: 0.36 | S9: 0 | T9: 0.22 | U9: -0.75 | V9: 1243.87 | W9: 623.66 | X9: 306.71 | Y9: 262.26 | Z9: 790.52 | AA9: -427.52 | AB9: -15.91
A10: 46028.073 | B10: -141.69 | C10: -138.02 | D10: -140.07 | E10: -135.67 | F10: -138.88 | G10: -135.91 | H10: -261 | I10: -144.53 | J10: -139.86 | K10: -117.36 | L10: -119.62 | M10: -126.49 | N10: -310.76 | O10: -421.8 | P10: -415.54 | Q10: 0.16 | R10: 0.37 | S10: 0 | T10: 0.22 | U10: -0.75 | V10: 1234.6 | W10: 626.78 | X10: 309.43 | Y10: 261 | Z10: 799.23 | AA10: -419.53 | AB10: -16.29
A11: 46028.083 | B11: -143.77 | C11: -137.96 | D11: -136.54 | E11: -135.01 | F11: -138.96 | G11: -134.3 | H11: -261.14 | I11: -148.14 | J11: -138.8 | K11: -118 | L11: -118.96 | M11: -126 | N11: -310.76 | O11: -421.15 | P11: -416.44 | Q11: 0.12 | R11: 0.41 | S11: 0 | T11: 0.22 | U11: -0.75 | V11: 1236.2 | W11: 628.84 | X11: 309.43 | Y11: 261.14 | Z11: 795.29 | AA11: -421.32 | AB11: -16.31
A12: 46028.094 | B12: -145.23 | C12: -137.13 | D12: -137.47 | E12: -133.64 | F12: -139.14 | G12: -135.3 | H12: -263.08 | I12: -141.73 | J12: -141.15 | K12: -117.67 | L12: -122.83 | M12: -127.63 | N12: -310.76 | O12: -423.18 | P12: -412.11 | Q12: 0.11 | R12: 0.43 | S12: 0 | T12: 0.22 | U12: -0.75 | V12: 1233.01 | W12: 630.03 | X12: 309.43 | Y12: 263.08 | Z12: 796.36 | AA12: -420.47 | AB12: -16.74
A13: 46028.104 | B13: -145.37 | C13: -136.14 | D13: -137.27 | E13: -135.59 | F13: -138.87 | G13: -138.45 | H13: -258.26 | I13: -145.27 | J13: -139.48 | K13: -118.12 | L13: -119.58 | M13: -127.43 | N13: -313.2 | O13: -422.88 | P13: -416.89 | Q13: 0.09 | R13: 0.44 | S13: 0 | T13: 0.22 | U13: -0.75 | V13: 1236.42 | W13: 628.94 | X13: 311.88 | Y13: 258.27 | Z13: 800.88 | AA13: -419.92 | AB13: -16.76
A14: 46028.115 | B14: -148.79 | C14: -139.6 | D14: -138.15 | E14: -137.9 | F14: -139.47 | G14: -140.12 | H14: -257.52 | I14: -144.1 | J14: -140.13 | K14: -118.46 | L14: -120.38 | M14: -128.06 | N14: -310.86 | O14: -420.7 | P14: -412.75 | Q14: 0.09 | R14: 0.44 | S14: 0 | T14: 0.22 | U14: -0.75 | V14: 1229.86 | W14: 630.07 | X14: 309.53 | Y14: 257.52 | Z14: 812.55 | AA14: -419.66 | AB14: -16.35
... A98: 46028.99 | B98: -140.23 | C98: -127.78 | D98: -133.27 | E98: -133.14 | F98: -133.8 | G98: -135.4 | H98: -258 | I98: -137.3 | J98: -155.03 | K98: -114.11 | L98: -114.71 | M98: -124.95 | N98: -312.4 | O98: -418.79 | P98: -411.23 | Q98: 0.23 | R98: 0.31 | S98: 0 | T98: 0.22 | U98: -0.75 | V98: 1227.36 | W98: 626.48 | X98: 310.24 | Y98: 257.57 | Z98: 772.83 | AA98: -421.87 | AB98: -12.48

Sheet Entitlement
A2: Entitlement Report
A4: Time Block | B4: Time Desc | C4: KGSU1AND2 | D4: KGSU1AND2 | E4: KGSU3AND4 | F4: KGSU3AND4 | G4: KKNP | H4: KKNP | I4: KKNPPU2 | J4: KKNPPU2 | K4: KUDGI | L4: KUDGI | M4: KUDGI | N4: MAPS | O4: MAPS | P4: NLCEXP | Q4: NLCEXP | R4: NLCEXP | S4: NLCIIST1 | T4: NLCIIST1 | U4: NLCIIST1 | V4: NLCIIST2 | W4: NLCIIST2 | X4: NLCIIST2 | Y4: NLCTS2EXP | Z4: NLCTS2EXP | AA4: NLCTS2EXP | AB4: NNTPP | AC4: NNTPP | AD4: NNTPP | AE4: NTPL | AF4: NTPL | AG4: NTPL | AH4: RSTPSU1TO6 | AI4: RSTPSU1TO6 | AJ4: RSTPSU1TO6 | AK4: RSTPSU7 | AL4: RSTPSU7 | AM4: RSTPSU7 | AN4: SIMHST1 | AO4: SIMHST1 | AP4: SIMHST1 | AQ4: SIMHST2 | AR4: SIMHST2 | AS4: SIMHST2 | AT4: TALST2 | AU4: TALST2 | AV4: TALST2 | AW4: TelanganaSTPP | AX4: TelanganaSTPP | AY4: TelanganaSTPP | AZ4: VALLURNTECL | BA4: VALLURNTECL | BB4: VALLURNTECL | BC4: GRAND TOTAL
A5: Time Block | B5: Time Desc | C5: APTRANSCO | D5: APTRANSCO | E5: APTRANSCO | F5: APTRANSCO | G5: APTRANSCO | H5: APTRANSCO | I5: APTRANSCO | J5: APTRANSCO | K5: APTRANSCO | L5: APTRANSCO | M5: APTRANSCO | N5: APTRANSCO | O5: APTRANSCO | P5: APTRANSCO | Q5: APTRANSCO | R5: APTRANSCO | S5: APTRANSCO | T5: APTRANSCO | U5: APTRANSCO | V5: APTRANSCO | W5: APTRANSCO | X5: APTRANSCO | Y5: APTRANSCO | Z5: APTRANSCO | AA5: APTRANSCO | AB5: APTRANSCO | AC5: APTRANSCO | AD5: APTRANSCO | AE5: APTRANSCO | AF5: APTRANSCO | AG5: APTRANSCO | AH5: APTRANSCO | AI5: APTRANSCO | AJ5: APTRANSCO | AK5: APTRANSCO | AL5: APTRANSCO | AM5: APTRANSCO | AN5: APTRANSCO | AO5: APTRANSCO | AP5: APTRANSCO | AQ5: APTRANSCO | AR5: APTRANSCO | AS5: APTRANSCO | AT5: APTRANSCO | AU5: APTRANSCO | AV5: APTRANSCO | AW5: APTRANSCO | AX5: APTRANSCO | AY5: APTRANSCO | AZ5: APTRANSCO | BA5: APTRANSCO | BB5: APTRANSCO | BC5: GRAND TOTAL
C6: ENT | D6: TOTAL_ENT | E6: ENT | F6: TOTAL_ENT | G6: ENT | H6: TOTAL_ENT | I6: ENT | J6: TOTAL_ENT | K6: ONBAR_ENT | L6: OFFBAR_ENT | M6: TOTAL_ENT | N6: ENT | O6: TOTAL_ENT | P6: ONBAR_ENT | Q6: OFFBAR_ENT | R6: TOTAL_ENT | S6: ONBAR_ENT | T6: OFFBAR_ENT | U6: TOTAL_ENT | V6: ONBAR_ENT | W6: OFFBAR_ENT | X6: TOTAL_ENT | Y6: ONBAR_ENT | Z6: OFFBAR_ENT | AA6: TOTAL_ENT | AB6: ONBAR_ENT | AC6: OFFBAR_ENT | AD6: TOTAL_ENT | AE6: ONBAR_ENT | AF6: OFFBAR_ENT | AG6: TOTAL_ENT | AH6: ONBAR_ENT | AI6: OFFBAR_ENT | AJ6: TOTAL_ENT | AK6: ONBAR_ENT | AL6: OFFBAR_ENT | AM6: TOTAL_ENT | AN6: ONBAR_ENT | AO6: OFFBAR_ENT | AP6: TOTAL_ENT | AQ6: ONBAR_ENT | AR6: OFFBAR_ENT | AS6: TOTAL_ENT | AT6: ONBAR_ENT | AU6: OFFBAR_ENT | AV6: TOTAL_ENT | AW6: ONBAR_ENT | AX6: OFFBAR_ENT | AY6: TOTAL_ENT | AZ6: ONBAR_ENT | BA6: OFFBAR_ENT | BB6: TOTAL_ENT | BC6: GRAND_TOTAL_ENT
A7: 1 | B7: 00:00-00:15 | C7: 28.61 | D7: 28.61 | E7: 64.82 | F7: 64.82 | G7: 0 | H7: 0 | I7: 0 | J7: 0 | K7: 241.28 | L7: 0 | M7: 241.28 | N7: 7.78 | O7: 7.78 | P7: 2.73 | Q7: 0 | R7: 2.73 | S7: 37.19 | T7: 0 | U7: 37.19 | V7: 33.16 | W7: 0 | X7: 33.16 | Y7: 3.27 | Z7: 0 | AA7: 3.27 | AB7: 17.75 | AC7: 0 | AD7: 17.75 | AE7: 127.57 | AF7: 0 | AG7: 127.57 | AH7: 295.09 | AI7: 0 | AJ7: 295.09 | AK7: 74.61 | AL7: 0 | AM7: 74.61 | AN7: 216.14 | AO7: 0 | AP7: 216.14 | AQ7: 209.05 | AR7: 0 | AS7: 209.05 | AT7: 180.37 | AU7: 0 | AV7: 180.37 | AW7: 35.32 | AX7: 0 | AY7: 35.32 | AZ7: 28.98 | BA7: 0 | BB7: 28.98 | BC7: 1603.72
A8: 2 | B8: 00:15-00:30 | C8: 28.61 | D8: 28.61 | E8: 64.82 | F8: 64.82 | G8: 0 | H8: 0 | I8: 0 | J8: 0 | K8: 241.28 | L8: 0 | M8: 241.28 | N8: 7.78 | O8: 7.78 | P8: 2.73 | Q8: 0 | R8: 2.73 | S8: 37.19 | T8: 0 | U8: 37.19 | V8: 33.16 | W8: 0 | X8: 33.16 | Y8: 3.27 | Z8: 0 | AA8: 3.27 | AB8: 13.74 | AC8: 0 | AD8: 13.74 | AE8: 127.57 | AF8: 0 | AG8: 127.57 | AH8: 295.09 | AI8: 0 | AJ8: 295.09 | AK8: 74.61 | AL8: 0 | AM8: 74.61 | AN8: 216.14 | AO8: 0 | AP8: 216.14 | AQ8: 209.05 | AR8: 0 | AS8: 209.05 | AT8: 180.37 | AU8: 0 | AV8: 180.37 | AW8: 35.32 | AX8: 0 | AY8: 35.32 | AZ8: 28.98 | BA8: 0 | BB8: 28.98 | BC8: 1599.71
A9: 3 | B9: 00:30-00:45 | C9: 28.61 | D9: 28.61 | E9: 64.82 | F9: 64.82 | G9: 0 | H9: 0 | I9: 0 | J9: 0 | K9: 241.28 | L9: 0 | M9: 241.28 | N9: 7.78 | O9: 7.78 | P9: 2.73 | Q9: 0 | R9: 2.73 | S9: 37.19 | T9: 0 | U9: 37.19 | V9: 33.16 | W9: 0 | X9: 33.16 | Y9: 3.27 | Z9: 0 | AA9: 3.27 | AB9: 13.74 | AC9: 0 | AD9: 13.74 | AE9: 127.57 | AF9: 0 | AG9: 127.57 | AH9: 295.09 | AI9: 0 | AJ9: 295.09 | AK9: 74.61 | AL9: 0 | AM9: 74.61 | AN9: 216.14 | AO9: 0 | AP9: 216.14 | AQ9: 209.05 | AR9: 0 | AS9: 209.05 | AT9: 180.37 | AU9: 0 | AV9: 180.37 | AW9: 35.32 | AX9: 0 | AY9: 35.32 | AZ9: 28.98 | BA9: 0 | BB9: 28.98 | BC9: 1599.71
A10: 4 | B10: 00:45-01:00 | C10: 28.61 | D10: 28.61 | E10: 64.82 | F10: 64.82 | G10: 0 | H10: 0 | I10: 0 | J10: 0 | K10: 241.28 | L10: 0 | M10: 241.28 | N10: 7.78 | O10: 7.78 | P10: 2.73 | Q10: 0 | R10: 2.73 | S10: 37.19 | T10: 0 | U10: 37.19 | V10: 33.16 | W10: 0 | X10: 33.16 | Y10: 3.27 | Z10: 0 | AA10: 3.27 | AB10: 13.74 | AC10: 0 | AD10: 13.74 | AE10: 127.57 | AF10: 0 | AG10: 127.57 | AH10: 295.09 | AI10: 0 | AJ10: 295.09 | AK10: 74.61 | AL10: 0 | AM10: 74.61 | AN10: 216.14 | AO10: 0 | AP10: 216.14 | AQ10: 209.05 | AR10: 0 | AS10: 209.05 | AT10: 180.37 | AU10: 0 | AV10: 180.37 | AW10: 35.32 | AX10: 0 | AY10: 35.32 | AZ10: 28.98 | BA10: 0 | BB10: 28.98 | BC10: 1599.71
A11: 5 | B11: 01:00-01:15 | C11: 28.61 | D11: 28.61 | E11: 64.82 | F11: 64.82 | G11: 0 | H11: 0 | I11: 0 | J11: 0 | K11: 241.28 | L11: 0 | M11: 241.28 | N11: 7.78 | O11: 7.78 | P11: 2.73 | Q11: 0 | R11: 2.73 | S11: 37.19 | T11: 0 | U11: 37.19 | V11: 34.72 | W11: 0 | X11: 34.72 | Y11: 3.27 | Z11: 0 | AA11: 3.27 | AB11: 13.74 | AC11: 0 | AD11: 13.74 | AE11: 127.57 | AF11: 0 | AG11: 127.57 | AH11: 295.09 | AI11: 0 | AJ11: 295.09 | AK11: 74.61 | AL11: 0 | AM11: 74.61 | AN11: 216.14 | AO11: 0 | AP11: 216.14 | AQ11: 209.05 | AR11: 0 | AS11: 209.05 | AT11: 180.37 | AU11: 0 | AV11: 180.37 | AW11: 35.32 | AX11: 0 | AY11: 35.32 | AZ11: 28.98 | BA11: 0 | BB11: 28.98 | BC11: 1601.27
A12: 6 | B12: 01:15-01:30 | C12: 28.61 | D12: 28.61 | E12: 64.82 | F12: 64.82 | G12: 0 | H12: 0 | I12: 0 | J12: 0 | K12: 241.28 | L12: 0 | M12: 241.28 | N12: 7.78 | O12: 7.78 | P12: 2.73 | Q12: 0 | R12: 2.73 | S12: 37.19 | T12: 0 | U12: 37.19 | V12: 34.72 | W12: 0 | X12: 34.72 | Y12: 3.27 | Z12: 0 | AA12: 3.27 | AB12: 13.74 | AC12: 0 | AD12: 13.74 | AE12: 127.57 | AF12: 0 | AG12: 127.57 | AH12: 295.09 | AI12: 0 | AJ12: 295.09 | AK12: 74.61 | AL12: 0 | AM12: 74.61 | AN12: 216.14 | AO12: 0 | AP12: 216.14 | AQ12: 209.05 | AR12: 0 | AS12: 209.05 | AT12: 180.37 | AU12: 0 | AV12: 180.37 | AW12: 35.32 | AX12: 0 | AY12: 35.32 | AZ12: 28.98 | BA12: 0 | BB12: 28.98 | BC12: 1601.27
A13: 7 | B13: 01:30-01:45 | C13: 28.61 | D13: 28.61 | E13: 64.82 | F13: 64.82 | G13: 0 | H13: 0 | I13: 0 | J13: 0 | K13: 241.28 | L13: 0 | M13: 241.28 | N13: 7.78 | O13: 7.78 | P13: 2.73 | Q13: 0 | R13: 2.73 | S13: 37.19 | T13: 0 | U13: 37.19 | V13: 34.72 | W13: 0 | X13: 34.72 | Y13: 3.27 | Z13: 0 | AA13: 3.27 | AB13: 13.74 | AC13: 0 | AD13: 13.74 | AE13: 127.57 | AF13: 0 | AG13: 127.57 | AH13: 295.09 | AI13: 0 | AJ13: 295.09 | AK13: 74.61 | AL13: 0 | AM13: 74.61 | AN13: 216.14 | AO13: 0 | AP13: 216.14 | AQ13: 209.05 | AR13: 0 | AS13: 209.05 | AT13: 180.37 | AU13: 0 | AV13: 180.37 | AW13: 35.32 | AX13: 0 | AY13: 35.32 | AZ13: 28.98 | BA13: 0 | BB13: 28.98 | BC13: 1601.27
A14: 8 | B14: 01:45-02:00 | C14: 28.61 | D14: 28.61 | E14: 64.82 | F14: 64.82 | G14: 0 | H14: 0 | I14: 0 | J14: 0 | K14: 241.28 | L14: 0 | M14: 241.28 | N14: 7.78 | O14: 7.78 | P14: 2.73 | Q14: 0 | R14: 2.73 | S14: 37.19 | T14: 0 | U14: 37.19 | V14: 34.72 | W14: 0 | X14: 34.72 | Y14: 3.27 | Z14: 0 | AA14: 3.27 | AB14: 13.74 | AC14: 0 | AD14: 13.74 | AE14: 127.57 | AF14: 0 | AG14: 127.57 | AH14: 295.09 | AI14: 0 | AJ14: 295.09 | AK14: 74.61 | AL14: 0 | AM14: 74.61 | AN14: 216.14 | AO14: 0 | AP14: 216.14 | AQ14: 209.05 | AR14: 0 | AS14: 209.05 | AT14: 180.37 | AU14: 0 | AV14: 180.37 | AW14: 35.32 | AX14: 0 | AY14: 35.32 | AZ14: 28.98 | BA14: 0 | BB14: 28.98 | BC14: 1601.27
A15: 9 | B15: 02:00-02:15 | C15: 28.61 | D15: 28.61 | E15: 64.82 | F15: 64.82 | G15: 0 | H15: 0 | I15: 0 | J15: 0 | K15: 241.28 | L15: 0 | M15: 241.28 | N15: 7.78 | O15: 7.78 | P15: 2.73 | Q15: 0 | R15: 2.73 | S15: 37.19 | T15: 0 | U15: 37.19 | V15: 34.72 | W15: 0 | X15: 34.72 | Y15: 3.27 | Z15: 0 | AA15: 3.27 | AB15: 13.74 | AC15: 0 | AD15: 13.74 | AE15: 127.57 | AF15: 0 | AG15: 127.57 | AH15: 295.09 | AI15: 0 | AJ15: 295.09 | AK15: 74.61 | AL15: 0 | AM15: 74.61 | AN15: 216.14 | AO15: 0 | AP15: 216.14 | AQ15: 209.05 | AR15: 0 | AS15: 209.05 | AT15: 180.37 | AU15: 0 | AV15: 180.37 | AW15: 35.32 | AX15: 0 | AY15: 35.32 | AZ15: 28.98 | BA15: 0 | BB15: 28.98 | BC15: 1601.27
A16: 10 | B16: 02:15-02:30 | C16: 28.61 | D16: 28.61 | E16: 64.82 | F16: 64.82 | G16: 0 | H16: 0 | I16: 0 | J16: 0 | K16: 241.28 | L16: 0 | M16: 241.28 | N16: 7.78 | O16: 7.78 | P16: 2.73 | Q16: 0 | R16: 2.73 | S16: 37.19 | T16: 0 | U16: 37.19 | V16: 34.72 | W16: 0 | X16: 34.72 | Y16: 3.27 | Z16: 0 | AA16: 3.27 | AB16: 13.74 | AC16: 0 | AD16: 13.74 | AE16: 127.57 | AF16: 0 | AG16: 127.57 | AH16: 295.09 | AI16: 0 | AJ16: 295.09 | AK16: 74.61 | AL16: 0 | AM16: 74.61 | AN16: 216.14 | AO16: 0 | AP16: 216.14 | AQ16: 209.05 | AR16: 0 | AS16: 209.05 | AT16: 180.37 | AU16: 0 | AV16: 180.37 | AW16: 35.32 | AX16: 0 | AY16: 35.32 | AZ16: 28.98 | BA16: 0 | BB16: 28.98 | BC16: 1601.27
A17: 11 | B17: 02:30-02:45 | C17: 28.61 | D17: 28.61 | E17: 64.82 | F17: 64.82 | G17: 0 | H17: 0 | I17: 0 | J17: 0 | K17: 241.28 | L17: 0 | M17: 241.28 | N17: 7.78 | O17: 7.78 | P17: 2.73 | Q17: 0 | R17: 2.73 | S17: 37.19 | T17: 0 | U17: 37.19 | V17: 34.72 | W17: 0 | X17: 34.72 | Y17: 3.27 | Z17: 0 | AA17: 3.27 | AB17: 13.74 | AC17: 0 | AD17: 13.74 | AE17: 127.57 | AF17: 0 | AG17: 127.57 | AH17: 295.09 | AI17: 0 | AJ17: 295.09 | AK17: 74.61 | AL17: 0 | AM17: 74.61 | AN17: 216.14 | AO17: 0 | AP17: 216.14 | AQ17: 209.05 | AR17: 0 | AS17: 209.05 | AT17: 180.37 | AU17: 0 | AV17: 180.37 | AW17: 35.32 | AX17: 0 | AY17: 35.32 | AZ17: 28.98 | BA17: 0 | BB17: 28.98 | BC17: 1601.27
A18: 12 | B18: 02:45-03:00 | C18: 28.61 | D18: 28.61 | E18: 64.82 | F18: 64.82 | G18: 0 | H18: 0 | I18: 0 | J18: 0 | K18: 241.28 | L18: 0 | M18: 241.28 | N18: 7.78 | O18: 7.78 | P18: 2.73 | Q18: 0 | R18: 2.73 | S18: 37.19 | T18: 0 | U18: 37.19 | V18: 34.72 | W18: 0 | X18: 34.72 | Y18: 3.27 | Z18: 0 | AA18: 3.27 | AB18: 13.74 | AC18: 0 | AD18: 13.74 | AE18: 127.57 | AF18: 0 | AG18: 127.57 | AH18: 295.09 | AI18: 0 | AJ18: 295.09 | AK18: 74.61 | AL18: 0 | AM18: 74.61 | AN18: 216.14 | AO18: 0 | AP18: 216.14 | AQ18: 209.05 | AR18: 0 | AS18: 209.05 | AT18: 180.37 | AU18: 0 | AV18: 180.37 | AW18: 35.32 | AX18: 0 | AY18: 35.32 | AZ18: 28.98 | BA18: 0 | BB18: 28.98 | BC18: 1601.27
... A102: 96 | B102: 23:45-24:00 | C102: 28.61 | D102: 28.61 | E102: 64.82 | F102: 64.82 | G102: 0 | H102: 0 | I102: 0 | J102: 0 | K102: 241.28 | L102: 0 | M102: 241.28 | N102: 7.78 | O102: 7.78 | P102: 3.49 | Q102: 0 | R102: 3.49 | S102: 37.38 | T102: 0 | U102: 37.38 | V102: 32.32 | W102: 0 | X102: 32.32 | Y102: 3.27 | Z102: 0 | AA102: 3.27 | AB102: 37.22 | AC102: 0 | AD102: 37.22 | AE102: 127.57 | AF102: 0 | AG102: 127.57 | AH102: 295.09 | AI102: 0 | AJ102: 295.09 | AK102: 74.61 | AL102: 0 | AM102: 74.61 | AN102: 216.14 | AO102: 0 | AP102: 216.14 | AQ102: 209.05 | AR102: 0 | AS102: 209.05 | AT102: 180.37 | AU102: 0 | AV102: 180.37 | AW102: 35.32 | AX102: 0 | AY102: 35.32 | AZ102: 28.98 | BA102: 0 | BB102: 28.98 | BC102: 1623.3
B103: Average | C103: 28.61 | D103: 28.61 | E103: 64.82 | F103: 64.82 | G103: 0 | H103: 0 | I103: 0 | J103: 0 | K103: 241.28 | L103: 0 | M103: 241.28 | N103: 7.78 | O103: 7.78 | P103: 3.129375 | Q103: 0 | R103: 3.13 | S103: 37.750208 | T103: 0 | U103: 37.75 | V103: 33.130417 | W103: 0 | X103: 33.13 | Y103: 3.3333333 | Z103: 0 | AA103: 3.33 | AB103: 17.891458 | AC103: 0 | AD103: 17.89 | AE103: 127.57 | AF103: 0 | AG103: 127.57 | AH103: 295.09 | AI103: 0 | AJ103: 295.09 | AK103: 74.61 | AL103: 0 | AM103: 74.61 | AN103: 216.14 | AO103: 0 | AP103: 216.14 | AQ103: 172.7875 | AR103: 0 | AS103: 172.79 | AT103: 180.37 | AU103: 0 | AV103: 180.37 | AW103: 35.32 | AX103: 0 | AY103: 35.32 | AZ103: 28.98 | BA103: 0 | BB103: 28.98 | BC103: 1568.5923
B104: Minimum | C104: 28.61 | D104: 28.61 | E104: 64.82 | F104: 64.82 | G104: 0 | H104: 0 | I104: 0 | J104: 0 | K104: 241.28 | L104: 0 | M104: 241.28 | N104: 7.78 | O104: 7.78 | P104: 2.73 | Q104: 0 | R104: 2.73 | S104: 37.19 | T104: 0 | U104: 37.19 | V104: 30.17 | W104: 0 | X104: 30.17 | Y104: 3.27 | Z104: 0 | AA104: 3.27 | AB104: 13.74 | AC104: 0 | AD104: 13.74 | AE104: 127.57 | AF104: 0 | AG104: 127.57 | AH104: 295.09 | AI104: 0 | AJ104: 295.09 | AK104: 74.61 | AL104: 0 | AM104: 74.61 | AN104: 216.14 | AO104: 0 | AP104: 216.14 | AQ104: 104.53 | AR104: 0 | AS104: 104.53 | AT104: 180.37 | AU104: 0 | AV104: 180.37 | AW104: 35.32 | AX104: 0 | AY104: 35.32 | AZ104: 28.98 | BA104: 0 | BB104: 28.98 | BC104: 1492.2
B105: Maximum | C105: 28.61 | D105: 28.61 | E105: 64.82 | F105: 64.82 | G105: 0 | H105: 0 | I105: 0 | J105: 0 | K105: 241.28 | L105: 0 | M105: 241.28 | N105: 7.78 | O105: 7.78 | P105: 3.49 | Q105: 0 | R105: 3.49 | S105: 39.96 | T105: 0 | U105: 39.96 | V105: 34.96 | W105: 0 | X105: 34.96 | Y105: 3.43 | Z105: 0 | AA105: 3.43 | AB105: 37.22 | AC105: 0 | AD105: 37.22 | AE105: 127.57 | AF105: 0 | AG105: 127.57 | AH105: 295.09 | AI105: 0 | AJ105: 295.09 | AK105: 74.61 | AL105: 0 | AM105: 74.61 | AN105: 216.14 | AO105: 0 | AP105: 216.14 | AQ105: 209.05 | AR105: 0 | AS105: 209.05 | AT105: 180.37 | AU105: 0 | AV105: 180.37 | AW105: 35.32 | AX105: 0 | AY105: 35.32 | AZ105: 28.98 | BA105: 0 | BB105: 28.98 | BC105: 1628.68
B106: MWHR | C106: 686.64 | D106: 686.64 | E106: 1555.68 | F106: 1555.68 | G106: 0 | H106: 0 | I106: 0 | J106: 0 | K106: 5790.72 | L106: 0 | M106: 5790.72 | N106: 186.72 | O106: 186.72 | P106: 75.105 | Q106: 0 | R106: 75.1 | S106: 906.005 | T106: 0 | U106: 906 | V106: 795.13 | W106: 0 | X106: 795.13 | Y106: 80 | Z106: 0 | AA106: 80 | AB106: 429.395 | AC106: 0 | AD106: 429.4 | AE106: 3061.68 | AF106: 0 | AG106: 3061.68 | AH106: 7082.16 | AI106: 0 | AJ106: 7082.16 | AK106: 1790.64 | AL106: 0 | AM106: 1790.64 | AN106: 5187.36 | AO106: 0 | AP106: 5187.36 | AQ106: 4146.9 | AR106: 0 | AS106: 4146.9 | AT106: 4328.88 | AU106: 0 | AV106: 4328.88 | AW106: 847.68 | AX106: 0 | AY106: 847.68 | AZ106: 695.52 | BA106: 0 | BB106: 695.52 | BC106: 37646.215
A109: © 2026 - Centralized Scheduling Platform

Sheet ISGS
A2: Schedule Breakup Report
A4: Trader
A5: From State
A6: From Utility | C6: KGSU1AND2 | D6: KGSU3AND4 | E6: KKNP | F6: KKNPPU2 | G6: KUDGI | H6: MAPS | I6: NLCEXP | J6: NLCIIST1 | K6: NLCIIST2 | L6: NLCTS2EXP | M6: NNTPP | N6: NTPL | O6: RSTPSU1TO6 | P6: RSTPSU7 | Q6: SIMHST1 | R6: SIMHST2 | S6: TALST2 | T6: TelanganaSTPP | U6: VALLURNTECL
A7: To State | C7: ANDHRA_PRADESH_STATE | D7: ANDHRA_PRADESH_STATE | E7: ANDHRA_PRADESH_STATE | F7: ANDHRA_PRADESH_STATE | G7: ANDHRA_PRADESH_STATE | H7: ANDHRA_PRADESH_STATE | I7: ANDHRA_PRADESH_STATE | J7: ANDHRA_PRADESH_STATE | K7: ANDHRA_PRADESH_STATE | L7: ANDHRA_PRADESH_STATE | M7: ANDHRA_PRADESH_STATE | N7: ANDHRA_PRADESH_STATE | O7: ANDHRA_PRADESH_STATE | P7: ANDHRA_PRADESH_STATE | Q7: ANDHRA_PRADESH_STATE | R7: ANDHRA_PRADESH_STATE | S7: ANDHRA_PRADESH_STATE | T7: ANDHRA_PRADESH_STATE | U7: ANDHRA_PRADESH_STATE
A8: To Utility | C8: APTRANSCO | D8: APTRANSCO | E8: APTRANSCO | F8: APTRANSCO | G8: APTRANSCO | H8: APTRANSCO | I8: APTRANSCO | J8: APTRANSCO | K8: APTRANSCO | L8: APTRANSCO | M8: APTRANSCO | N8: APTRANSCO | O8: APTRANSCO | P8: APTRANSCO | Q8: APTRANSCO | R8: APTRANSCO | S8: APTRANSCO | T8: APTRANSCO | U8: APTRANSCO
A9: IR Link | C9: South-South | D9: South-South | E9: South-South | F9: South-South | G9: South-South | H9: South-South | I9: South-South | J9: South-South | K9: South-South | L9: South-South | M9: South-South | N9: South-South | O9: South-South | P9: South-South | Q9: South-South | R9: South-South | S9: South-South | T9: South-South | U9: South-South
A10: Appr No.
A11: Sub Type | C11: NA | D11: NA | E11: NA | F11: NA | G11: NA | H11: NA | I11: NA | J11: NA | K11: NA | L11: NA | M11: NA | N11: NA | O11: NA | P11: NA | Q11: NA | R11: NA | S11: NA | T11: NA | U11: NA
A12: Time Block | B12: Time Desc | V12: Total
A13: 1 | B13: 00:00-00:15 | C13: 27.15 | D13: 61.51 | E13: 0 | F13: 0 | G13: 0 | H13: 7.38 | I13: 2.59 | J13: 0 | K13: 0 | L13: 0 | M13: 13.04 | N13: 0 | O13: 0 | P13: 35.04 | Q13: 180.14 | R13: 0 | S13: 171.17 | T13: 33.52 | U13: 0 | V13: 531.54
A14: 2 | B14: 00:15-00:30 | C14: 27.15 | D14: 61.51 | E14: 0 | F14: 0 | G14: 0 | H14: 7.38 | I14: 2.59 | J14: 0 | K14: 0 | L14: 0 | M14: 13.04 | N14: 0 | O14: 0 | P14: 0 | Q14: 108.14 | R14: 0 | S14: 171.17 | T14: 33.52 | U14: 0 | V14: 424.5
A15: 3 | B15: 00:30-00:45 | C15: 27.15 | D15: 61.51 | E15: 0 | F15: 0 | G15: 0 | H15: 7.38 | I15: 2.59 | J15: 0 | K15: 0 | L15: 0 | M15: 13.04 | N15: 0 | O15: 0 | P15: 0 | Q15: 36.14 | R15: 0 | S15: 171.17 | T15: 33.52 | U15: 0 | V15: 352.5
A16: 4 | B16: 00:45-01:00 | C16: 27.15 | D16: 61.51 | E16: 0 | F16: 0 | G16: 0 | H16: 7.38 | I16: 2.59 | J16: 0 | K16: 0 | L16: 0 | M16: 13.04 | N16: 0 | O16: 0 | P16: 0 | Q16: 0 | R16: 0 | S16: 171.17 | T16: 33.52 | U16: 0 | V16: 316.36
A17: 5 | B17: 01:00-01:15 | C17: 27.15 | D17: 61.51 | E17: 0 | F17: 0 | G17: 0 | H17: 7.38 | I17: 2.59 | J17: 0 | K17: 0 | L17: 0 | M17: 13.04 | N17: 0 | O17: 0 | P17: 0 | Q17: 0 | R17: 0 | S17: 171.17 | T17: 33.52 | U17: 0 | V17: 316.36
A18: 6 | B18: 01:15-01:30 | C18: 27.15 | D18: 61.51 | E18: 0 | F18: 0 | G18: 0 | H18: 7.38 | I18: 2.59 | J18: 0 | K18: 0 | L18: 0 | M18: 13.04 | N18: 0 | O18: 0 | P18: 0 | Q18: 0 | R18: 0 | S18: 171.17 | T18: 33.52 | U18: 0 | V18: 316.36
A19: 7 | B19: 01:30-01:45 | C19: 27.15 | D19: 61.51 | E19: 0 | F19: 0 | G19: 0 | H19: 7.38 | I19: 2.59 | J19: 35.29 | K19: 0 | L19: 3.1 | M19: 13.04 | N19: 0 | O19: 0 | P19: 0 | Q19: 36 | R19: 0 | S19: 171.17 | T19: 33.52 | U19: 0 | V19: 390.75
A20: 8 | B20: 01:45-02:00 | C20: 27.15 | D20: 61.51 | E20: 0 | F20: 0 | G20: 0 | H20: 7.38 | I20: 2.59 | J20: 35.29 | K20: 0 | L20: 3.1 | M20: 13.04 | N20: 0 | O20: 0 | P20: 0 | Q20: 108 | R20: 0 | S20: 171.17 | T20: 33.52 | U20: 0 | V20: 462.75
A21: 9 | B21: 02:00-02:15 | C21: 27.15 | D21: 61.51 | E21: 0 | F21: 0 | G21: 0 | H21: 7.38 | I21: 2.59 | J21: 35.29 | K21: 0 | L21: 3.1 | M21: 13.04 | N21: 0 | O21: 0 | P21: 0 | Q21: 180 | R21: 0 | S21: 171.17 | T21: 33.52 | U21: 0 | V21: 534.75
A22: 10 | B22: 02:15-02:30 | C22: 27.15 | D22: 61.51 | E22: 0 | F22: 0 | G22: 0 | H22: 7.38 | I22: 2.59 | J22: 35.29 | K22: 0 | L22: 3.1 | M22: 13.04 | N22: 0 | O22: 0 | P22: 0 | Q22: 216.14 | R22: 0 | S22: 171.17 | T22: 33.52 | U22: 0 | V22: 570.89
A23: 11 | B23: 02:30-02:45 | C23: 27.15 | D23: 61.51 | E23: 0 | F23: 0 | G23: 0 | H23: 7.38 | I23: 2.59 | J23: 35.29 | K23: 0 | L23: 3.1 | M23: 13.04 | N23: 0 | O23: 0 | P23: 0 | Q23: 216.14 | R23: 0 | S23: 171.17 | T23: 33.52 | U23: 0 | V23: 570.89
A24: 12 | B24: 02:45-03:00 | C24: 27.15 | D24: 61.51 | E24: 0 | F24: 0 | G24: 0 | H24: 7.38 | I24: 2.59 | J24: 35.29 | K24: 0 | L24: 3.1 | M24: 13.04 | N24: 0 | O24: 0 | P24: 0 | Q24: 216.14 | R24: 0 | S24: 171.17 | T24: 33.52 | U24: 0 | V24: 570.89
... A108: 96 | B108: 23:45-24:00 | C108: 27.15 | D108: 61.51 | E108: 0 | F108: 0 | G108: 0 | H108: 7.38 | I108: 3.31 | J108: 0 | K108: 0 | L108: 0 | M108: 35.32 | N108: 0 | O108: 0 | P108: 0 | Q108: 216.14 | R108: 131.88 | S108: 171.17 | T108: 33.52 | U108: 0 | V108: 687.38
B109: Average | C109: 27.15 | D109: 61.51 | E109: 0 | F109: 0 | G109: 91.86 | H109: 7.38 | I109: 2.96 | J109: 32.87 | K109: 25.31 | L109: 2.9 | M109: 16.87 | N109: 51 | O109: 213.88 | P109: 56.03 | Q109: 202.63 | R109: 123.23 | S109: 171.17 | T109: 33.52 | U109: 17.1 | V109: 1137.38
B110: Maximum | C110: 27.15 | D110: 61.51 | E110: 0 | F110: 0 | G110: 228.97 | H110: 7.38 | I110: 3.31 | J110: 37.92 | K110: 33.18 | L110: 3.26 | M110: 35.32 | N110: 121.06 | O110: 280.04 | P110: 70.8 | Q110: 216.14 | R110: 198.39 | S110: 171.17 | T110: 33.52 | U110: 27.5 | V110: 1534.34
B111: Minimum | C111: 27.15 | D111: 61.51 | E111: 0 | F111: 0 | G111: 0 | H111: 7.38 | I111: 2.59 | J111: 0 | K111: 0 | L111: 0 | M111: 13.04 | N111: 0 | O111: 0 | P111: 0 | Q111: 0 | R111: 0 | S111: 171.17 | T111: 33.52 | U111: 0 | V111: 316.36
B112: MWHR | C112: 651.6 | D112: 1476.24 | E112: 0 | F112: 0 | G112: 2204.65 | H112: 177.12 | I112: 71.16 | J112: 788.97 | K112: 607.4 | L112: 69.72 | M112: 404.83 | N112: 1223.92 | O112: 5133.14 | P112: 1344.8 | Q112: 4863.15 | R112: 2957.46 | S112: 4108.08 | T112: 804.48 | U112: 410.4 | V112: 27297.12
A115: © 2026 - Centralized Scheduling Platform

Sheet IND-GEN
B1: GENCO-Thermal | C1: CGS(ISGS) | D1: IPP-Thermal | E1: Grid Demand | F1: HYDEL | G1: Day Ahead Market | H1: URS | I1: STOA | J1: Week Ahead/ TAM Purchases | K1: UI(OD/UD) | L1: WIND | M1: SOLAR | N1: RTM | O1: Frequency | P1: RTM SALE | Q1: OD | R1: UD | S1: DAM SALE | T1: Intra/Day Ahead Contigency | U1: DAM PUR | V1: RTM PUR
A2: 0 | B2: 3651.99 | C2: 531.54 | D2: 1198.44 | E2: 7174.78 | F2: 303.1 | G2: 0 | H2: 0 | I2: 0 | J2: 0 | K2: 139.45 | L2: 610.67 | M2: 0 | N2: 474.49 | O2: 49.99 | P2: 0 | Q2: 139.45 | R2: 0 | S2: 0 | T2: 0 | U2: 0 | V2: 474.49
A3: 0.010416667 | B3: 3843.6 | C3: 424.5 | D3: 1195.57 | E3: 7197.48 | F3: 292.44 | G3: 0 | H3: 0 | I3: 0 | J3: 0 | K3: -81.84 | L3: 557.95 | M3: 0 | N3: 664.3 | O3: 49.97 | P3: 0 | Q3: 0 | R3: -81.84 | S3: 0 | T3: 0 | U3: 0 | V3: 664.3 | X3: 06/01/2026
A4: 0.020833333 | B4: 3863.66 | C4: 352.5 | D4: 1215.46 | E4: 7207.45 | F4: 292.62 | G4: 0 | H4: 0 | I4: 0 | J4: 0 | K4: -134.25 | L4: 492.88 | M4: 0 | N4: 845.4 | O4: 49.94 | P4: 0 | Q4: 0 | R4: -134.25 | S4: 0 | T4: 0 | U4: 0 | V4: 845.4
A5: 0.03125 | B5: 3641.45 | C5: 316.36 | D5: 1216.73 | E5: 7177.84 | F5: 292.89 | G5: 0 | H5: 0 | I5: 0 | J5: 0 | K5: 116.03 | L5: 442.64 | M5: 0 | N5: 846.97 | O5: 49.96 | P5: 0 | Q5: 116.03 | R5: 0 | S5: 0 | T5: 0 | U5: 0 | V5: 846.97
A6: 0.041666667 | B6: 3414 | C6: 316.36 | D6: 1183.07 | E6: 7094.4 | F6: 212.14 | G6: 0 | H6: 0 | I6: 0 | J6: 0 | K6: -39.56 | L6: 408.66 | M6: 0 | N6: 1321.86 | O6: 49.99 | P6: 0 | Q6: 0 | R6: -39.56 | S6: 0 | T6: 0 | U6: 0 | V6: 1321.86
A7: 0.052083333 | B7: 3227.23 | C7: 316.36 | D7: 1186.2 | E7: 7118.14 | F7: 181.03 | G7: 0 | H7: 0 | I7: 0 | J7: 0 | K7: 182.95 | L7: 395.93 | M7: 0 | N7: 1321.86 | O7: 49.96 | P7: 0 | Q7: 182.95 | R7: 0 | S7: 0 | T7: 0 | U7: 0 | V7: 1321.86
A8: 0.0625 | B8: 3211.44 | C8: 390.75 | D8: 1168.52 | E8: 7109.13 | F8: 239.09 | G8: 0 | H8: 0 | I8: 0 | J8: 0 | K8: 265.2 | L8: 384.75 | M8: 0 | N8: 1132.05 | O8: 49.99 | P8: 0 | Q8: 265.2 | R8: 0 | S8: 0 | T8: 0 | U8: 0 | V8: 1132.05
A9: 0.072916667 | B9: 3214.21 | C9: 462.75 | D9: 1217.6 | E9: 7112.07 | F9: 293.85 | G9: 0 | H9: 0 | I9: 0 | J9: 0 | K9: 114.8 | L9: 362.88 | M9: 0 | N9: 1132.62 | O9: 50 | P9: 0 | Q9: 114.8 | R9: 0 | S9: 0 | T9: 0 | U9: 0 | V9: 1132.62
A10: 0.083333333 | B10: 3215.2 | C10: 534.75 | D10: 1259.42 | E10: 7089.16 | F10: 279.19 | G10: 0 | H10: 0 | I10: 0 | J10: 0 | K10: -188.14 | L10: 365.49 | M10: 0 | N10: 1321.76 | O10: 50.01 | P10: 0 | Q10: 0 | R10: -188.14 | S10: 0 | T10: 0 | U10: 0 | V10: 1321.76
A11: 0.09375 | B11: 3214.2 | C11: 570.89 | D11: 1270.13 | E11: 7049.86 | F11: 210.3 | G11: 0 | H11: 0 | I11: 0 | J11: 0 | K11: -224.4 | L11: 374.13 | M11: 0 | N11: 1321.85 | O11: 50 | P11: 0 | Q11: 0 | R11: -224.4 | S11: 0 | T11: 0 | U11: 0 | V11: 1321.85
A12: 0.10416667 | B12: 3220 | C12: 570.89 | D12: 1268.12 | E12: 7059.13 | F12: 181.52 | G12: 0 | H12: 0 | I12: 0 | J12: 0 | K12: -91.54 | L12: 376.2 | M12: 0 | N12: 1225.9 | O12: 50.02 | P12: 0 | Q12: 0 | R12: -91.54 | S12: 0 | T12: 0 | U12: 0 | V12: 1225.9
A13: 0.11458333 | B13: 3223.15 | C13: 570.89 | D13: 1271.56 | E13: 7057.74 | F13: 181.52 | G13: 0 | H13: 0 | I13: 0 | J13: 0 | K13: -73.12 | L13: 365.72 | M13: 0 | N13: 1225.9 | O13: 50.04 | P13: 0 | Q13: 0 | R13: -73.12 | S13: 0 | T13: 0 | U13: 0 | V13: 1225.9
A14: 0.125 | B14: 3217.59 | C14: 570.89 | D14: 1264.79 | E14: 7058.86 | F14: 162.41 | G14: 0 | H14: 0 | I14: 0 | J14: 0 | K14: -111.65 | L14: 345.98 | M14: 0 | N14: 1320.53 | O14: 50.02 | P14: 0 | Q14: 0 | R14: -111.65 | S14: 0 | T14: 0 | U14: 0 | V14: 1320.53
A15: 0.13541667 | B15: 3210.37 | C15: 570.89 | D15: 1268.46 | E15: 7117.31 | F15: 127.66 | G15: 0 | H15: 0 | I15: 0 | J15: 0 | K15: 14.34 | L15: 303.77 | M15: 0 | N15: 1321.24 | O15: 50.01 | P15: 0 | Q15: 14.34 | R15: 0 | S15: 0 | T15: 0 | U15: 0 | V15: 1321.24
... A97: 0.98958333 | B97: 3181.87 | C97: 687.38 | D97: 1140.96 | E97: 6984.02 | F97: 125.65 | G97: 0 | H97: 0 | I97: 0 | J97: 0 | K97: -298.19 | L97: 781.13 | M97: 0 | N97: 854.07 | O97: 50.04 | P97: 0 | Q97: 0 | R97: -298.19 | S97: 0 | T97: 0 | U97: 0 | V97: 854.07
B98: 98.5614 | C98: 27.297125 | D98: 33.092418 | E98: 215.774 | F98: 4.5071225 | G98: 1.1102425 | H98: 0 | I98: 1.62336 | J98: 0 | K98: 0.22297 | L98: 13.317538 | M98: 22.017512 | N98: 12.212302 | O98: 1.2001825 | P98: -0.425 | Q98: 1.9384275 | R98: -1.7154575 | S98: -0.31325 | T98: 0 | U98: 1.4234925 | V98: 12.637303
A99: Average | B99: 4106.725 | C99: 1137.3802 | D99: 1378.8507 | E99: 8990.5833 | F99: 187.79677 | G99: 46.260104 | H99: 0 | I99: 67.64 | J99: 0 | K99: 9.2904167 | L99: 554.8974 | M99: 917.39635 | N99: 508.84594 | O99: 50.007604 | P99: -17.708333 | Q99: 80.767813 | R99: -71.477396 | S99: -13.052083 | T99: 0 | U99: 59.312188 | V99: 526.55427
T104: 0

Sheet DATA-CMD
A1: REPORT FOR AP Demand_cmd FROM 1/6/2026 TO 1/7/2026
A2: Time | B2: SYSCA_AT.SYSTEM.GEN_SOLAR.MW | C2: SYSCA_AT.SYSTEM.GEN_WIND.MW | D2: HNJA4_AG.STTN.X_BUS_GEN.MW | E2: SYSCA_AT.SYSTEM.GRID_DMD_TOT.MW | F2: SCHED_PG.SYSTEM.AP_UI.MW | G2: SYSCA_AT.SYSTEM.GEN_INTRA.MW | H2: UCALC_AT.SYSTEM.THEG_XB.MW | I2: UCALC_AT.SYSTEM.IPXB_TOT.MW | J2: UCALC_AT.SYSTEM.TOT_GAS.MW | K2: UCALC_AT.SYSTEM.HYDL_TOT.MW | L2: SEIL4_AG.STTN.X_BUS_GEN.MW
A3: 46028 | B3: -0.18 | C3: 610.67 | D3: 466.74 | E3: 7174.78 | F3: 139.45 | G3: 84.77 | H3: 3651.99 | I3: 1237.76 | J3: 0.14 | K3: 291.07 | L3: 534.67
A4: 46028.01 | B4: -0.15 | C4: 557.95 | D4: 467.41 | E4: 7197.48 | F4: -81.84 | G4: 84.08 | H4: 3843.6 | I4: 1208.95 | J4: 0.14 | K4: 290.95 | L4: 509.23
A5: 46028.021 | B5: -0.15 | C5: 492.88 | D5: 496.1 | E5: 7207.45 | F5: -134.25 | G5: 86.37 | H5: 3863.66 | I5: 1222.96 | J5: 0.21 | K5: 290.83 | L5: 500.36
A6: 46028.031 | B6: -0.16 | C6: 442.64 | D6: 492.79 | E6: 7177.84 | F6: 116.03 | G6: 87.77 | H6: 3641.45 | I6: 1231.56 | J6: 0.25 | K6: 290.82 | L6: 504.9
A7: 46028.042 | B7: -0.17 | C7: 408.66 | D7: 459.82 | E7: 7094.4 | F7: -39.56 | G7: 82.98 | H7: 3414 | I7: 1194.77 | J7: 0.14 | K7: 209.79 | L7: 504.32
A8: 46028.052 | B8: -0.15 | C8: 395.93 | D8: 465.55 | E8: 7118.14 | F8: 182.95 | G8: 81.8 | H8: 3227.23 | I8: 1196.85 | J8: 0.17 | K8: 178.38 | L8: 501.69
A9: 46028.062 | B9: -0.12 | C9: 384.75 | D9: 448.53 | E9: 7109.13 | F9: 265.2 | G9: 82.73 | H9: 3211.44 | I9: 1180.35 | J9: 0.18 | K9: 236.35 | L9: 501.02
A10: 46028.073 | B10: -0.17 | C10: 362.88 | D10: 495.79 | E10: 7112.07 | F10: 114.8 | G10: 85.16 | H10: 3214.21 | I10: 1226.21 | J10: 0.16 | K10: 291.18 | L10: 502.86
A11: 46028.083 | B11: -0.12 | C11: 365.49 | D11: 536.55 | E11: 7089.16 | F11: -188.14 | G11: 85.94 | H11: 3215.2 | I11: 1269.05 | J11: 0.12 | K11: 276.27 | L11: 503.96
A12: 46028.094 | B12: -0.14 | C12: 374.13 | D12: 546.78 | E12: 7049.86 | F12: -224.4 | G12: 82.91 | H12: 3214.2 | I12: 1281.85 | J12: 0.11 | K12: 207.02 | L12: 504.45
A13: 46028.104 | B13: -0.14 | C13: 376.2 | D13: 544.82 | E13: 7059.13 | F13: -91.54 | G13: 80.8 | H13: 3220 | I13: 1280.02 | J13: 0.09 | K13: 178.25 | L13: 504.42
A14: 46028.115 | B14: -0.14 | C14: 365.72 | D14: 548.68 | E14: 7057.74 | F14: -73.12 | G14: 80.93 | H14: 3223.15 | I14: 1283.31 | J14: 0.09 | K14: 178.22 | L14: 504
... A98: 46028.99 | B98: -0.64 | C98: 781.13 | D98: 542.94 | E98: 6984.02 | F98: -298.19 | G98: 85.97 | H98: 3181.87 | I98: 1227.16 | J98: 0.23 | K98: 124.03 | L98: 454

Sheet SCADA Grid
A1: Station Name - AP GRID_DAILY_REPORT
A2: REPORT FOR AP GRID_DAILY REPORT FROM 1/6/2026 TO 1/7/2026
A3: Time | B3: SYSCA_AT.SYSTEM.GRID_DMD_TOT.MW | C3: SCHED_PG.SYSTEM.SR_FREQ.HZ | D3: SCHED_PG.SYSTEM.AP_UI.MW | E3: SYSCA_AT.SYSTEM.GEN_SOLAR.MW | F3: SYSCA_AT.SYSTEM.GEN_WIND.MW | G3: SCHED_PG.SYSTEM.BLOCK_NO.BNO
A4: 46028 | B4: 7174.78 | C4: 49.99 | D4: 139.45 | E4: -0.18 | F4: 610.67 | G4: 70.98
A5: 46028.01 | B5: 7197.48 | C5: 49.97 | D5: -81.84 | E5: -0.15 | F5: 557.95 | G5: 1.93
A6: 46028.021 | B6: 7207.45 | C6: 49.94 | D6: -134.25 | E6: -0.15 | F6: 492.88 | G6: 2.93
A7: 46028.031 | B7: 7177.84 | C7: 49.96 | D7: 116.03 | E7: -0.16 | F7: 442.64 | G7: 3.93
A8: 46028.042 | B8: 7094.4 | C8: 49.99 | D8: -39.56 | E8: -0.17 | F8: 408.66 | G8: 4.93
A9: 46028.052 | B9: 7118.14 | C9: 49.96 | D9: 182.95 | E9: -0.15 | F9: 395.93 | G9: 5.93
A10: 46028.062 | B10: 7109.13 | C10: 49.99 | D10: 265.2 | E10: -0.12 | F10: 384.75 | G10: 6.93
A11: 46028.073 | B11: 7112.07 | C11: 50 | D11: 114.8 | E11: -0.17 | F11: 362.88 | G11: 7.93
A12: 46028.083 | B12: 7089.16 | C12: 50.01 | D12: -188.14 | E12: -0.12 | F12: 365.49 | G12: 8.93
A13: 46028.094 | B13: 7049.86 | C13: 50 | D13: -224.4 | E13: -0.14 | F13: 374.13 | G13: 9.93
A14: 46028.104 | B14: 7059.13 | C14: 50.02 | D14: -91.54 | E14: -0.14 | F14: 376.2 | G14: 10.93
A15: 46028.115 | B15: 7057.74 | C15: 50.04 | D15: -73.12 | E15: -0.14 | F15: 365.72 | G15: 11.93
... A99: 46028.99 | B99: 6984.02 | C99: 50.04 | D99: -298.19 | E99: -0.64 | F99: 781.13 | G99: 95.93
A100: Average | B100: 8988.03 | C100: 50.01 | D100: 9.29 | E100: 607.7 | F100: 554.9 | G100: 48.8
A101: Minimum | B101: 0 | C101: 0 | D101: -646.33 | E101: -0.78 | F101: 0 | G101: 0
A102: Maximum | B102: 11533.32 | C102: 50.31 | D102: 551.97 | E102: 2257.58 | F102: 1136.91 | G102: 96

Sheet GNA
A2: Schedule Breakup Report
A4: Trader | C4: NEWAGE | D4: APTRANSCO | E4: TGSPDCL | F4: SEIL | G4: APTRANSCO | H4: TELANGANA | I4: UPPCL | J4: UPPCL
A5: From State | C5: ANDHRA_PRADESH_STATE | D5: ANDHRA_PRADESH_STATE | E5: ANDHRA_PRADESH_STATE | H5: TELANGANA_State | I5: UTTARPRADESH_STATE | J5: UTTARPRADESH_STATE
A6: From Utility | C6: APCPDCL | D6: APTRANSCO | E6: NVVN_SOLAR_AP | F6: SEIL | G6: SEIL | H6: TELANGANA | I6: UPPCL | J6: UPPCL
A7: To State | C7: MP_State | D7: TELANGANA_State | E7: TELANGANA_State | F7: ANDHRA_PRADESH_STATE | G7: ANDHRA_PRADESH_STATE | H7: ANDHRA_PRADESH_STATE | I7: ANDHRA_PRADESH_STATE | J7: ANDHRA_PRADESH_STATE
A8: To Utility | C8: MPPMCL | D8: TELANGANA | E8: TGSPDCL | F8: APCPDCL | G8: APTRANSCO | H8: APTRANSCO | I8: APCPDCL | J8: APCPDCL
A9: IR Link | C9: South-West | D9: South-South | E9: South-South | F9: South-South | G9: South-South | H9: South-South | I9: North-West-South | J9: North-West-South
A10: Appr No. | C10: GNA/WR/2025/12/10/6573 | D10: AP_to_TG_Shared | E10: SR/27052024/31122033/L_SR_2014_01_S01 | F10: GNA/SR/2026/01/01/3064 | G10: SR/01102023/19042040/L_SR_2017_01 | H10: TG_to_AP_Shared | I10: GNA/SR/2026/01/01/4568 | J10: GNA/SR/2026/01/01/6943
A11: Sub Type | C11: NA | D11: NA | E11: NA | F11: NA | G11: NA | H11: NA | I11: NA | J11: NA
A12: Time Block | B12: Time Desc | K12: Total
A13: 1 | B13: 00:00-00:15 | C13: 0 | D13: 0 | E13: 0 | F13: 0 | G13: 218.79 | H13: 0 | I13: 0 | J13: 0 | K13: 218.79
A14: 2 | B14: 00:15-00:30 | C14: 0 | D14: 0 | E14: 0 | F14: 0 | G14: 218.79 | H14: 0 | I14: 0 | J14: 0 | K14: 218.79
A15: 3 | B15: 00:30-00:45 | C15: 0 | D15: 0 | E15: 0 | F15: 0 | G15: 218.79 | H15: 0 | I15: 0 | J15: 0 | K15: 218.79
A16: 4 | B16: 00:45-01:00 | C16: 0 | D16: 0 | E16: 0 | F16: 0 | G16: 218.79 | H16: 0 | I16: 0 | J16: 0 | K16: 218.79
A17: 5 | B17: 01:00-01:15 | C17: 0 | D17: 0 | E17: 0 | F17: 0 | G17: 218.79 | H17: 0 | I17: 0 | J17: 0 | K17: 218.79
A18: 6 | B18: 01:15-01:30 | C18: 0 | D18: 0 | E18: 0 | F18: 0 | G18: 218.79 | H18: 0 | I18: 0 | J18: 0 | K18: 218.79
A19: 7 | B19: 01:30-01:45 | C19: 0 | D19: 0 | E19: 0 | F19: 0 | G19: 218.79 | H19: 0 | I19: 0 | J19: 0 | K19: 218.79
A20: 8 | B20: 01:45-02:00 | C20: 0 | D20: 0 | E20: 0 | F20: 0 | G20: 218.79 | H20: 0 | I20: 0 | J20: 0 | K20: 218.79
A21: 9 | B21: 02:00-02:15 | C21: 0 | D21: 0 | E21: 0 | F21: 0 | G21: 218.79 | H21: 0 | I21: 0 | J21: 0 | K21: 218.79
A22: 10 | B22: 02:15-02:30 | C22: 0 | D22: 0 | E22: 0 | F22: 0 | G22: 218.79 | H22: 0 | I22: 0 | J22: 0 | K22: 218.79
A23: 11 | B23: 02:30-02:45 | C23: 0 | D23: 0 | E23: 0 | F23: 0 | G23: 218.79 | H23: 0 | I23: 0 | J23: 0 | K23: 218.79
A24: 12 | B24: 02:45-03:00 | C24: 0 | D24: 0 | E24: 0 | F24: 0 | G24: 218.79 | H24: 0 | I24: 0 | J24: 0 | K24: 218.79
... A108: 96 | B108: 23:45-24:00 | C108: 0 | D108: 0 | E108: 0 | F108: 0 | G108: 218.79 | H108: 0 | I108: 0 | J108: 0 | K108: 218.79
B109: Average | C109: -98.44 | D109: 0 | E109: -2.94 | F109: 0 | G109: 218.79 | H109: 0 | I109: 36.32 | J109: 31.32 | K109: 185.05
B110: Maximum | C110: 0 | D110: 0 | E110: 0 | F110: 0 | G110: 218.79 | H110: 0 | I110: 217.94 | J110: 187.9 | K110: 624.63
B111: Minimum | C111: -205.43 | D111: 0 | E111: -10.49 | F111: 0 | G111: 218.79 | H111: 0 | I111: 0 | J111: 0 | K111: 2.87
B112: MWHR | C112: -2362.44 | D112: 0 | E112: -70.58 | F112: 0 | G112: 5250.96 | H112: 0 | I112: 871.76 | J112: 751.6 | K112: 4441.29
A115: © 2026 - Centralized Scheduling Platform

Sheet TGNA
A2: Schedule Breakup Report
A4: Trader | C4: IEXL | D4: ITCLH | E4: ITCMS | F4: ITCFBD_RANJANGAON_MH | G4: ITC_Kolkata | H4: ITC_Ranjangaon | I4: IEXL | J4: IEXL | K4: IEXL | L4: IEXL | M4: NACL_Odisha | N4: PXIL | O4: IEXL | P4: APPCPL | Q4: KALLAMTEXSDAP | R4: KALLAMTEXWD
A5: From State | C5: ANDHRA_PRADESH_STATE | D5: ANDHRA_PRADESH_STATE | E5: ANDHRA_PRADESH_STATE | F5: ANDHRA_PRADESH_STATE | G5: ANDHRA_PRADESH_STATE | H5: ANDHRA_PRADESH_STATE | I5: ANDHRA_PRADESH_STATE | J5: ANDHRA_PRADESH_STATE | K5: ANDHRA_PRADESH_STATE | L5: ANDHRA_PRADESH_STATE | M5: ANDHRA_PRADESH_STATE | N5: ANDHRA_PRADESH_STATE | O5: ANDHRA_PRADESH_STATE | Q5: TELANGANA_State | R5: TELANGANA_State
A6: From Utility | C6: APCPDCL | D6: HOTELSAPWIND16 | E6: HOTELSAPWIND16 | F6: ITCWIND | G6: ITCWIND | H6: ITCWIND | I6: KMPOWERPVTLTDU3 | J6: KMPOWERPVTLTDU3 | K6: KMPPLU2AP | L6: KM_Power_AP | M6: NALCOAP | N6: SEILP2U2_AP | O6: SEILP2U2_AP | P6: ACBIL | Q6: KALLAMTEXTS | R6: KALLAMTEXTS
A7: To State | C7: TAMILNADU_State | D7: DELHI_UT | E7: UTTARPRADESH_STATE | F7: MSEB_State | G7: WB_STATE | H7: MSEB_State | I7: GOA_State | J7: DELHI_UT | K7: DELHI_UT | L7: DELHI_UT | M7: ODISHA_STATE | N7: TAMILNADU_State | O7: TAMILNADU_State | P7: ANDHRA_PRADESH_STATE | Q7: ANDHRA_PRADESH_STATE | R7: ANDHRA_PRADESH_STATE
A8: To Utility | C8: TANGEDCO | D8: ITCLH | E8: ITCMS | F8: ITCFBD_RANJANGAON_MH | G8: ITC_Kolkata | H8: ITC_Ranjangaon | I8: GOA_Beneficiary | J8: MES_Delhi | K8: MES_Delhi | L8: MES_Delhi | M8: NACL_Odisha | N8: TANGEDCO | O8: TANGEDCO | P8: DALCEMAP | Q8: KALLAMTEXSDAP | R8: KALLAMTEXWD
A9: IR Link | C9: South-South | D9: South-West-North | E9: South-West-North | F9: South-West | G9: South-East | H9: South-West | I9: South-West | J9: South-West-North | K9: South-West-North | L9: South-West-North | M9: South-East | N9: South-South | O9: South-South | P9: West-South | Q9: South-South | R9: South-South
A10: Appr No. | C10: SR/2026/26083/C | D10: NR/2025/37897/A/130005 | E10: NR/2025/39322/A/129992 | F10: WR/2025/36733/A/130006 | G10: ER/2025/21327/A/130468 | H10: WR/2025/36944/A/130007 | I10: WR/2025/36927/A/129901 | J10: NR/2025/39274/A/129883 | K10: NR/2025/39273/A/129882 | L10: NR/2025/39275/A/129884 | M10: ER/2026/23934/C | N10: SR/2025/25697/A/129916 | O10: SR/2025/25692/A/129892 | P10: SR/2026/26044/C | Q10: SR/2025/25720/A/130399 | R10: SR/2025/25719/A/130398
A11: Sub Type | C11: NA | D11: NA | E11: NA | F11: NA | G11: NA | H11: NA | I11: NA | J11: NA | K11: NA | L11: NA | M11: NA | N11: NA | O11: NA | P11: NA | Q11: NA | R11: NA
A12: Time Block | B12: Time Desc | S12: Total
A13: 1 | B13: 00:00-00:15 | C13: 0 | D13: -0.4 | E13: -0.7 | F13: -0.6 | G13: -0.28 | H13: -0.6 | I13: 0 | J13: -2 | K13: -2 | L13: -3 | M13: -7.9 | N13: 0 | O13: 0 | P13: 9.49 | Q13: 1.14 | R13: 0.76 | S13: -6.09
A14: 2 | B14: 00:15-00:30 | C14: 0 | D14: -0.4 | E14: -0.7 | F14: -0.6 | G14: -0.28 | H14: -0.6 | I14: 0 | J14: -2 | K14: -2 | L14: -3 | M14: -7.33 | N14: 0 | O14: 0 | P14: 9.49 | Q14: 1.14 | R14: 0.76 | S14: -5.52
A15: 3 | B15: 00:30-00:45 | C15: 0 | D15: -0.4 | E15: -0.7 | F15: -0.6 | G15: -0.28 | H15: -0.6 | I15: 0 | J15: -2 | K15: -2 | L15: -3 | M15: -6.67 | N15: 0 | O15: 0 | P15: 9.49 | Q15: 1.14 | R15: 0.76 | S15: -4.86
A16: 4 | B16: 00:45-01:00 | C16: 0 | D16: -0.4 | E16: -0.7 | F16: -0.6 | G16: -0.28 | H16: -0.6 | I16: 0 | J16: -2 | K16: -2 | L16: -3 | M16: -6.11 | N16: 0 | O16: 0 | P16: 9.49 | Q16: 1.14 | R16: 0.76 | S16: -4.3
A17: 5 | B17: 01:00-01:15 | C17: 0 | D17: -0.4 | E17: -0.7 | F17: -0.6 | G17: -0.28 | H17: -0.6 | I17: 0 | J17: -2 | K17: -2 | L17: -3 | M17: -5.73 | N17: 0 | O17: 0 | P17: 9.49 | Q17: 1.14 | R17: 0.76 | S17: -3.92
A18: 6 | B18: 01:15-01:30 | C18: 0 | D18: -0.4 | E18: -0.7 | F18: -0.6 | G18: -0.28 | H18: -0.6 | I18: 0 | J18: -2 | K18: -2 | L18: -3 | M18: -5.45 | N18: 0 | O18: 0 | P18: 9.49 | Q18: 1.14 | R18: 0.76 | S18: -3.64
A19: 7 | B19: 01:30-01:45 | C19: 0 | D19: -0.4 | E19: -0.7 | F19: -0.6 | G19: -0.28 | H19: -0.6 | I19: 0 | J19: -2 | K19: -2 | L19: -3 | M19: -5.17 | N19: 0 | O19: 0 | P19: 9.49 | Q19: 1.14 | R19: 0.76 | S19: -3.36
A20: 8 | B20: 01:45-02:00 | C20: 0 | D20: -0.4 | E20: -0.63 | F20: -0.6 | G20: -0.28 | H20: -0.6 | I20: 0 | J20: -2 | K20: -2 | L20: -3 | M20: -4.7 | N20: 0 | O20: 0 | P20: 9.49 | Q20: 1.14 | R20: 0.76 | S20: -2.82
A21: 9 | B21: 02:00-02:15 | C21: 0 | D21: -0.4 | E21: -0.63 | F21: -0.6 | G21: -0.28 | H21: -0.6 | I21: 0 | J21: -2 | K21: -2 | L21: -3 | M21: -4.32 | N21: 0 | O21: 0 | P21: 9.49 | Q21: 1.14 | R21: 0.76 | S21: -2.44
A22: 10 | B22: 02:15-02:30 | C22: 0 | D22: -0.4 | E22: -0.63 | F22: -0.6 | G22: -0.28 | H22: -0.6 | I22: 0 | J22: -2 | K22: -2 | L22: -3 | M22: -3.85 | N22: 0 | O22: 0 | P22: 9.49 | Q22: 1.14 | R22: 0.76 | S22: -1.97
A23: 11 | B23: 02:30-02:45 | C23: 0 | D23: -0.4 | E23: -0.63 | F23: -0.6 | G23: -0.28 | H23: -0.6 | I23: 0 | J23: -2 | K23: -2 | L23: -3 | M23: -3.57 | N23: 0 | O23: 0 | P23: 9.49 | Q23: 1.14 | R23: 0.76 | S23: -1.69
A24: 12 | B24: 02:45-03:00 | C24: 0 | D24: -0.4 | E24: -0.63 | F24: -0.6 | G24: -0.28 | H24: -0.6 | I24: 0 | J24: -2 | K24: -2 | L24: -3 | M24: -3.1 | N24: 0 | O24: 0 | P24: 9.49 | Q24: 1.14 | R24: 0.76 | S24: -1.22
... A108: 96 | B108: 23:45-24:00 | C108: 0 | D108: -0.5 | E108: -0.68 | F108: -0.6 | G108: -0.28 | H108: -0.6 | I108: -1.6 | J108: -2 | K108: -2 | L108: -3 | M108: -10.81 | N108: -75 | O108: 0 | P108: 9.49 | Q108: 1.14 | R108: 0.76 | S108: -85.68
B109: Average | C109: -19.79 | D109: -0.65 | E109: -0.5 | F109: -0.6 | G109: -0.31 | H109: -0.6 | I109: -0.53 | J109: -2 | K109: -2 | L109: -3 | M109: -6.44 | N109: -21.1 | O109: -12.5 | P109: 5.1 | Q109: 0.81 | R109: 0.54 | S109: -63.58
B110: Maximum | C110: 0 | D110: -0.4 | E110: -0.1 | F110: -0.6 | G110: -0.28 | H110: -0.6 | I110: 0 | J110: -2 | K110: -2 | L110: -3 | M110: -0.56 | N110: 0 | O110: 0 | P110: 9.49 | Q110: 1.14 | R110: 0.76 | S110: 0.93
B111: Minimum | C111: -400 | D111: -1 | E111: -0.98 | F111: -0.6 | G111: -0.35 | H111: -0.6 | I111: -1.6 | J111: -2 | K111: -2 | L111: -3 | M111: -18.14 | N111: -75 | O111: -50 | P111: 0 | Q111: 0 | R111: 0 | S111: -550.86
B112: MWHR | C112: -475 | D112: -15.7 | E112: -12.06 | F112: -14.4 | G112: -7.39 | H112: -14.4 | I112: -12.8 | J112: -48 | K112: -48 | L112: -72 | M112: -154.46 | N112: -506.4 | O112: -300 | P112: 122.43 | Q112: 19.38 | R112: 12.92 | S112: -1525.89
A115: © 2026 - Centralized Scheduling Platform

Sheet RTM
A1: Name of Regional Entity: | C1: ANDHRA PRADESH
A2: Code of Regional Entity: | C2: S0RAP0
A4: Issue Date: | C4: 46028
A5: Issue Time: | C5: 0.94444444
A6: Scheduling Request for: | C6: 46028
A7: Upto Session: | C7: 48
A8: *All figures are in MW
A10: Summary of injection/drawal for scheduling of Collective transaction through Power Exchange with Regional Losses (At Regional Entity Periphery) | E10: Portfoliowise Details of injection(-)/ Drawal(+) with Regional losses (At Regional Entity Periphery) | BJ10: Portfoliowise Details of injection(-)/ Drawal(+) with Regional and State losses* | DO10: Portfoliowise Details of injection(-)/ Drawal(+) with Area losses*
A11: Time Period | B11: Sum of Injection(-) by all entities within the state | C11: Sum of Drawal(+) by all entities within the state | E11: Time Period | F11: Balaji_Energy_Private_Limited_NLR891 | G11: CP_Andhra_Pradesh_Central_Power_Distribution_Corporation_Limited | H11: CP_CCL_PRODUCTS_INDIA_LIMITED | I11: CP_M/s_Shree_Cement_Limited_Guntur | J11: CP_NSL_Textiles_Limited_EDLAPADU | K11: CP_NSL_Textiles_Limited_Inkollu | L11: CP_NSL_Textiles_Limited_Kunchalavaripalem | M11: CP_The_KCP_Limited_GNT_327 | N11: EP_Apitoria_Pharma_Private_Limited_SKL139 | O11: EP_Apitoria_Pharma_Private_Limited_VSP_1159 | P11: EP_Coromandel_International_Limited | Q11: EP_Coromandel_International_Ltd_(VSP_166) | R11: EP_E_I_D_PARRY_(INDIA)_LIMITED_SKL_619 | S11: EP_Lauruslabs_Unit_4_(VSP_1509) | T11: EP_Metrochem_API_Private_Limited_VSP1120 | U11: EP_Novopor_Advanced_Science_Private_Limited | V11: EP_Pfizer_Healthcare_India_Private_Limited | W11: EP_RUSHIL_DECOR_LIMITED_VSP_1845 | X11: EP_Ravali_Spinners_Pvt_Ltd_ELR_505 | Y11: EP_SVR_Spinning_Mills_Private_Limited_ELR_747 | Z11: EP_Sanvira_Industries_Limited_VSP_1200 | AA11: EP_Sarda_Metals_&_Alloys_Limited | AB11: EP_Sundaram_Alloys_Limited_(VSP_1205) | AC11: EP_The_Andhra_Petrochemicals_Ltd | AD11: EP_The_Ramco_Cements_Limited_THESLDCD04_VSP1405 | AE11: EP_Vishnu_Chemicals_Ltd_VSP_512 | AF11: Growel_Processors_Private_Limited_VJA3669 | AG11: Rain_CII_Carbon_(Vizag)_Limited | AH11: SP_A_One_Ispat_Pvt_Limited_(ATP_461) | AI11: SP_Amara_Raja_Energy_And_Mobility_Limited_Unit_01 | AJ11: SP_Amara_Raja_Energy_And_Mobility_Limited_Unit_02 | AK11: SP_Apl_Healthcare_Ltd_TPT3324 | AL11: SP_Apollo_Tyres_Limited_TPT_2568 | AM11: SP_Balaji_Energy_Private_Limited_NLR_2159 | AN11: SP_Balaji_Energy_Private_Limited_NLR_2160 | AO11: SP_Balaji_Energy_Pvt_Ltd_(NLR_888) | AP11: SP_CCL_Food_And_Beverages_Private_Limited | AQ11: SP_Electrosteel_Castings_Limited_(Ferro_Alloys_Division)_TPT_2547 | AR11: SP_Electrosteel_Castings_Limited_TPT_230 | AS11: SP_Greenpanel_Industries_Limited_TPT_523 | AT11: SP_Grindwell_Norton_Ltd_TPT051 | AU11: SP_Hindusthan_National_Glasses_&_Industries_Ltd_TPT3265 | AV11: SP_Jai_Raj_Ispat_Limited_KNL1133 | AW11: SP_MS_Agarwal_Foundries_Private_Limited_TPT3228 | AX11: SP_Maruti_Ispat_and_Energy_Pvt_Ltd_KNL_822 | AY11: SP_NSL_Textiles_Limited_Pulivendula | AZ11: SP_Pushpit_Steels_Private_Limited | BA11: SP_SEIL_Energy_India_Limited_Project_2_(Unit 2 STU) | BB11: SP_SKJ_POWER_Projects_Private_Limited | BC11: SP_Shri_Tirupati_Steelcast_Limited_SSS_459 | BD11: SP_Sree_Rayalaseema_Alkalies_And_Allied_Chemicals_Ltd_(KNL_179) | BE11: SP_Tadas_Wind_Energy_Private_Limited | BF11: SP_Toray_Industries_(India)_Private_Limited_TPT2536 | BG11: SP_Vishnu_Barium_Pvt_Limited_TPT_225 | BH11: Shreas_Industries_Limited_SKL_717 | BJ11: Time Period | BK11: Balaji_Energy_Private_Limited_NLR891 | BL11: CP_Andhra_Pradesh_Central_Power_Distribution_Corporation_Limited | BM11: CP_CCL_PRODUCTS_INDIA_LIMITED | BN11: CP_M/s_Shree_Cement_Limited_Guntur | BO11: CP_NSL_Textiles_Limited_EDLAPADU | BP11: CP_NSL_Textiles_Limited_Inkollu | BQ11: CP_NSL_Textiles_Limited_Kunchalavaripalem | BR11: CP_The_KCP_Limited_GNT_327 | BS11: EP_Apitoria_Pharma_Private_Limited_SKL139 | BT11: EP_Apitoria_Pharma_Private_Limited_VSP_1159 | BU11: EP_Coromandel_International_Limited | BV11: EP_Coromandel_International_Ltd_(VSP_166) | BW11: EP_E_I_D_PARRY_(INDIA)_LIMITED_SKL_619 | BX11: EP_Lauruslabs_Unit_4_(VSP_1509) | BY11: EP_Metrochem_API_Private_Limited_VSP1120 | BZ11: EP_Novopor_Advanced_Science_Private_Limited | CA11: EP_Pfizer_Healthcare_India_Private_Limited | CB11: EP_RUSHIL_DECOR_LIMITED_VSP_1845 | CC11: EP_Ravali_Spinners_Pvt_Ltd_ELR_505 | CD11: EP_SVR_Spinning_Mills_Private_Limited_ELR_747 | CE11: EP_Sanvira_Industries_Limited_VSP_1200 | CF11: EP_Sarda_Metals_&_Alloys_Limited | CG11: EP_Sundaram_Alloys_Limited_(VSP_1205) | CH11: EP_The_Andhra_Petrochemicals_Ltd | CI11: EP_The_Ramco_Cements_Limited_THESLDCD04_VSP1405 | CJ11: EP_Vishnu_Chemicals_Ltd_VSP_512 | CK11: Growel_Processors_Private_Limited_VJA3669 | CL11: Rain_CII_Carbon_(Vizag)_Limited | CM11: SP_A_One_Ispat_Pvt_Limited_(ATP_461) | CN11: SP_Amara_Raja_Energy_And_Mobility_Limited_Unit_01 | CO11: SP_Amara_Raja_Energy_And_Mobility_Limited_Unit_02 | CP11: SP_Apl_Healthcare_Ltd_TPT3324 | CQ11: SP_Apollo_Tyres_Limited_TPT_2568 | CR11: SP_Balaji_Energy_Private_Limited_NLR_2159 | CS11: SP_Balaji_Energy_Private_Limited_NLR_2160 | CT11: SP_Balaji_Energy_Pvt_Ltd_(NLR_888) | CU11: SP_CCL_Food_And_Beverages_Private_Limited | CV11: SP_Electrosteel_Castings_Limited_(Ferro_Alloys_Division)_TPT_2547 | CW11: SP_Electrosteel_Castings_Limited_TPT_230 | CX11: SP_Greenpanel_Industries_Limited_TPT_523 | CY11: SP_Grindwell_Norton_Ltd_TPT051 | CZ11: SP_Hindusthan_National_Glasses_&_Industries_Ltd_TPT3265 | DA11: SP_Jai_Raj_Ispat_Limited_KNL1133 | DB11: SP_MS_Agarwal_Foundries_Private_Limited_TPT3228 | DC11: SP_Maruti_Ispat_and_Energy_Pvt_Ltd_KNL_822 | DD11: SP_NSL_Textiles_Limited_Pulivendula | DE11: SP_Pushpit_Steels_Private_Limited | DF11: SP_SEIL_Energy_India_Limited_Project_2_(Unit 2 STU) | DG11: SP_SKJ_POWER_Projects_Private_Limited | DH11: SP_Shri_Tirupati_Steelcast_Limited_SSS_459 | DI11: SP_Sree_Rayalaseema_Alkalies_And_Allied_Chemicals_Ltd_(KNL_179) | DJ11: SP_Tadas_Wind_Energy_Private_Limited | DK11: SP_Toray_Industries_(India)_Private_Limited_TPT2536 | DL11: SP_Vishnu_Barium_Pvt_Limited_TPT_225 | DM11: Shreas_Industries_Limited_SKL_717 | DO11: Time Period | DP11: Balaji_Energy_Private_Limited_NLR891 | DQ11: CP_CCL_PRODUCTS_INDIA_LIMITED | DR11: CP_NSL_Textiles_Limited_EDLAPADU | DS11: CP_NSL_Textiles_Limited_Kunchalavaripalem | DT11: EP_Apitoria_Pharma_Private_Limited_VSP_1159 | DU11: EP_Lauruslabs_Unit_4_(VSP_1509) | DV11: EP_Metrochem_API_Private_Limited_VSP1120 | DW11: EP_Novopor_Advanced_Science_Private_Limited | DX11: EP_Pfizer_Healthcare_India_Private_Limited | DY11: EP_SVR_Spinning_Mills_Private_Limited_ELR_747 | DZ11: EP_Vishnu_Chemicals_Ltd_VSP_512 | EA11: Growel_Processors_Private_Limited_VJA3669 | EB11: SP_A_One_Ispat_Pvt_Limited_(ATP_461) | EC11: SP_Apl_Healthcare_Ltd_TPT3324 | ED11: SP_Balaji_Energy_Private_Limited_NLR_2159 | EE11: SP_Balaji_Energy_Private_Limited_NLR_2160 | EF11: SP_Balaji_Energy_Pvt_Ltd_(NLR_888) | EG11: SP_CCL_Food_And_Beverages_Private_Limited | EH11: SP_NSL_Textiles_Limited_Pulivendula | EI11: SP_SKJ_POWER_Projects_Private_Limited | EJ11: SP_Vishnu_Barium_Pvt_Limited_TPT_225
A12: 00:00 - 00:15 | B12: -23.7 | C12: 568.74 | E12: 00:00 - 00:15 | F12: -7.7 | G12: 474.49 | H12: 0 | I12: 0 | J12: 0 | K12: 5.41 | L12: 0 | M12: 0 | N12: 0 | O12: 0 | P12: 0 | Q12: 0 | R12: -0.8 | S12: 5.69 | T12: 1.9 | U12: 0 | V12: 3.04 | W12: 0 | X12: 4.27 | Y12: 1.04 | Z12: -1.2 | AA12: 0 | AB12: 14.24 | AC12: 0 | AD12: 0 | AE12: 4.75 | AF12: 0 | AG12: -2 | AH12: 0 | AI12: 4.93 | AJ12: 9.21 | AK12: 0 | AL12: 0 | AM12: -4.8 | AN12: -4.8 | AO12: -2.3 | AP12: 0 | AQ12: 15.94 | AR12: 4.75 | AS12: 0 | AT12: 2.47 | AU12: 0 | AV12: 0 | AW12: 0 | AX12: 0 | AY12: 0 | AZ12: 14.24 | BA12: 0 | BB12: -0.1 | BC12: 0 | BD12: 0 | BE12: 0 | BF12: 0 | BG12: 2.37 | BH12: 0 | BJ12: 00:00 - 00:15 | BK12: -7.89 | BL12: 462.82 | BM12: 0 | BN12: 0 | BO12: 0 | BP12: 5.28 | BQ12: 0 | BR12: 0 | BS12: 0 | BT12: 0 | BU12: 0 | BV12: 0 | BW12: -0.82 | BX12: 5.55 | BY12: 1.85 | BZ12: 0 | CA12: 2.97 | CB12: 0 | CC12: 4.16 | CD12: 1.01 | CE12: -1.23 | CF12: 0 | CG12: 13.89 | CH12: 0 | CI12: 0 | CJ12: 4.63 | CK12: 0 | CL12: -2.05 | CM12: 0 | CN12: 4.81 | CO12: 8.98 | CP12: 0 | CQ12: 0 | CR12: -4.92 | CS12: -4.92 | CT12: -2.36 | CU12: 0 | CV12: 15.55 | CW12: 4.63 | CX12: 0 | CY12: 2.41 | CZ12: 0 | DA12: 0 | DB12: 0 | DC12: 0 | DD12: 0 | DE12: 13.89 | DF12: 0 | DG12: -0.1 | DH12: 0 | DI12: 0 | DJ12: 0 | DK12: 0 | DL12: 2.31 | DM12: 0 | DO12: 00:00 - 00:15 | DP12: -8.13 | DQ12: 0 | DR12: 0 | DS12: 0 | DT12: 0 | DU12: 5.4 | DV12: 1.8 | DW12: 0 | DX12: 2.89 | DY12: 0.98 | DZ12: 4.5 | EA12: 0 | EB12: 0 | EC12: 0 | ED12: -5.07 | EE12: -5.07 | EF12: -2.43 | EG12: 0 | EH12: 0 | EI12: -0.1 | EJ12: 2.24
A13: 00:15 - 00:30 | B13: -23.7 | C13: 739.37 | E13: 00:15 - 00:30 | F13: -7.7 | G13: 664.3 | H13: 0 | I13: 0 | J13: 0 | K13: 0 | L13: 0 | M13: 0 | N13: 0 | O13: 0 | P13: 0 | Q13: 0 | R13: -0.8 | S13: 5.69 | T13: 0 | U13: 0 | V13: 3.04 | W13: 0 | X13: 4.27 | Y13: 1.04 | Z13: -1.2 | AA13: 0 | AB13: 14.24 | AC13: 0 | AD13: 0 | AE13: 4.75 | AF13: 0 | AG13: -2 | AH13: 7.02 | AI13: 0 | AJ13: 0 | AK13: 0 | AL13: 0 | AM13: -4.8 | AN13: -4.8 | AO13: -2.3 | AP13: 0 | AQ13: 15.94 | AR13: 0 | AS13: 0 | AT13: 2.47 | AU13: 0 | AV13: 0 | AW13: 0 | AX13: 0 | AY13: 0 | AZ13: 14.24 | BA13: 0 | BB13: -0.1 | BC13: 0 | BD13: 0 | BE13: 0 | BF13: 0 | BG13: 2.37 | BH13: 0 | BJ13: 00:15 - 00:30 | BK13: -7.89 | BL13: 647.96 | BM13: 0 | BN13: 0 | BO13: 0 | BP13: 0 | BQ13: 0 | BR13: 0 | BS13: 0 | BT13: 0 | BU13: 0 | BV13: 0 | BW13: -0.82 | BX13: 5.55 | BY13: 0 | BZ13: 0 | CA13: 2.97 | CB13: 0 | CC13: 4.16 | CD13: 1.01 | CE13: -1.23 | CF13: 0 | CG13: 13.89 | CH13: 0 | CI13: 0 | CJ13: 4.63 | CK13: 0 | CL13: -2.05 | CM13: 6.85 | CN13: 0 | CO13: 0 | CP13: 0 | CQ13: 0 | CR13: -4.92 | CS13: -4.92 | CT13: -2.36 | CU13: 0 | CV13: 15.55 | CW13: 0 | CX13: 0 | CY13: 2.41 | CZ13: 0 | DA13: 0 | DB13: 0 | DC13: 0 | DD13: 0 | DE13: 13.89 | DF13: 0 | DG13: -0.1 | DH13: 0 | DI13: 0 | DJ13: 0 | DK13: 0 | DL13: 2.31 | DM13: 0 | DO13: 00:15 - 00:30 | DP13: -8.13 | DQ13: 0 | DR13: 0 | DS13: 0 | DT13: 0 | DU13: 5.4 | DV13: 0 | DW13: 0 | DX13: 2.89 | DY13: 0.98 | DZ13: 4.5 | EA13: 0 | EB13: 6.65 | EC13: 0 | ED13: -5.07 | EE13: -5.07 | EF13: -2.43 | EG13: 0 | EH13: 0 | EI13: -0.1 | EJ13: 2.24
A14: 00:30 - 00:45 | B14: -23.7 | C14: 906.14 | E14: 00:30 - 00:45 | F14: -7.7 | G14: 845.4 | H14: 0 | I14: 0 | J14: 0 | K14: 0 | L14: 0 | M14: 0 | N14: 0 | O14: 0 | P14: 0 | Q14: 0 | R14: -0.8 | S14: 5.69 | T14: 0 | U14: 0 | V14: 0 | W14: 0 | X14: 0 | Y14: 1.04 | Z14: -1.2 | AA14: 0 | AB14: 14.24 | AC14: 0 | AD14: 0 | AE14: 4.75 | AF14: 0 | AG14: -2 | AH14: 0 | AI14: 0 | AJ14: 0 | AK14: 0 | AL14: 0 | AM14: -4.8 | AN14: -4.8 | AO14: -2.3 | AP14: 0 | AQ14: 15.94 | AR14: 0 | AS14: 0 | AT14: 2.47 | AU14: 0 | AV14: 0 | AW14: 0 | AX14: 0 | AY14: 0 | AZ14: 14.24 | BA14: 0 | BB14: -0.1 | BC14: 0 | BD14: 0 | BE14: 0 | BF14: 0 | BG14: 2.37 | BH14: 0 | BJ14: 00:30 - 00:45 | BK14: -7.89 | BL14: 824.6 | BM14: 0 | BN14: 0 | BO14: 0 | BP14: 0 | BQ14: 0 | BR14: 0 | BS14: 0 | BT14: 0 | BU14: 0 | BV14: 0 | BW14: -0.82 | BX14: 5.55 | BY14: 0 | BZ14: 0 | CA14: 0 | CB14: 0 | CC14: 0 | CD14: 1.01 | CE14: -1.23 | CF14: 0 | CG14: 13.89 | CH14: 0 | CI14: 0 | CJ14: 4.63 | CK14: 0 | CL14: -2.05 | CM14: 0 | CN14: 0 | CO14: 0 | CP14: 0 | CQ14: 0 | CR14: -4.92 | CS14: -4.92 | CT14: -2.36 | CU14: 0 | CV14: 15.55 | CW14: 0 | CX14: 0 | CY14: 2.41 | CZ14: 0 | DA14: 0 | DB14: 0 | DC14: 0 | DD14: 0 | DE14: 13.89 | DF14: 0 | DG14: -0.1 | DH14: 0 | DI14: 0 | DJ14: 0 | DK14: 0 | DL14: 2.31 | DM14: 0 | DO14: 00:30 - 00:45 | DP14: -8.13 | DQ14: 0 | DR14: 0 | DS14: 0 | DT14: 0 | DU14: 5.4 | DV14: 0 | DW14: 0 | DX14: 0 | DY14: 0.98 | DZ14: 4.5 | EA14: 0 | EB14: 0 | EC14: 0 | ED14: -5.07 | EE14: -5.07 | EF14: -2.43 | EG14: 0 | EH14: 0 | EI14: -0.1 | EJ14: 2.24
A15: 00:45 - 01:00 | B15: -23.7 | C15: 915.19 | E15: 00:45 - 01:00 | F15: -7.7 | G15: 846.97 | H15: 0 | I15: 0 | J15: 0 | K15: 0 | L15: 0 | M15: 0 | N15: 0 | O15: 0 | P15: 0 | Q15: 0 | R15: -0.8 | S15: 5.69 | T15: 0 | U15: 0 | V15: 3.04 | W15: 0 | X15: 4.27 | Y15: 1.04 | Z15: -1.2 | AA15: 0 | AB15: 14.24 | AC15: 0 | AD15: 0 | AE15: 4.75 | AF15: 0 | AG15: -2 | AH15: 0.17 | AI15: 0 | AJ15: 0 | AK15: 0 | AL15: 0 | AM15: -4.8 | AN15: -4.8 | AO15: -2.3 | AP15: 0 | AQ15: 15.94 | AR15: 0 | AS15: 0 | AT15: 2.47 | AU15: 0 | AV15: 0 | AW15: 0 | AX15: 0 | AY15: 0 | AZ15: 14.24 | BA15: 0 | BB15: -0.1 | BC15: 0 | BD15: 0 | BE15: 0 | BF15: 0 | BG15: 2.37 | BH15: 0 | BJ15: 00:45 - 01:00 | BK15: -7.89 | BL15: 826.13 | BM15: 0 | BN15: 0 | BO15: 0 | BP15: 0 | BQ15: 0 | BR15: 0 | BS15: 0 | BT15: 0 | BU15: 0 | BV15: 0 | BW15: -0.82 | BX15: 5.55 | BY15: 0 | BZ15: 0 | CA15: 2.97 | CB15: 0 | CC15: 4.16 | CD15: 1.01 | CE15: -1.23 | CF15: 0 | CG15: 13.89 | CH15: 0 | CI15: 0 | CJ15: 4.63 | CK15: 0 | CL15: -2.05 | CM15: 0.17 | CN15: 0 | CO15: 0 | CP15: 0 | CQ15: 0 | CR15: -4.92 | CS15: -4.92 | CT15: -2.36 | CU15: 0 | CV15: 15.55 | CW15: 0 | CX15: 0 | CY15: 2.41 | CZ15: 0 | DA15: 0 | DB15: 0 | DC15: 0 | DD15: 0 | DE15: 13.89 | DF15: 0 | DG15: -0.1 | DH15: 0 | DI15: 0 | DJ15: 0 | DK15: 0 | DL15: 2.31 | DM15: 0 | DO15: 00:45 - 01:00 | DP15: -8.13 | DQ15: 0 | DR15: 0 | DS15: 0 | DT15: 0 | DU15: 5.4 | DV15: 0 | DW15: 0 | DX15: 2.89 | DY15: 0.98 | DZ15: 4.5 | EA15: 0 | EB15: 0.16 | EC15: 0 | ED15: -5.07 | EE15: -5.07 | EF15: -2.43 | EG15: 0 | EH15: 0 | EI15: -0.1 | EJ15: 2.24
A16: 01:00 - 01:15 | B16: -23.7 | C16: 1396.93 | E16: 01:00 - 01:15 | F16: -7.7 | G16: 1321.86 | H16: 0 | I16: 0 | J16: 0 | K16: 0 | L16: 0 | M16: 0 | N16: 0 | O16: 0 | P16: 0 | Q16: 0 | R16: -0.8 | S16: 5.69 | T16: 0 | U16: 0 | V16: 3.04 | W16: 0 | X16: 4.27 | Y16: 1.04 | Z16: -1.2 | AA16: 0 | AB16: 14.24 | AC16: 0 | AD16: 0 | AE16: 4.75 | AF16: 0 | AG16: -2 | AH16: 7.02 | AI16: 0 | AJ16: 0 | AK16: 0 | AL16: 0 | AM16: -4.8 | AN16: -4.8 | AO16: -2.3 | AP16: 0 | AQ16: 15.94 | AR16: 0 | AS16: 0 | AT16: 2.47 | AU16: 0 | AV16: 0 | AW16: 0 | AX16: 0 | AY16: 0 | AZ16: 14.24 | BA16: 0 | BB16: -0.1 | BC16: 0 | BD16: 0 | BE16: 0 | BF16: 0 | BG16: 2.37 | BH16: 0 | BJ16: 01:00 - 01:15 | BK16: -7.89 | BL16: 1289.34 | BM16: 0 | BN16: 0 | BO16: 0 | BP16: 0 | BQ16: 0 | BR16: 0 | BS16: 0 | BT16: 0 | BU16: 0 | BV16: 0 | BW16: -0.82 | BX16: 5.55 | BY16: 0 | BZ16: 0 | CA16: 2.97 | CB16: 0 | CC16: 4.16 | CD16: 1.01 | CE16: -1.23 | CF16: 0 | CG16: 13.89 | CH16: 0 | CI16: 0 | CJ16: 4.63 | CK16: 0 | CL16: -2.05 | CM16: 6.85 | CN16: 0 | CO16: 0 | CP16: 0 | CQ16: 0 | CR16: -4.92 | CS16: -4.92 | CT16: -2.36 | CU16: 0 | CV16: 15.55 | CW16: 0 | CX16: 0 | CY16: 2.41 | CZ16: 0 | DA16: 0 | DB16: 0 | DC16: 0 | DD16: 0 | DE16: 13.89 | DF16: 0 | DG16: -0.1 | DH16: 0 | DI16: 0 | DJ16: 0 | DK16: 0 | DL16: 2.31 | DM16: 0 | DO16: 01:00 - 01:15 | DP16: -8.13 | DQ16: 0 | DR16: 0 | DS16: 0 | DT16: 0 | DU16: 5.4 | DV16: 0 | DW16: 0 | DX16: 2.89 | DY16: 0.98 | DZ16: 4.5 | EA16: 0 | EB16: 6.65 | EC16: 0 | ED16: -5.07 | EE16: -5.07 | EF16: -2.43 | EG16: 0 | EH16: 0 | EI16: -0.1 | EJ16: 2.24
A17: 01:15 - 01:30 | B17: -23.7 | C17: 1389.91 | E17: 01:15 - 01:30 | F17: -7.7 | G17: 1321.86 | H17: 0 | I17: 0 | J17: 0 | K17: 0 | L17: 0 | M17: 0 | N17: 0 | O17: 0 | P17: 0 | Q17: 0 | R17: -0.8 | S17: 5.69 | T17: 0 | U17: 0 | V17: 3.04 | W17: 0 | X17: 4.27 | Y17: 1.04 | Z17: -1.2 | AA17: 0 | AB17: 14.24 | AC17: 0 | AD17: 0 | AE17: 4.75 | AF17: 0 | AG17: -2 | AH17: 0 | AI17: 0 | AJ17: 0 | AK17: 0 | AL17: 0 | AM17: -4.8 | AN17: -4.8 | AO17: -2.3 | AP17: 0 | AQ17: 15.94 | AR17: 0 | AS17: 0 | AT17: 2.47 | AU17: 0 | AV17: 0 | AW17: 0 | AX17: 0 | AY17: 0 | AZ17: 14.24 | BA17: 0 | BB17: -0.1 | BC17: 0 | BD17: 0 | BE17: 0 | BF17: 0 | BG17: 2.37 | BH17: 0 | BJ17: 01:15 - 01:30 | BK17: -7.89 | BL17: 1289.34 | BM17: 0 | BN17: 0 | BO17: 0 | BP17: 0 | BQ17: 0 | BR17: 0 | BS17: 0 | BT17: 0 | BU17: 0 | BV17: 0 | BW17: -0.82 | BX17: 5.55 | BY17: 0 | BZ17: 0 | CA17: 2.97 | CB17: 0 | CC17: 4.16 | CD17: 1.01 | CE17: -1.23 | CF17: 0 | CG17: 13.89 | CH17: 0 | CI17: 0 | CJ17: 4.63 | CK17: 0 | CL17: -2.05 | CM17: 0 | CN17: 0 | CO17: 0 | CP17: 0 | CQ17: 0 | CR17: -4.92 | CS17: -4.92 | CT17: -2.36 | CU17: 0 | CV17: 15.55 | CW17: 0 | CX17: 0 | CY17: 2.41 | CZ17: 0 | DA17: 0 | DB17: 0 | DC17: 0 | DD17: 0 | DE17: 13.89 | DF17: 0 | DG17: -0.1 | DH17: 0 | DI17: 0 | DJ17: 0 | DK17: 0 | DL17: 2.31 | DM17: 0 | DO17: 01:15 - 01:30 | DP17: -8.13 | DQ17: 0 | DR17: 0 | DS17: 0 | DT17: 0 | DU17: 5.4 | DV17: 0 | DW17: 0 | DX17: 2.89 | DY17: 0.98 | DZ17: 4.5 | EA17: 0 | EB17: 0 | EC17: 0 | ED17: -5.07 | EE17: -5.07 | EF17: -2.43 | EG17: 0 | EH17: 0 | EI17: -0.1 | EJ17: 2.24
A18: 01:30 - 01:45 | B18: -23.7 | C18: 1200.1 | E18: 01:30 - 01:45 | F18: -7.7 | G18: 1132.05 | H18: 0 | I18: 0 | J18: 0 | K18: 0 | L18: 0 | M18: 0 | N18: 0 | O18: 0 | P18: 0 | Q18: 0 | R18: -0.8 | S18: 5.69 | T18: 0 | U18: 0 | V18: 3.04 | W18: 0 | X18: 4.27 | Y18: 1.04 | Z18: -1.2 | AA18: 0 | AB18: 14.24 | AC18: 0 | AD18: 0 | AE18: 4.75 | AF18: 0 | AG18: -2 | AH18: 0 | AI18: 0 | AJ18: 0 | AK18: 0 | AL18: 0 | AM18: -4.8 | AN18: -4.8 | AO18: -2.3 | AP18: 0 | AQ18: 15.94 | AR18: 0 | AS18: 0 | AT18: 2.47 | AU18: 0 | AV18: 0 | AW18: 0 | AX18: 0 | AY18: 0 | AZ18: 14.24 | BA18: 0 | BB18: -0.1 | BC18: 0 | BD18: 0 | BE18: 0 | BF18: 0 | BG18: 2.37 | BH18: 0 | BJ18: 01:30 - 01:45 | BK18: -7.89 | BL18: 1104.2 | BM18: 0 | BN18: 0 | BO18: 0 | BP18: 0 | BQ18: 0 | BR18: 0 | BS18: 0 | BT18: 0 | BU18: 0 | BV18: 0 | BW18: -0.82 | BX18: 5.55 | BY18: 0 | BZ18: 0 | CA18: 2.97 | CB18: 0 | CC18: 4.16 | CD18: 1.01 | CE18: -1.23 | CF18: 0 | CG18: 13.89 | CH18: 0 | CI18: 0 | CJ18: 4.63 | CK18: 0 | CL18: -2.05 | CM18: 0 | CN18: 0 | CO18: 0 | CP18: 0 | CQ18: 0 | CR18: -4.92 | CS18: -4.92 | CT18: -2.36 | CU18: 0 | CV18: 15.55 | CW18: 0 | CX18: 0 | CY18: 2.41 | CZ18: 0 | DA18: 0 | DB18: 0 | DC18: 0 | DD18: 0 | DE18: 13.89 | DF18: 0 | DG18: -0.1 | DH18: 0 | DI18: 0 | DJ18: 0 | DK18: 0 | DL18: 2.31 | DM18: 0 | DO18: 01:30 - 01:45 | DP18: -8.13 | DQ18: 0 | DR18: 0 | DS18: 0 | DT18: 0 | DU18: 5.4 | DV18: 0 | DW18: 0 | DX18: 2.89 | DY18: 0.98 | DZ18: 4.5 | EA18: 0 | EB18: 0 | EC18: 0 | ED18: -5.07 | EE18: -5.07 | EF18: -2.43 | EG18: 0 | EH18: 0 | EI18: -0.1 | EJ18: 2.24
A19: 01:45 - 02:00 | B19: -23.7 | C19: 1202.09 | E19: 01:45 - 02:00 | F19: -7.7 | G19: 1132.62 | H19: 0 | I19: 0 | J19: 0 | K19: 0 | L19: 0 | M19: 0 | N19: 0 | O19: 0 | P19: 0 | Q19: 0 | R19: -0.8 | S19: 5.69 | T19: 0 | U19: 0 | V19: 3.04 | W19: 0 | X19: 4.27 | Y19: 1.04 | Z19: -1.2 | AA19: 0 | AB19: 14.24 | AC19: 0 | AD19: 0 | AE19: 4.75 | AF19: 1.42 | AG19: -2 | AH19: 0 | AI19: 0 | AJ19: 0 | AK19: 0 | AL19: 0 | AM19: -4.8 | AN19: -4.8 | AO19: -2.3 | AP19: 0 | AQ19: 15.94 | AR19: 0 | AS19: 0 | AT19: 2.47 | AU19: 0 | AV19: 0 | AW19: 0 | AX19: 0 | AY19: 0 | AZ19: 14.24 | BA19: 0 | BB19: -0.1 | BC19: 0 | BD19: 0 | BE19: 0 | BF19: 0 | BG19: 2.37 | BH19: 0 | BJ19: 01:45 - 02:00 | BK19: -7.89 | BL19: 1104.76 | BM19: 0 | BN19: 0 | BO19: 0 | BP19: 0 | BQ19: 0 | BR19: 0 | BS19: 0 | BT19: 0 | BU19: 0 | BV19: 0 | BW19: -0.82 | BX19: 5.55 | BY19: 0 | BZ19: 0 | CA19: 2.97 | CB19: 0 | CC19: 4.16 | CD19: 1.01 | CE19: -1.23 | CF19: 0 | CG19: 13.89 | CH19: 0 | CI19: 0 | CJ19: 4.63 | CK19: 1.39 | CL19: -2.05 | CM19: 0 | CN19: 0 | CO19: 0 | CP19: 0 | CQ19: 0 | CR19: -4.92 | CS19: -4.92 | CT19: -2.36 | CU19: 0 | CV19: 15.55 | CW19: 0 | CX19: 0 | CY19: 2.41 | CZ19: 0 | DA19: 0 | DB19: 0 | DC19: 0 | DD19: 0 | DE19: 13.89 | DF19: 0 | DG19: -0.1 | DH19: 0 | DI19: 0 | DJ19: 0 | DK19: 0 | DL19: 2.31 | DM19: 0 | DO19: 01:45 - 02:00 | DP19: -8.13 | DQ19: 0 | DR19: 0 | DS19: 0 | DT19: 0 | DU19: 5.4 | DV19: 0 | DW19: 0 | DX19: 2.89 | DY19: 0.98 | DZ19: 4.5 | EA19: 1.35 | EB19: 0 | EC19: 0 | ED19: -5.07 | EE19: -5.07 | EF19: -2.43 | EG19: 0 | EH19: 0 | EI19: -0.1 | EJ19: 2.24
A20: 02:00 - 02:15 | B20: -23.7 | C20: 1389.81 | E20: 02:00 - 02:15 | F20: -7.7 | G20: 1321.76 | H20: 0 | I20: 0 | J20: 0 | K20: 0 | L20: 0 | M20: 0 | N20: 0 | O20: 0 | P20: 0 | Q20: 0 | R20: -0.8 | S20: 5.69 | T20: 0 | U20: 0 | V20: 3.04 | W20: 0 | X20: 4.27 | Y20: 1.04 | Z20: -1.2 | AA20: 0 | AB20: 14.24 | AC20: 0 | AD20: 0 | AE20: 4.75 | AF20: 0 | AG20: -2 | AH20: 0 | AI20: 0 | AJ20: 0 | AK20: 0 | AL20: 0 | AM20: -4.8 | AN20: -4.8 | AO20: -2.3 | AP20: 0 | AQ20: 15.94 | AR20: 0 | AS20: 0 | AT20: 2.47 | AU20: 0 | AV20: 0 | AW20: 0 | AX20: 0 | AY20: 0 | AZ20: 14.24 | BA20: 0 | BB20: -0.1 | BC20: 0 | BD20: 0 | BE20: 0 | BF20: 0 | BG20: 2.37 | BH20: 0 | BJ20: 02:00 - 02:15 | BK20: -7.89 | BL20: 1289.24 | BM20: 0 | BN20: 0 | BO20: 0 | BP20: 0 | BQ20: 0 | BR20: 0 | BS20: 0 | BT20: 0 | BU20: 0 | BV20: 0 | BW20: -0.82 | BX20: 5.55 | BY20: 0 | BZ20: 0 | CA20: 2.97 | CB20: 0 | CC20: 4.16 | CD20: 1.01 | CE20: -1.23 | CF20: 0 | CG20: 13.89 | CH20: 0 | CI20: 0 | CJ20: 4.63 | CK20: 0 | CL20: -2.05 | CM20: 0 | CN20: 0 | CO20: 0 | CP20: 0 | CQ20: 0 | CR20: -4.92 | CS20: -4.92 | CT20: -2.36 | CU20: 0 | CV20: 15.55 | CW20: 0 | CX20: 0 | CY20: 2.41 | CZ20: 0 | DA20: 0 | DB20: 0 | DC20: 0 | DD20: 0 | DE20: 13.89 | DF20: 0 | DG20: -0.1 | DH20: 0 | DI20: 0 | DJ20: 0 | DK20: 0 | DL20: 2.31 | DM20: 0 | DO20: 02:00 - 02:15 | DP20: -8.13 | DQ20: 0 | DR20: 0 | DS20: 0 | DT20: 0 | DU20: 5.4 | DV20: 0 | DW20: 0 | DX20: 2.89 | DY20: 0.98 | DZ20: 4.5 | EA20: 0 | EB20: 0 | EC20: 0 | ED20: -5.07 | EE20: -5.07 | EF20: -2.43 | EG20: 0 | EH20: 0 | EI20: -0.1 | EJ20: 2.24
A21: 02:15 - 02:30 | B21: -23.7 | C21: 1389.9 | E21: 02:15 - 02:30 | F21: -7.7 | G21: 1321.85 | H21: 0 | I21: 0 | J21: 0 | K21: 0 | L21: 0 | M21: 0 | N21: 0 | O21: 0 | P21: 0 | Q21: 0 | R21: -0.8 | S21: 5.69 | T21: 0 | U21: 0 | V21: 3.04 | W21: 0 | X21: 4.27 | Y21: 1.04 | Z21: -1.2 | AA21: 0 | AB21: 14.24 | AC21: 0 | AD21: 0 | AE21: 4.75 | AF21: 0 | AG21: -2 | AH21: 0 | AI21: 0 | AJ21: 0 | AK21: 0 | AL21: 0 | AM21: -4.8 | AN21: -4.8 | AO21: -2.3 | AP21: 0 | AQ21: 15.94 | AR21: 0 | AS21: 0 | AT21: 2.47 | AU21: 0 | AV21: 0 | AW21: 0 | AX21: 0 | AY21: 0 | AZ21: 14.24 | BA21: 0 | BB21: -0.1 | BC21: 0 | BD21: 0 | BE21: 0 | BF21: 0 | BG21: 2.37 | BH21: 0 | BJ21: 02:15 - 02:30 | BK21: -7.89 | BL21: 1289.33 | BM21: 0 | BN21: 0 | BO21: 0 | BP21: 0 | BQ21: 0 | BR21: 0 | BS21: 0 | BT21: 0 | BU21: 0 | BV21: 0 | BW21: -0.82 | BX21: 5.55 | BY21: 0 | BZ21: 0 | CA21: 2.97 | CB21: 0 | CC21: 4.16 | CD21: 1.01 | CE21: -1.23 | CF21: 0 | CG21: 13.89 | CH21: 0 | CI21: 0 | CJ21: 4.63 | CK21: 0 | CL21: -2.05 | CM21: 0 | CN21: 0 | CO21: 0 | CP21: 0 | CQ21: 0 | CR21: -4.92 | CS21: -4.92 | CT21: -2.36 | CU21: 0 | CV21: 15.55 | CW21: 0 | CX21: 0 | CY21: 2.41 | CZ21: 0 | DA21: 0 | DB21: 0 | DC21: 0 | DD21: 0 | DE21: 13.89 | DF21: 0 | DG21: -0.1 | DH21: 0 | DI21: 0 | DJ21: 0 | DK21: 0 | DL21: 2.31 | DM21: 0 | DO21: 02:15 - 02:30 | DP21: -8.13 | DQ21: 0 | DR21: 0 | DS21: 0 | DT21: 0 | DU21: 5.4 | DV21: 0 | DW21: 0 | DX21: 2.89 | DY21: 0.98 | DZ21: 4.5 | EA21: 0 | EB21: 0 | EC21: 0 | ED21: -5.07 | EE21: -5.07 | EF21: -2.43 | EG21: 0 | EH21: 0 | EI21: -0.1 | EJ21: 2.24
A22: 02:30 - 02:45 | B22: -23.7 | C22: 1286.64 | E22: 02:30 - 02:45 | F22: -7.7 | G22: 1225.9 | H22: 0 | I22: 0 | J22: 0 | K22: 0 | L22: 0 | M22: 0 | N22: 0 | O22: 0 | P22: 0 | Q22: 0 | R22: -0.8 | S22: 5.69 | T22: 0 | U22: 0 | V22: 0 | W22: 0 | X22: 0 | Y22: 1.04 | Z22: -1.2 | AA22: 0 | AB22: 14.24 | AC22: 0 | AD22: 0 | AE22: 4.75 | AF22: 0 | AG22: -2 | AH22: 0 | AI22: 0 | AJ22: 0 | AK22: 0 | AL22: 0 | AM22: -4.8 | AN22: -4.8 | AO22: -2.3 | AP22: 0 | AQ22: 15.94 | AR22: 0 | AS22: 0 | AT22: 2.47 | AU22: 0 | AV22: 0 | AW22: 0 | AX22: 0 | AY22: 0 | AZ22: 14.24 | BA22: 0 | BB22: -0.1 | BC22: 0 | BD22: 0 | BE22: 0 | BF22: 0 | BG22: 2.37 | BH22: 0 | BJ22: 02:30 - 02:45 | BK22: -7.89 | BL22: 1195.74 | BM22: 0 | BN22: 0 | BO22: 0 | BP22: 0 | BQ22: 0 | BR22: 0 | BS22: 0 | BT22: 0 | BU22: 0 | BV22: 0 | BW22: -0.82 | BX22: 5.55 | BY22: 0 | BZ22: 0 | CA22: 0 | CB22: 0 | CC22: 0 | CD22: 1.01 | CE22: -1.23 | CF22: 0 | CG22: 13.89 | CH22: 0 | CI22: 0 | CJ22: 4.63 | CK22: 0 | CL22: -2.05 | CM22: 0 | CN22: 0 | CO22: 0 | CP22: 0 | CQ22: 0 | CR22: -4.92 | CS22: -4.92 | CT22: -2.36 | CU22: 0 | CV22: 15.55 | CW22: 0 | CX22: 0 | CY22: 2.41 | CZ22: 0 | DA22: 0 | DB22: 0 | DC22: 0 | DD22: 0 | DE22: 13.89 | DF22: 0 | DG22: -0.1 | DH22: 0 | DI22: 0 | DJ22: 0 | DK22: 0 | DL22: 2.31 | DM22: 0 | DO22: 02:30 - 02:45 | DP22: -8.13 | DQ22: 0 | DR22: 0 | DS22: 0 | DT22: 0 | DU22: 5.4 | DV22: 0 | DW22: 0 | DX22: 0 | DY22: 0.98 | DZ22: 4.5 | EA22: 0 | EB22: 0 | EC22: 0 | ED22: -5.07 | EE22: -5.07 | EF22: -2.43 | EG22: 0 | EH22: 0 | EI22: -0.1 | EJ22: 2.24
A23: 02:45 - 03:00 | B23: -23.7 | C23: 1286.64 | E23: 02:45 - 03:00 | F23: -7.7 | G23: 1225.9 | H23: 0 | I23: 0 | J23: 0 | K23: 0 | L23: 0 | M23: 0 | N23: 0 | O23: 0 | P23: 0 | Q23: 0 | R23: -0.8 | S23: 5.69 | T23: 0 | U23: 0 | V23: 0 | W23: 0 | X23: 0 | Y23: 1.04 | Z23: -1.2 | AA23: 0 | AB23: 14.24 | AC23: 0 | AD23: 0 | AE23: 4.75 | AF23: 0 | AG23: -2 | AH23: 0 | AI23: 0 | AJ23: 0 | AK23: 0 | AL23: 0 | AM23: -4.8 | AN23: -4.8 | AO23: -2.3 | AP23: 0 | AQ23: 15.94 | AR23: 0 | AS23: 0 | AT23: 2.47 | AU23: 0 | AV23: 0 | AW23: 0 | AX23: 0 | AY23: 0 | AZ23: 14.24 | BA23: 0 | BB23: -0.1 | BC23: 0 | BD23: 0 | BE23: 0 | BF23: 0 | BG23: 2.37 | BH23: 0 | BJ23: 02:45 - 03:00 | BK23: -7.89 | BL23: 1195.74 | BM23: 0 | BN23: 0 | BO23: 0 | BP23: 0 | BQ23: 0 | BR23: 0 | BS23: 0 | BT23: 0 | BU23: 0 | BV23: 0 | BW23: -0.82 | BX23: 5.55 | BY23: 0 | BZ23: 0 | CA23: 0 | CB23: 0 | CC23: 0 | CD23: 1.01 | CE23: -1.23 | CF23: 0 | CG23: 13.89 | CH23: 0 | CI23: 0 | CJ23: 4.63 | CK23: 0 | CL23: -2.05 | CM23: 0 | CN23: 0 | CO23: 0 | CP23: 0 | CQ23: 0 | CR23: -4.92 | CS23: -4.92 | CT23: -2.36 | CU23: 0 | CV23: 15.55 | CW23: 0 | CX23: 0 | CY23: 2.41 | CZ23: 0 | DA23: 0 | DB23: 0 | DC23: 0 | DD23: 0 | DE23: 13.89 | DF23: 0 | DG23: -0.1 | DH23: 0 | DI23: 0 | DJ23: 0 | DK23: 0 | DL23: 2.31 | DM23: 0 | DO23: 02:45 - 03:00 | DP23: -8.13 | DQ23: 0 | DR23: 0 | DS23: 0 | DT23: 0 | DU23: 5.4 | DV23: 0 | DW23: 0 | DX23: 0 | DY23: 0.98 | DZ23: 4.5 | EA23: 0 | EB23: 0 | EC23: 0 | ED23: -5.07 | EE23: -5.07 | EF23: -2.43 | EG23: 0 | EH23: 0 | EI23: -0.1 | EJ23: 2.24
... A108: Total(In MWh) | B108: -1322.35 | C108: 13744.638 | E108: Total Buy(In MWh) | F108: 0 | G108: 12637.302 | H108: 0.9975 | I108: 0 | J108: 12.675 | K108: 14.8775 | L108: 5.7 | M108: 5.5575 | N108: 4.9825 | O108: 0.665 | P108: 7.1125 | Q108: 7.595 | R108: 0 | S108: 51.21 | T108: 4.26 | U108: 5.7 | V108: 23.465 | W108: 5.41 | X108: 30.9575 | Y108: 9.1 | Z108: 0 | AA108: 0 | AB108: 150.1925 | AC108: 0.475 | AD108: 23.725 | AE108: 73.625 | AF108: 3.4075 | AG108: 0 | AH108: 12.3275 | AI108: 28.565 | AJ108: 48.36 | AK108: 1.14 | AL108: 9.7275 | AM108: 0 | AN108: 0 | AO108: 0 | AP108: 0.355 | AQ108: 133.5125 | AR108: 20.53 | AS108: 26.1 | AT108: 37.155 | AU108: 3.56 | AV108: 24.2 | AW108: 37.96 | AX108: 15.18 | AY108: 2.85 | AZ108: 138.8375 | BA108: 0 | BB108: 0 | BC108: 6.2 | BD108: 77.81 | BE108: 0 | BF108: 8.2125 | BG108: 25.2325 | BH108: 7.83 | BJ108: Total Buy(In MWh) | BK108: 0 | BL108: 12326.42 | BM108: 0.9725 | BN108: 0 | BO108: 12.36 | BP108: 14.52 | BQ108: 5.56 | BR108: 5.42 | BS108: 4.86 | BT108: 0.6475 | BU108: 6.9375 | BV108: 7.41 | BW108: 0 | BX108: 49.95 | BY108: 4.1475 | BZ108: 5.565 | CA108: 22.92 | CB108: 5.28 | CC108: 30.16 | CD108: 8.8375 | CE108: 0 | CF108: 0 | CG108: 146.4975 | CH108: 0.4625 | CI108: 23.15 | CJ108: 71.765 | CK108: 3.3325 | CL108: 0 | CM108: 12.03 | CN108: 27.855 | CO108: 47.17 | CP108: 1.1125 | CQ108: 9.49 | CR108: 0 | CS108: 0 | CT108: 0 | CU108: 0.3475 | CV108: 130.235 | CW108: 20.0275 | CX108: 25.45 | CY108: 36.24 | CZ108: 3.47 | DA108: 23.61 | DB108: 37.02 | DC108: 14.8 | DD108: 2.775 | DE108: 135.425 | DF108: 0 | DG108: 0 | DH108: 6.05 | DI108: 75.8875 | DJ108: 0 | DK108: 8.0075 | DL108: 24.5975 | DM108: 7.6375 | DO108: Total Buy(In MWh) | DP108: 0 | DQ108: 0.9425 | DR108: 11.985 | DS108: 5.4 | DT108: 0.63 | DU108: 48.6 | DV108: 4.035 | DW108: 5.415 | DX108: 22.3025 | DY108: 8.575 | DZ108: 69.75 | EA108: 3.2325 | EB108: 11.6775 | EC108: 1.08 | ED108: 0 | EE108: 0 | EF108: 0 | EG108: 0.3375 | EH108: 2.685 | EI108: 0 | EJ108: 23.86
E109: Total Sell(In MWh) | F109: -184.8 | G109: -425 | H109: 0 | I109: -16.175 | J109: 0 | K109: 0 | L109: 0 | M109: 0 | N109: 0 | O109: 0 | P109: 0 | Q109: 0 | R109: -19.2 | S109: 0 | T109: 0 | U109: 0 | V109: 0 | W109: 0 | X109: 0 | Y109: 0 | Z109: -19.35 | AA109: -30.125 | AB109: 0 | AC109: 0 | AD109: 0 | AE109: 0 | AF109: 0 | AG109: -48 | AH109: 0 | AI109: 0 | AJ109: 0 | AK109: 0 | AL109: 0 | AM109: -115.2 | AN109: -115.2 | AO109: -55.2 | AP109: 0 | AQ109: 0 | AR109: 0 | AS109: 0 | AT109: 0 | AU109: 0 | AV109: 0 | AW109: 0 | AX109: 0 | AY109: 0 | AZ109: 0 | BA109: -286.225 | BB109: -2.4 | BC109: 0 | BD109: 0 | BE109: -5.475 | BF109: 0 | BG109: 0 | BH109: 0 | BJ109: Total Sell(In MWh) | BK109: -189.36 | BL109: -435.7175 | BM109: 0 | BN109: -16.59 | BO109: 0 | BP109: 0 | BQ109: 0 | BR109: 0 | BS109: 0 | BT109: 0 | BU109: 0 | BV109: 0 | BW109: -19.68 | BX109: 0 | BY109: 0 | BZ109: 0 | CA109: 0 | CB109: 0 | CC109: 0 | CD109: 0 | CE109: -19.84 | CF109: -30.8925 | CG109: 0 | CH109: 0 | CI109: 0 | CJ109: 0 | CK109: 0 | CL109: -49.2 | CM109: 0 | CN109: 0 | CO109: 0 | CP109: 0 | CQ109: 0 | CR109: -118.08 | CS109: -118.08 | CT109: -56.64 | CU109: 0 | CV109: 0 | CW109: 0 | CX109: 0 | CY109: 0 | CZ109: 0 | DA109: 0 | DB109: 0 | DC109: 0 | DD109: 0 | DE109: 0 | DF109: -293.44 | DG109: -2.4 | DH109: 0 | DI109: 0 | DJ109: -5.6125 | DK109: 0 | DL109: 0 | DM109: 0 | DO109: Total Sell(In MWh) | DP109: -195.12 | DQ109: 0 | DR109: 0 | DS109: 0 | DT109: 0 | DU109: 0 | DV109: 0 | DW109: 0 | DX109: 0 | DY109: 0 | DZ109: 0 | EA109: 0 | EB109: 0 | EC109: 0 | ED109: -121.68 | EE109: -121.68 | EF109: -58.32 | EG109: 0 | EH109: 0 | EI109: -2.4 | EJ109: 0
E110: Region Injection Loss : | F110: 0.00 -% | G110: 0.00 -% | H110: 0.00 -% | I110: 0.00 -% | J110: 0.00 -% | K110: 0.00 -% | L110: 0.00 -% | M110: 0.00 -% | N110: 0.00 -% | O110: 0.00 -% | P110: 0.00 -% | Q110: 0.00 -% | R110: 0.00 -% | S110: 0.00 -% | T110: 0.00 -% | U110: 0.00 -% | V110: 0.00 -% | W110: 0.00 -% | X110: 0.00 -% | Y110: 0.00 -% | Z110: 0.00 -% | AA110: 0.00 -% | AB110: 0.00 -% | AC110: 0.00 -% | AD110: 0.00 -% | AE110: 0.00 -% | AF110: 0.00 -% | AG110: 0.00 -% | AH110: 0.00 -% | AI110: 0.00 -% | AJ110: 0.00 -% | AK110: 0.00 -% | AL110: 0.00 -% | AM110: 0.00 -% | AN110: 0.00 -% | AO110: 0.00 -% | AP110: 0.00 -% | AQ110: 0.00 -% | AR110: 0.00 -% | AS110: 0.00 -% | AT110: 0.00 -% | AU110: 0.00 -% | AV110: 0.00 -% | AW110: 0.00 -% | AX110: 0.00 -% | AY110: 0.00 -% | AZ110: 0.00 -% | BA110: 0.00 -% | BB110: 0.00 -% | BC110: 0.00 -% | BD110: 0.00 -% | BE110: 0.00 -% | BF110: 0.00 -% | BG110: 0.00 -% | BH110: 0.00 -% | BJ110: State Injection Loss : | BK110: 2.46 -% | BL110: 2.46 -% | BM110: 2.46 -% | BN110: 2.46 -% | BO110: 2.46 -% | BP110: 2.46 -% | BQ110: 2.46 -% | BR110: 2.46 -% | BS110: 2.46 -% | BT110: 2.46 -% | BU110: 2.46 -% | BV110: 2.46 -% | BW110: 2.46 -% | BX110: 2.46 -% | BY110: 2.46 -% | BZ110: 2.46 -% | CA110: 2.46 -% | CB110: 2.46 -% | CC110: 2.46 -% | CD110: 2.46 -% | CE110: 2.46 -% | CF110: 2.46 -% | CG110: 2.46 -% | CH110: 2.46 -% | CI110: 2.46 -% | CJ110: 2.46 -% | CK110: 2.46 -% | CL110: 2.46 -% | CM110: 2.46 -% | CN110: 2.46 -% | CO110: 2.46 -% | CP110: 2.46 -% | CQ110: 2.46 -% | CR110: 2.46 -% | CS110: 2.46 -% | CT110: 2.46 -% | CU110: 2.46 -% | CV110: 2.46 -% | CW110: 2.46 -% | CX110: 2.46 -% | CY110: 2.46 -% | CZ110: 2.46 -% | DA110: 2.46 -% | DB110: 2.46 -% | DC110: 2.46 -% | DD110: 2.46 -% | DE110: 2.46 -% | DF110: 2.46 -% | DG110: 2.46 -% | DH110: 2.46 -% | DI110: 2.46 -% | DJ110: 2.46 -% | DK110: 2.46 -% | DL110: 2.46 -% | DM110: 2.46 -% | DO110: Area Injection Loss : | DP110: 2.98 -% | DQ110: 2.98 -% | DR110: 2.98 -% | DS110: 2.98 -% | DT110: 2.73 -% | DU110: 2.73 -% | DV110: 2.73 -% | DW110: 2.73 -% | DX110: 2.73 -% | DY110: 2.73 -% | DZ110: 2.73 -% | EA110: 2.98 -% | EB110: 2.98 -% | EC110: 2.98 -% | ED110: 2.98 -% | EE110: 2.98 -% | EF110: 2.98 -% | EG110: 2.98 -% | EH110: 2.98 -% | EI110: 2.98 -% | EJ110: 2.98 -%
E111: Region Drawal Loss : | F111: 5.10 -% | G111: 5.10 -% | H111: 5.10 -% | I111: 5.10 -% | J111: 5.10 -% | K111: 5.10 -% | L111: 5.10 -% | M111: 5.10 -% | N111: 5.10 -% | O111: 5.10 -% | P111: 5.10 -% | Q111: 5.10 -% | R111: 5.10 -% | S111: 5.10 -% | T111: 5.10 -% | U111: 5.10 -% | V111: 5.10 -% | W111: 5.10 -% | X111: 5.10 -% | Y111: 5.10 -% | Z111: 5.10 -% | AA111: 5.10 -% | AB111: 5.10 -% | AC111: 5.10 -% | AD111: 5.10 -% | AE111: 5.10 -% | AF111: 5.10 -% | AG111: 5.10 -% | AH111: 5.10 -% | AI111: 5.10 -% | AJ111: 5.10 -% | AK111: 5.10 -% | AL111: 5.10 -% | AM111: 5.10 -% | AN111: 5.10 -% | AO111: 5.10 -% | AP111: 5.10 -% | AQ111: 5.10 -% | AR111: 5.10 -% | AS111: 5.10 -% | AT111: 5.10 -% | AU111: 5.10 -% | AV111: 5.10 -% | AW111: 5.10 -% | AX111: 5.10 -% | AY111: 5.10 -% | AZ111: 5.10 -% | BA111: 5.10 -% | BB111: 5.10 -% | BC111: 5.10 -% | BD111: 5.10 -% | BE111: 5.10 -% | BF111: 5.10 -% | BG111: 5.10 -% | BH111: 5.10 -% | BJ111: State Drawal Loss : | BK111: 2.46 -% | BL111: 2.46 -% | BM111: 2.46 -% | BN111: 2.46 -% | BO111: 2.46 -% | BP111: 2.46 -% | BQ111: 2.46 -% | BR111: 2.46 -% | BS111: 2.46 -% | BT111: 2.46 -% | BU111: 2.46 -% | BV111: 2.46 -% | BW111: 2.46 -% | BX111: 2.46 -% | BY111: 2.46 -% | BZ111: 2.46 -% | CA111: 2.46 -% | CB111: 2.46 -% | CC111: 2.46 -% | CD111: 2.46 -% | CE111: 2.46 -% | CF111: 2.46 -% | CG111: 2.46 -% | CH111: 2.46 -% | CI111: 2.46 -% | CJ111: 2.46 -% | CK111: 2.46 -% | CL111: 2.46 -% | CM111: 2.46 -% | CN111: 2.46 -% | CO111: 2.46 -% | CP111: 2.46 -% | CQ111: 2.46 -% | CR111: 2.46 -% | CS111: 2.46 -% | CT111: 2.46 -% | CU111: 2.46 -% | CV111: 2.46 -% | CW111: 2.46 -% | CX111: 2.46 -% | CY111: 2.46 -% | CZ111: 2.46 -% | DA111: 2.46 -% | DB111: 2.46 -% | DC111: 2.46 -% | DD111: 2.46 -% | DE111: 2.46 -% | DF111: 2.46 -% | DG111: 2.46 -% | DH111: 2.46 -% | DI111: 2.46 -% | DJ111: 2.46 -% | DK111: 2.46 -% | DL111: 2.46 -% | DM111: 2.46 -% | DO111: Area Drawal Loss : | DP111: 2.98 -% | DQ111: 2.98 -% | DR111: 2.98 -% | DS111: 2.98 -% | DT111: 2.73 -% | DU111: 2.73 -% | DV111: 2.73 -% | DW111: 2.73 -% | DX111: 2.73 -% | DY111: 2.73 -% | DZ111: 2.73 -% | EA111: 2.98 -% | EB111: 2.98 -% | EC111: 2.98 -% | ED111: 2.98 -% | EE111: 2.98 -% | EF111: 2.98 -% | EG111: 2.98 -% | EH111: 2.98 -% | EI111: 2.98 -% | EJ111: 2.98 -%
BJ112: Only for Portfolios where state losses are externalised | DO112: Only for Portfolios where Area losses are externalised
A113: *Note: This information is only for indicative purposes.

Sheet IEX
A1: Name of Regional Entity: | C1: ANDHRA PRADESH
A2: Code of Regional Entity: | C2: S0RAP0
A4: Issue Date: | C4: 46027
A5: Issue Time: | C5: 0.5625
A6: Scheduling Request for: | C6: 46028
A7: *All figures are in MW
A9: Summary of injection/drawal for scheduling of Collective transaction through Power Exchange with Regional Losses (At Regional Entity Periphery) | E9: Portfoliowise Details of injection(-)/ Drawal(+) with Regional losses (At Regional Entity Periphery) | BN9: Portfoliowise Details of injection(-)/ Drawal(+) with Regional and State losses* | DW9: Portfoliowise Details of injection(-)/ Drawal(+) with Area losses*
A10: Time Period | B10: Sum of Injection(-) by all entities within the state | C10: Sum of Drawal(+) by all entities within the state | E10: Time Period | F10: SP_Zuari_Cement_Limited_Kadapa | G10: CP_Andhra_Pradesh_Central_Power_Distribution_Corporation_Limited | H10: CP_Bhagiradha_Chemicals_&_Industries_Ltd_ONG_192 | I10: CP_JC_Biotech_Private_Limited_(ONG_352) | J10: CP_NSL_Textiles_Limited_EDLAPADU | K10: EP_Andhra_Organics_Limited_SKL247 | L10: EP_Apitoria_Pharma_Private_Limited_SKL139 | M10: EP_Coromandel_International_Limited | N10: EP_Coromandel_International_Ltd_(VSP_166) | O10: EP_Devi_Sea_Foods_Limited_Unit_II_RJY1793 | P10: EP_Gland_Pharma_Limited_(VSP_576) | Q10: EP_Laurus_Labs_Limited_VSP_1267 | R10: EP_Laurus_Labs_Pvt_Ltd_(VSP_554) | S10: EP_Laurus_Labs_Pvt_Ltd_VSP_1202 | T10: EP_Lyfius_Pharma_Private_Limited_RJY1906 | U10: EP_Matrix_Pharmacorp_Private_Limited | V10: EP_Matrix_Pharmacorp_Private_Limited_Unit_8_G_Chodavaram | W10: EP_NACL_Industries_Ltd_SKL_099 | X10: EP_Parry_Sugars_Refinery_India_Pvt_Ltd_RJY_848 | Y10: EP_RUSHIL_DECOR_LIMITED_VSP_1845 | Z10: EP_Sanvira_Industries_Limited_VSP_1200 | AA10: EP_Sarda_Metals_&_Alloys_Limited | AB10: EP_Steel_Exchange_India_Limited_VZM_124 | AC10: EP_Sundaram_Alloys_Limited_(VSP_1205) | AD10: EP_The_Andhra_Sugars_Limited_(ELR_357) | AE10: SP_A_One_Ispat_Pvt_Limited_(ATP_461) | AF10: SP_Amara_Raja_Energy_And_Mobility_Limited_Unit_01 | AG10: SP_Amara_Raja_Energy_And_Mobility_Limited_Unit_02 | AH10: SP_Apollo_Tyres_Limited_TPT_2568 | AI10: SP_Electrosteel_Castings_Limited_(Ferro_Alloys_Division)_TPT_2547 | AJ10: SP_Electrosteel_Castings_Limited_TPT_230 | AK10: SP_Grindwell_Norton_Ltd_TPT051 | AL10: SP_Hindustan_Petroleum_Corporation_Limited_VSP_2123 | AM10: SP_Hindusthan_National_Glasses_&_Industries_Ltd_TPT3265 | AN10: SP_MS_Agarwal_Foundries_Private_Limited_TPT3228 | AO10: SP_Mangal_Industries_Limited_TPT288 | AP10: SP_Mondelez_India_Foods_Private_Limited | AQ10: SP_NSL_Textiles_Limited_Pulivendula | AR10: SP_Ramya_Spinning_Mills_Pvt_Ltd_Ganapavaram_CRD_663 | AS10: SP_SEIL_Energy_India_Limited_Project_2_(Unit 2 STU) | AT10: SP_Sagar_Grandhi_Exports_Private_Limited | AU10: SP_Sree_Jayajothi_Cements_Pvt_Ltd_(KNL_326) | AV10: SP_Sree_Rayalaseema_Alkalies_And_Allied_Chemicals_Ltd_(KNL_179) | AW10: SP_Sree_Rayalaseema_HI_Strength_Hypo_Limited_KNL_1181 | AX10: SP_Sugna_Sponge_And_Power_Private_Limited_NDL382 | AY10: SP_Tadas_Wind_Energy_Private_Limited | AZ10: SP_Vaayu_India_Power_Corporation_Private_Limited_Phase_I | BA10: SP_Vaayu_India_Power_Corporation_Private_Limited_Phase_II | BB10: SP_Vaayu_India_Power_Corporation_Private_Limited_Phase_III | BC10: SP_Vaayu_India_Power_Corporation_Private_Limited_Phase_IV | BD10: SP_Vaayu_India_Power_Corporation_Private_Limited_Phase_V | BE10: SP_Vaayu_India_Power_Corporation_Private_Limited_Phase_VI | BF10: SP_Vaayu_India_Power_Corporation_Private_Limited_Phase_VII | BG10: SP_Vish_Wind_Infrastrukture_LLP_Phase_1 | BH10: SP_Vish_Wind_Infrastrukture_LLP_Phase_2 | BI10: SP_Vish_Wind_Infrastrukture_LLP_Phase_3 | BJ10: SP_Vish_Wind_Infrastrukture_LLP_Phase_III_Ankireddypalli | BK10: SP_Vish_Wind_Infrastrukture_LLP_Phase_II_Ankireddypalli | BL10: SP_Vish_Wind_Infrastrukture_LLP_Phase_IV_Ankireddypalli | BN10: Time Period | BO10: SP_Zuari_Cement_Limited_Kadapa | BP10: CP_Andhra_Pradesh_Central_Power_Distribution_Corporation_Limited | BQ10: CP_Bhagiradha_Chemicals_&_Industries_Ltd_ONG_192 | BR10: CP_JC_Biotech_Private_Limited_(ONG_352) | BS10: CP_NSL_Textiles_Limited_EDLAPADU | BT10: EP_Andhra_Organics_Limited_SKL247 | BU10: EP_Apitoria_Pharma_Private_Limited_SKL139 | BV10: EP_Coromandel_International_Limited | BW10: EP_Coromandel_International_Ltd_(VSP_166) | BX10: EP_Devi_Sea_Foods_Limited_Unit_II_RJY1793 | BY10: EP_Gland_Pharma_Limited_(VSP_576) | BZ10: EP_Laurus_Labs_Limited_VSP_1267 | CA10: EP_Laurus_Labs_Pvt_Ltd_(VSP_554) | CB10: EP_Laurus_Labs_Pvt_Ltd_VSP_1202 | CC10: EP_Lyfius_Pharma_Private_Limited_RJY1906 | CD10: EP_Matrix_Pharmacorp_Private_Limited | CE10: EP_Matrix_Pharmacorp_Private_Limited_Unit_8_G_Chodavaram | CF10: EP_NACL_Industries_Ltd_SKL_099 | CG10: EP_Parry_Sugars_Refinery_India_Pvt_Ltd_RJY_848 | CH10: EP_RUSHIL_DECOR_LIMITED_VSP_1845 | CI10: EP_Sanvira_Industries_Limited_VSP_1200 | CJ10: EP_Sarda_Metals_&_Alloys_Limited | CK10: EP_Steel_Exchange_India_Limited_VZM_124 | CL10: EP_Sundaram_Alloys_Limited_(VSP_1205) | CM10: EP_The_Andhra_Sugars_Limited_(ELR_357) | CN10: SP_A_One_Ispat_Pvt_Limited_(ATP_461) | CO10: SP_Amara_Raja_Energy_And_Mobility_Limited_Unit_01 | CP10: SP_Amara_Raja_Energy_And_Mobility_Limited_Unit_02 | CQ10: SP_Apollo_Tyres_Limited_TPT_2568 | CR10: SP_Electrosteel_Castings_Limited_(Ferro_Alloys_Division)_TPT_2547 | CS10: SP_Electrosteel_Castings_Limited_TPT_230 | CT10: SP_Grindwell_Norton_Ltd_TPT051 | CU10: SP_Hindustan_Petroleum_Corporation_Limited_VSP_2123 | CV10: SP_Hindusthan_National_Glasses_&_Industries_Ltd_TPT3265 | CW10: SP_MS_Agarwal_Foundries_Private_Limited_TPT3228 | CX10: SP_Mangal_Industries_Limited_TPT288 | CY10: SP_Mondelez_India_Foods_Private_Limited | CZ10: SP_NSL_Textiles_Limited_Pulivendula | DA10: SP_Ramya_Spinning_Mills_Pvt_Ltd_Ganapavaram_CRD_663 | DB10: SP_SEIL_Energy_India_Limited_Project_2_(Unit 2 STU) | DC10: SP_Sagar_Grandhi_Exports_Private_Limited | DD10: SP_Sree_Jayajothi_Cements_Pvt_Ltd_(KNL_326) | DE10: SP_Sree_Rayalaseema_Alkalies_And_Allied_Chemicals_Ltd_(KNL_179) | DF10: SP_Sree_Rayalaseema_HI_Strength_Hypo_Limited_KNL_1181 | DG10: SP_Sugna_Sponge_And_Power_Private_Limited_NDL382 | DH10: SP_Tadas_Wind_Energy_Private_Limited | DI10: SP_Vaayu_India_Power_Corporation_Private_Limited_Phase_I | DJ10: SP_Vaayu_India_Power_Corporation_Private_Limited_Phase_II | DK10: SP_Vaayu_India_Power_Corporation_Private_Limited_Phase_III | DL10: SP_Vaayu_India_Power_Corporation_Private_Limited_Phase_IV | DM10: SP_Vaayu_India_Power_Corporation_Private_Limited_Phase_V | DN10: SP_Vaayu_India_Power_Corporation_Private_Limited_Phase_VI | DO10: SP_Vaayu_India_Power_Corporation_Private_Limited_Phase_VII | DP10: SP_Vish_Wind_Infrastrukture_LLP_Phase_1 | DQ10: SP_Vish_Wind_Infrastrukture_LLP_Phase_2 | DR10: SP_Vish_Wind_Infrastrukture_LLP_Phase_3 | DS10: SP_Vish_Wind_Infrastrukture_LLP_Phase_III_Ankireddypalli | DT10: SP_Vish_Wind_Infrastrukture_LLP_Phase_II_Ankireddypalli | DU10: SP_Vish_Wind_Infrastrukture_LLP_Phase_IV_Ankireddypalli | DW10: Time Period | DX10: CP_Bhagiradha_Chemicals_&_Industries_Ltd_ONG_192 | DY10: CP_JC_Biotech_Private_Limited_(ONG_352) | DZ10: CP_NSL_Textiles_Limited_EDLAPADU | EA10: EP_Andhra_Organics_Limited_SKL247 | EB10: EP_Devi_Sea_Foods_Limited_Unit_II_RJY1793 | EC10: EP_Gland_Pharma_Limited_(VSP_576) | ED10: EP_Laurus_Labs_Limited_VSP_1267 | EE10: EP_Laurus_Labs_Pvt_Ltd_(VSP_554) | EF10: EP_Laurus_Labs_Pvt_Ltd_VSP_1202 | EG10: EP_Matrix_Pharmacorp_Private_Limited | EH10: EP_Matrix_Pharmacorp_Private_Limited_Unit_8_G_Chodavaram | EI10: EP_NACL_Industries_Ltd_SKL_099 | EJ10: SP_A_One_Ispat_Pvt_Limited_(ATP_461) | EK10: SP_NSL_Textiles_Limited_Pulivendula | EL10: SP_Ramya_Spinning_Mills_Pvt_Ltd_Ganapavaram_CRD_663 | EM10: SP_Sagar_Grandhi_Exports_Private_Limited | EN10: SP_Sree_Rayalaseema_HI_Strength_Hypo_Limited_KNL_1181 | EO10: SP_Sugna_Sponge_And_Power_Private_Limited_NDL382
A11: 00:00 - 00:15 | B11: -60.6 | C11: 221.31 | E11: 00:00 - 00:15 | F11: 9.49 | G11: 0 | H11: 2.85 | I11: 1.14 | J11: 0 | K11: 0 | L11: 0 | M11: 0 | N11: 3.8 | O11: 1.14 | P11: 0 | Q11: 5.5 | R11: 5.69 | S11: 7.12 | T11: 0 | U11: 0.66 | V11: 2.47 | W11: 1.9 | X11: -0.9 | Y11: 0 | Z11: -3.2 | AA11: -2.4 | AB11: -2 | AC11: 18.98 | AD11: 0 | AE11: 7.02 | AF11: 7.97 | AG11: 13.1 | AH11: 0 | AI11: 0 | AJ11: 0 | AK11: 3.32 | AL11: 36.54 | AM11: 7.12 | AN11: 0 | AO11: 0.95 | AP11: 5.69 | AQ11: 0 | AR11: 0.57 | AS11: -21.9 | AT11: 0 | AU11: 0 | AV11: 74.97 | AW11: 3.32 | AX11: 0 | AY11: -18.1 | AZ11: -0.8 | BA11: -0.8 | BB11: -0.8 | BC11: -1.3 | BD11: -0.8 | BE11: -0.9 | BF11: -1.9 | BG11: -2.6 | BH11: -0.7 | BI11: -0.2 | BJ11: -0.3 | BK11: -0.7 | BL11: -0.3 | BN11: 00:00 - 00:15 | BO11: 9.26 | BP11: 0 | BQ11: 2.78 | BR11: 1.11 | BS11: 0 | BT11: 0 | BU11: 0 | BV11: 0 | BW11: 3.71 | BX11: 1.11 | BY11: 0 | BZ11: 5.36 | CA11: 5.55 | CB11: 6.94 | CC11: 0 | CD11: 0.64 | CE11: 2.41 | CF11: 1.85 | CG11: -0.92 | CH11: 0 | CI11: -3.28 | CJ11: -2.46 | CK11: -2.05 | CL11: 18.51 | CM11: 0 | CN11: 6.85 | CO11: 7.77 | CP11: 12.78 | CQ11: 0 | CR11: 0 | CS11: 0 | CT11: 3.24 | CU11: 35.64 | CV11: 6.94 | CW11: 0 | CX11: 0.93 | CY11: 5.55 | CZ11: 0 | DA11: 0.56 | DB11: -22.45 | DC11: 0 | DD11: 0 | DE11: 73.13 | DF11: 3.24 | DG11: 0 | DH11: -18.56 | DI11: -0.82 | DJ11: -0.82 | DK11: -0.82 | DL11: -1.33 | DM11: -0.82 | DN11: -0.92 | DO11: -1.95 | DP11: -2.67 | DQ11: -0.72 | DR11: -0.21 | DS11: -0.31 | DT11: -0.72 | DU11: -0.31 | DW11: 00:00 - 00:15 | DX11: 2.7 | DY11: 1.08 | DZ11: 0 | EA11: 0 | EB11: 1.08 | EC11: 0 | ED11: 5.21 | EE11: 5.4 | EF11: 6.75 | EG11: 0.62 | EH11: 2.34 | EI11: 1.8 | EJ11: 6.65 | EK11: 0 | EL11: 0.54 | EM11: 0 | EN11: 3.14 | EO11: 0
A12: 00:15 - 00:30 | B12: -37.6 | C12: 209.82 | E12: 00:15 - 00:30 | F12: 9.49 | G12: 0 | H12: 2.85 | I12: 1.14 | J12: 0 | K12: 0 | L12: 0 | M12: 0 | N12: 0 | O12: 1.14 | P12: 0 | Q12: 5.5 | R12: 5.69 | S12: 7.12 | T12: 0 | U12: 0 | V12: 2.47 | W12: 1.9 | X12: -0.9 | Y12: 0 | Z12: -3.2 | AA12: -2.4 | AB12: -2 | AC12: 18.98 | AD12: 0 | AE12: 0 | AF12: 7.97 | AG12: 13.1 | AH12: 0 | AI12: 0 | AJ12: 0 | AK12: 3.32 | AL12: 36.54 | AM12: 7.12 | AN12: 0 | AO12: 0.95 | AP12: 5.69 | AQ12: 0 | AR12: 0.57 | AS12: 0 | AT12: 0 | AU12: 0 | AV12: 74.96 | AW12: 3.32 | AX12: 0 | AY12: -17.6 | AZ12: -0.7 | BA12: -0.7 | BB12: -0.7 | BC12: -1.3 | BD12: -0.7 | BE12: -0.9 | BF12: -1.9 | BG12: -2.4 | BH12: -0.7 | BI12: -0.2 | BJ12: -0.3 | BK12: -0.7 | BL12: -0.3 | BN12: 00:15 - 00:30 | BO12: 9.26 | BP12: 0 | BQ12: 2.78 | BR12: 1.11 | BS12: 0 | BT12: 0 | BU12: 0 | BV12: 0 | BW12: 0 | BX12: 1.11 | BY12: 0 | BZ12: 5.36 | CA12: 5.55 | CB12: 6.94 | CC12: 0 | CD12: 0 | CE12: 2.41 | CF12: 1.85 | CG12: -0.92 | CH12: 0 | CI12: -3.28 | CJ12: -2.46 | CK12: -2.05 | CL12: 18.51 | CM12: 0 | CN12: 0 | CO12: 7.77 | CP12: 12.78 | CQ12: 0 | CR12: 0 | CS12: 0 | CT12: 3.24 | CU12: 35.64 | CV12: 6.94 | CW12: 0 | CX12: 0.93 | CY12: 5.55 | CZ12: 0 | DA12: 0.56 | DB12: 0 | DC12: 0 | DD12: 0 | DE12: 73.12 | DF12: 3.24 | DG12: 0 | DH12: -18.04 | DI12: -0.72 | DJ12: -0.72 | DK12: -0.72 | DL12: -1.33 | DM12: -0.72 | DN12: -0.92 | DO12: -1.95 | DP12: -2.46 | DQ12: -0.72 | DR12: -0.21 | DS12: -0.31 | DT12: -0.72 | DU12: -0.31 | DW12: 00:15 - 00:30 | DX12: 2.7 | DY12: 1.08 | DZ12: 0 | EA12: 0 | EB12: 1.08 | EC12: 0 | ED12: 5.21 | EE12: 5.4 | EF12: 6.75 | EG12: 0 | EH12: 2.34 | EI12: 1.8 | EJ12: 0 | EK12: 0 | EL12: 0.54 | EM12: 0 | EN12: 3.14 | EO12: 0
A13: 00:30 - 00:45 | B13: -36.1 | C13: 202.09 | E13: 00:30 - 00:45 | F13: 9.49 | G13: 0 | H13: 2.85 | I13: 1.14 | J13: 0 | K13: 0 | L13: 0 | M13: 0 | N13: 0 | O13: 1.14 | P13: 0 | Q13: 5.5 | R13: 5.69 | S13: 7.12 | T13: 0 | U13: 0 | V13: 2.47 | W13: 1.9 | X13: -0.9 | Y13: 0 | Z13: -3.2 | AA13: -2.4 | AB13: -2 | AC13: 18.98 | AD13: 0 | AE13: 0 | AF13: 5.05 | AG13: 8.28 | AH13: 0 | AI13: 0 | AJ13: 0 | AK13: 3.32 | AL13: 36.54 | AM13: 7.12 | AN13: 0 | AO13: 0.95 | AP13: 5.69 | AQ13: 0 | AR13: 0.57 | AS13: 0 | AT13: 0 | AU13: 0 | AV13: 74.97 | AW13: 3.32 | AX13: 0 | AY13: -15.4 | AZ13: -0.7 | BA13: -0.7 | BB13: -0.7 | BC13: -1.9 | BD13: -0.7 | BE13: -1.3 | BF13: -1.8 | BG13: -2.2 | BH13: -0.7 | BI13: -0.2 | BJ13: -0.3 | BK13: -0.7 | BL13: -0.3 | BN13: 00:30 - 00:45 | BO13: 9.26 | BP13: 0 | BQ13: 2.78 | BR13: 1.11 | BS13: 0 | BT13: 0 | BU13: 0 | BV13: 0 | BW13: 0 | BX13: 1.11 | BY13: 0 | BZ13: 5.36 | CA13: 5.55 | CB13: 6.94 | CC13: 0 | CD13: 0 | CE13: 2.41 | CF13: 1.85 | CG13: -0.92 | CH13: 0 | CI13: -3.28 | CJ13: -2.46 | CK13: -2.05 | CL13: 18.51 | CM13: 0 | CN13: 0 | CO13: 4.93 | CP13: 8.08 | CQ13: 0 | CR13: 0 | CS13: 0 | CT13: 3.24 | CU13: 35.64 | CV13: 6.94 | CW13: 0 | CX13: 0.93 | CY13: 5.55 | CZ13: 0 | DA13: 0.56 | DB13: 0 | DC13: 0 | DD13: 0 | DE13: 73.13 | DF13: 3.24 | DG13: 0 | DH13: -15.79 | DI13: -0.72 | DJ13: -0.72 | DK13: -0.72 | DL13: -1.95 | DM13: -0.72 | DN13: -1.33 | DO13: -1.85 | DP13: -2.26 | DQ13: -0.72 | DR13: -0.21 | DS13: -0.31 | DT13: -0.72 | DU13: -0.31 | DW13: 00:30 - 00:45 | DX13: 2.7 | DY13: 1.08 | DZ13: 0 | EA13: 0 | EB13: 1.08 | EC13: 0 | ED13: 5.21 | EE13: 5.4 | EF13: 6.75 | EG13: 0 | EH13: 2.34 | EI13: 1.8 | EJ13: 0 | EK13: 0 | EL13: 0.54 | EM13: 0 | EN13: 3.14 | EO13: 0
A14: 00:45 - 01:00 | B14: -34.3 | C14: 209.82 | E14: 00:45 - 01:00 | F14: 9.49 | G14: 0 | H14: 2.85 | I14: 1.14 | J14: 0 | K14: 0 | L14: 0 | M14: 0 | N14: 0 | O14: 1.14 | P14: 0 | Q14: 5.5 | R14: 5.69 | S14: 7.12 | T14: 0 | U14: 0 | V14: 2.47 | W14: 1.9 | X14: -0.9 | Y14: 0 | Z14: -3.2 | AA14: -2.4 | AB14: -2 | AC14: 18.98 | AD14: 0 | AE14: 0 | AF14: 7.97 | AG14: 13.1 | AH14: 0 | AI14: 0 | AJ14: 0 | AK14: 3.32 | AL14: 36.54 | AM14: 7.12 | AN14: 0 | AO14: 0.95 | AP14: 5.69 | AQ14: 0 | AR14: 0.57 | AS14: 0 | AT14: 0 | AU14: 0 | AV14: 74.96 | AW14: 3.32 | AX14: 0 | AY14: -14 | AZ14: -0.7 | BA14: -0.7 | BB14: -0.7 | BC14: -1.9 | BD14: -0.7 | BE14: -1.2 | BF14: -1.8 | BG14: -2 | BH14: -0.7 | BI14: -0.1 | BJ14: -0.3 | BK14: -0.7 | BL14: -0.3 | BN14: 00:45 - 01:00 | BO14: 9.26 | BP14: 0 | BQ14: 2.78 | BR14: 1.11 | BS14: 0 | BT14: 0 | BU14: 0 | BV14: 0 | BW14: 0 | BX14: 1.11 | BY14: 0 | BZ14: 5.36 | CA14: 5.55 | CB14: 6.94 | CC14: 0 | CD14: 0 | CE14: 2.41 | CF14: 1.85 | CG14: -0.92 | CH14: 0 | CI14: -3.28 | CJ14: -2.46 | CK14: -2.05 | CL14: 18.51 | CM14: 0 | CN14: 0 | CO14: 7.77 | CP14: 12.78 | CQ14: 0 | CR14: 0 | CS14: 0 | CT14: 3.24 | CU14: 35.64 | CV14: 6.94 | CW14: 0 | CX14: 0.93 | CY14: 5.55 | CZ14: 0 | DA14: 0.56 | DB14: 0 | DC14: 0 | DD14: 0 | DE14: 73.12 | DF14: 3.24 | DG14: 0 | DH14: -14.35 | DI14: -0.72 | DJ14: -0.72 | DK14: -0.72 | DL14: -1.95 | DM14: -0.72 | DN14: -1.23 | DO14: -1.85 | DP14: -2.05 | DQ14: -0.72 | DR14: -0.1 | DS14: -0.31 | DT14: -0.72 | DU14: -0.31 | DW14: 00:45 - 01:00 | DX14: 2.7 | DY14: 1.08 | DZ14: 0 | EA14: 0 | EB14: 1.08 | EC14: 0 | ED14: 5.21 | EE14: 5.4 | EF14: 6.75 | EG14: 0 | EH14: 2.34 | EI14: 1.8 | EJ14: 0 | EK14: 0 | EL14: 0.54 | EM14: 0 | EN14: 3.14 | EO14: 0
A15: 01:00 - 01:15 | B15: -32.7 | C15: 209.82 | E15: 01:00 - 01:15 | F15: 9.49 | G15: 0 | H15: 2.85 | I15: 1.14 | J15: 0 | K15: 0 | L15: 0 | M15: 0 | N15: 0 | O15: 1.14 | P15: 0 | Q15: 5.5 | R15: 5.69 | S15: 7.12 | T15: 0 | U15: 0 | V15: 2.47 | W15: 1.9 | X15: -0.9 | Y15: 0 | Z15: -3.2 | AA15: -2.4 | AB15: -2 | AC15: 18.98 | AD15: 0 | AE15: 0 | AF15: 7.97 | AG15: 13.1 | AH15: 0 | AI15: 0 | AJ15: 0 | AK15: 3.32 | AL15: 36.54 | AM15: 7.12 | AN15: 0 | AO15: 0.95 | AP15: 5.69 | AQ15: 0 | AR15: 0.57 | AS15: 0 | AT15: 0 | AU15: 0 | AV15: 74.96 | AW15: 3.32 | AX15: 0 | AY15: -12.7 | AZ15: -0.7 | BA15: -0.7 | BB15: -0.7 | BC15: -1.8 | BD15: -0.7 | BE15: -1.2 | BF15: -1.7 | BG15: -1.8 | BH15: -0.7 | BI15: -0.2 | BJ15: -0.3 | BK15: -0.7 | BL15: -0.3 | BN15: 01:00 - 01:15 | BO15: 9.26 | BP15: 0 | BQ15: 2.78 | BR15: 1.11 | BS15: 0 | BT15: 0 | BU15: 0 | BV15: 0 | BW15: 0 | BX15: 1.11 | BY15: 0 | BZ15: 5.36 | CA15: 5.55 | CB15: 6.94 | CC15: 0 | CD15: 0 | CE15: 2.41 | CF15: 1.85 | CG15: -0.92 | CH15: 0 | CI15: -3.28 | CJ15: -2.46 | CK15: -2.05 | CL15: 18.51 | CM15: 0 | CN15: 0 | CO15: 7.77 | CP15: 12.78 | CQ15: 0 | CR15: 0 | CS15: 0 | CT15: 3.24 | CU15: 35.64 | CV15: 6.94 | CW15: 0 | CX15: 0.93 | CY15: 5.55 | CZ15: 0 | DA15: 0.56 | DB15: 0 | DC15: 0 | DD15: 0 | DE15: 73.12 | DF15: 3.24 | DG15: 0 | DH15: -13.02 | DI15: -0.72 | DJ15: -0.72 | DK15: -0.72 | DL15: -1.85 | DM15: -0.72 | DN15: -1.23 | DO15: -1.74 | DP15: -1.85 | DQ15: -0.72 | DR15: -0.21 | DS15: -0.31 | DT15: -0.72 | DU15: -0.31 | DW15: 01:00 - 01:15 | DX15: 2.7 | DY15: 1.08 | DZ15: 0 | EA15: 0 | EB15: 1.08 | EC15: 0 | ED15: 5.21 | EE15: 5.4 | EF15: 6.75 | EG15: 0 | EH15: 2.34 | EI15: 1.8 | EJ15: 0 | EK15: 0 | EL15: 0.54 | EM15: 0 | EN15: 3.14 | EO15: 0
A16: 01:15 - 01:30 | B16: -32 | C16: 216.85 | E16: 01:15 - 01:30 | F16: 9.49 | G16: 0 | H16: 2.85 | I16: 1.14 | J16: 0 | K16: 0 | L16: 0 | M16: 0 | N16: 0 | O16: 1.14 | P16: 0 | Q16: 5.5 | R16: 5.69 | S16: 7.12 | T16: 0 | U16: 0 | V16: 2.47 | W16: 1.9 | X16: -0.9 | Y16: 0 | Z16: -3.2 | AA16: -2.4 | AB16: -2 | AC16: 18.98 | AD16: 0 | AE16: 7.02 | AF16: 7.97 | AG16: 13.1 | AH16: 0 | AI16: 0 | AJ16: 0 | AK16: 3.32 | AL16: 36.54 | AM16: 7.12 | AN16: 0 | AO16: 0.95 | AP16: 5.69 | AQ16: 0 | AR16: 0.57 | AS16: 0 | AT16: 0 | AU16: 0 | AV16: 74.97 | AW16: 3.32 | AX16: 0 | AY16: -11.9 | AZ16: -0.7 | BA16: -0.7 | BB16: -0.7 | BC16: -1.7 | BD16: -0.7 | BE16: -1.2 | BF16: -1.6 | BG16: -1.6 | BH16: -1.2 | BI16: -0.2 | BJ16: -0.3 | BK16: -0.7 | BL16: -0.3 | BN16: 01:15 - 01:30 | BO16: 9.26 | BP16: 0 | BQ16: 2.78 | BR16: 1.11 | BS16: 0 | BT16: 0 | BU16: 0 | BV16: 0 | BW16: 0 | BX16: 1.11 | BY16: 0 | BZ16: 5.36 | CA16: 5.55 | CB16: 6.94 | CC16: 0 | CD16: 0 | CE16: 2.41 | CF16: 1.85 | CG16: -0.92 | CH16: 0 | CI16: -3.28 | CJ16: -2.46 | CK16: -2.05 | CL16: 18.51 | CM16: 0 | CN16: 6.85 | CO16: 7.77 | CP16: 12.78 | CQ16: 0 | CR16: 0 | CS16: 0 | CT16: 3.24 | CU16: 35.64 | CV16: 6.94 | CW16: 0 | CX16: 0.93 | CY16: 5.55 | CZ16: 0 | DA16: 0.56 | DB16: 0 | DC16: 0 | DD16: 0 | DE16: 73.13 | DF16: 3.24 | DG16: 0 | DH16: -12.2 | DI16: -0.72 | DJ16: -0.72 | DK16: -0.72 | DL16: -1.74 | DM16: -0.72 | DN16: -1.23 | DO16: -1.64 | DP16: -1.64 | DQ16: -1.23 | DR16: -0.21 | DS16: -0.31 | DT16: -0.72 | DU16: -0.31 | DW16: 01:15 - 01:30 | DX16: 2.7 | DY16: 1.08 | DZ16: 0 | EA16: 0 | EB16: 1.08 | EC16: 0 | ED16: 5.21 | EE16: 5.4 | EF16: 6.75 | EG16: 0 | EH16: 2.34 | EI16: 1.8 | EJ16: 6.65 | EK16: 0 | EL16: 0.54 | EM16: 0 | EN16: 3.14 | EO16: 0
A17: 01:30 - 01:45 | B17: -32 | C17: 219.95 | E17: 01:30 - 01:45 | F17: 9.49 | G17: 0 | H17: 2.85 | I17: 1.14 | J17: 0 | K17: 0 | L17: 0 | M17: 0 | N17: 2.64 | O17: 1.14 | P17: 0 | Q17: 5.5 | R17: 5.69 | S17: 7.12 | T17: 0 | U17: 0.47 | V17: 2.47 | W17: 1.9 | X17: -0.9 | Y17: 0 | Z17: -3.2 | AA17: -2.4 | AB17: -2 | AC17: 18.98 | AD17: 0 | AE17: 7.02 | AF17: 7.97 | AG17: 13.1 | AH17: 0 | AI17: 0 | AJ17: 0 | AK17: 3.32 | AL17: 36.54 | AM17: 7.12 | AN17: 0 | AO17: 0.95 | AP17: 5.69 | AQ17: 0 | AR17: 0.57 | AS17: 0 | AT17: 0 | AU17: 0 | AV17: 74.96 | AW17: 3.32 | AX17: 0 | AY17: -11.9 | AZ17: -0.9 | BA17: -0.9 | BB17: -0.9 | BC17: -1.6 | BD17: -0.9 | BE17: -1.1 | BF17: -1.5 | BG17: -1.4 | BH17: -1.2 | BI17: -0.2 | BJ17: -0.2 | BK17: -0.6 | BL17: -0.2 | BN17: 01:30 - 01:45 | BO17: 9.26 | BP17: 0 | BQ17: 2.78 | BR17: 1.11 | BS17: 0 | BT17: 0 | BU17: 0 | BV17: 0 | BW17: 2.58 | BX17: 1.11 | BY17: 0 | BZ17: 5.36 | CA17: 5.55 | CB17: 6.94 | CC17: 0 | CD17: 0.46 | CE17: 2.41 | CF17: 1.85 | CG17: -0.92 | CH17: 0 | CI17: -3.28 | CJ17: -2.46 | CK17: -2.05 | CL17: 18.51 | CM17: 0 | CN17: 6.85 | CO17: 7.77 | CP17: 12.78 | CQ17: 0 | CR17: 0 | CS17: 0 | CT17: 3.24 | CU17: 35.64 | CV17: 6.94 | CW17: 0 | CX17: 0.93 | CY17: 5.55 | CZ17: 0 | DA17: 0.56 | DB17: 0 | DC17: 0 | DD17: 0 | DE17: 73.12 | DF17: 3.24 | DG17: 0 | DH17: -12.2 | DI17: -0.92 | DJ17: -0.92 | DK17: -0.92 | DL17: -1.64 | DM17: -0.92 | DN17: -1.13 | DO17: -1.54 | DP17: -1.44 | DQ17: -1.23 | DR17: -0.21 | DS17: -0.21 | DT17: -0.62 | DU17: -0.21 | DW17: 01:30 - 01:45 | DX17: 2.7 | DY17: 1.08 | DZ17: 0 | EA17: 0 | EB17: 1.08 | EC17: 0 | ED17: 5.21 | EE17: 5.4 | EF17: 6.75 | EG17: 0.45 | EH17: 2.34 | EI17: 1.8 | EJ17: 6.65 | EK17: 0 | EL17: 0.54 | EM17: 0 | EN17: 3.14 | EO17: 0
A18: 01:45 - 02:00 | B18: -30.5 | C18: 221.31 | E18: 01:45 - 02:00 | F18: 9.49 | G18: 0 | H18: 2.85 | I18: 1.14 | J18: 0 | K18: 0 | L18: 0 | M18: 0 | N18: 3.8 | O18: 1.14 | P18: 0 | Q18: 5.5 | R18: 5.69 | S18: 7.12 | T18: 0 | U18: 0.66 | V18: 2.47 | W18: 1.9 | X18: -0.9 | Y18: 0 | Z18: -3.2 | AA18: -2.4 | AB18: -2 | AC18: 18.98 | AD18: 0 | AE18: 7.02 | AF18: 7.97 | AG18: 13.1 | AH18: 0 | AI18: 0 | AJ18: 0 | AK18: 3.32 | AL18: 36.54 | AM18: 7.12 | AN18: 0 | AO18: 0.95 | AP18: 5.69 | AQ18: 0 | AR18: 0.57 | AS18: 0 | AT18: 0 | AU18: 0 | AV18: 74.97 | AW18: 3.32 | AX18: 0 | AY18: -10.9 | AZ18: -0.9 | BA18: -0.9 | BB18: -0.9 | BC18: -1.5 | BD18: -0.9 | BE18: -1 | BF18: -1.3 | BG18: -1.3 | BH18: -1.2 | BI18: -0.2 | BJ18: -0.2 | BK18: -0.6 | BL18: -0.2 | BN18: 01:45 - 02:00 | BO18: 9.26 | BP18: 0 | BQ18: 2.78 | BR18: 1.11 | BS18: 0 | BT18: 0 | BU18: 0 | BV18: 0 | BW18: 3.71 | BX18: 1.11 | BY18: 0 | BZ18: 5.36 | CA18: 5.55 | CB18: 6.94 | CC18: 0 | CD18: 0.64 | CE18: 2.41 | CF18: 1.85 | CG18: -0.92 | CH18: 0 | CI18: -3.28 | CJ18: -2.46 | CK18: -2.05 | CL18: 18.51 | CM18: 0 | CN18: 6.85 | CO18: 7.77 | CP18: 12.78 | CQ18: 0 | CR18: 0 | CS18: 0 | CT18: 3.24 | CU18: 35.64 | CV18: 6.94 | CW18: 0 | CX18: 0.93 | CY18: 5.55 | CZ18: 0 | DA18: 0.56 | DB18: 0 | DC18: 0 | DD18: 0 | DE18: 73.13 | DF18: 3.24 | DG18: 0 | DH18: -11.17 | DI18: -0.92 | DJ18: -0.92 | DK18: -0.92 | DL18: -1.54 | DM18: -0.92 | DN18: -1.03 | DO18: -1.33 | DP18: -1.33 | DQ18: -1.23 | DR18: -0.21 | DS18: -0.21 | DT18: -0.62 | DU18: -0.21 | DW18: 01:45 - 02:00 | DX18: 2.7 | DY18: 1.08 | DZ18: 0 | EA18: 0 | EB18: 1.08 | EC18: 0 | ED18: 5.21 | EE18: 5.4 | EF18: 6.75 | EG18: 0.62 | EH18: 2.34 | EI18: 1.8 | EJ18: 6.65 | EK18: 0 | EL18: 0.54 | EM18: 0 | EN18: 3.14 | EO18: 0
A19: 02:00 - 02:15 | B19: -29.5 | C19: 221.31 | E19: 02:00 - 02:15 | F19: 9.49 | G19: 0 | H19: 2.85 | I19: 1.14 | J19: 0 | K19: 0 | L19: 0 | M19: 0 | N19: 3.8 | O19: 1.14 | P19: 0 | Q19: 5.5 | R19: 5.69 | S19: 7.12 | T19: 0 | U19: 0.66 | V19: 2.47 | W19: 1.9 | X19: -0.9 | Y19: 0 | Z19: -3.2 | AA19: -2.4 | AB19: -2 | AC19: 18.98 | AD19: 0 | AE19: 7.02 | AF19: 7.97 | AG19: 13.1 | AH19: 0 | AI19: 0 | AJ19: 0 | AK19: 3.32 | AL19: 36.54 | AM19: 7.12 | AN19: 0 | AO19: 0.95 | AP19: 5.69 | AQ19: 0 | AR19: 0.57 | AS19: 0 | AT19: 0 | AU19: 0 | AV19: 74.97 | AW19: 3.32 | AX19: 0 | AY19: -9.4 | AZ19: -0.8 | BA19: -0.8 | BB19: -0.8 | BC19: -2 | BD19: -0.8 | BE19: -1.4 | BF19: -1.2 | BG19: -1.2 | BH19: -1.2 | BI19: -0.2 | BJ19: -0.3 | BK19: -0.6 | BL19: -0.3 | BN19: 02:00 - 02:15 | BO19: 9.26 | BP19: 0 | BQ19: 2.78 | BR19: 1.11 | BS19: 0 | BT19: 0 | BU19: 0 | BV19: 0 | BW19: 3.71 | BX19: 1.11 | BY19: 0 | BZ19: 5.36 | CA19: 5.55 | CB19: 6.94 | CC19: 0 | CD19: 0.64 | CE19: 2.41 | CF19: 1.85 | CG19: -0.92 | CH19: 0 | CI19: -3.28 | CJ19: -2.46 | CK19: -2.05 | CL19: 18.51 | CM19: 0 | CN19: 6.85 | CO19: 7.77 | CP19: 12.78 | CQ19: 0 | CR19: 0 | CS19: 0 | CT19: 3.24 | CU19: 35.64 | CV19: 6.94 | CW19: 0 | CX19: 0.93 | CY19: 5.55 | CZ19: 0 | DA19: 0.56 | DB19: 0 | DC19: 0 | DD19: 0 | DE19: 73.13 | DF19: 3.24 | DG19: 0 | DH19: -9.64 | DI19: -0.82 | DJ19: -0.82 | DK19: -0.82 | DL19: -2.05 | DM19: -0.82 | DN19: -1.44 | DO19: -1.23 | DP19: -1.23 | DQ19: -1.23 | DR19: -0.21 | DS19: -0.31 | DT19: -0.62 | DU19: -0.31 | DW19: 02:00 - 02:15 | DX19: 2.7 | DY19: 1.08 | DZ19: 0 | EA19: 0 | EB19: 1.08 | EC19: 0 | ED19: 5.21 | EE19: 5.4 | EF19: 6.75 | EG19: 0.62 | EH19: 2.34 | EI19: 1.8 | EJ19: 6.65 | EK19: 0 | EL19: 0.54 | EM19: 0 | EN19: 3.14 | EO19: 0
A20: 02:15 - 02:30 | B20: -29.1 | C20: 221.31 | E20: 02:15 - 02:30 | F20: 9.49 | G20: 0 | H20: 2.85 | I20: 1.14 | J20: 0 | K20: 0 | L20: 0 | M20: 0 | N20: 3.8 | O20: 1.14 | P20: 0 | Q20: 5.5 | R20: 5.69 | S20: 7.12 | T20: 0 | U20: 0.66 | V20: 2.47 | W20: 1.9 | X20: -0.9 | Y20: 0 | Z20: -3.2 | AA20: -2.4 | AB20: -2 | AC20: 18.98 | AD20: 0 | AE20: 7.02 | AF20: 7.97 | AG20: 13.1 | AH20: 0 | AI20: 0 | AJ20: 0 | AK20: 3.32 | AL20: 36.54 | AM20: 7.12 | AN20: 0 | AO20: 0.95 | AP20: 5.69 | AQ20: 0 | AR20: 0.57 | AS20: 0 | AT20: 0 | AU20: 0 | AV20: 74.97 | AW20: 3.32 | AX20: 0 | AY20: -9 | AZ20: -0.8 | BA20: -0.8 | BB20: -0.8 | BC20: -2 | BD20: -0.8 | BE20: -1.3 | BF20: -1.1 | BG20: -1.4 | BH20: -1.2 | BI20: -0.2 | BJ20: -0.3 | BK20: -0.6 | BL20: -0.3 | BN20: 02:15 - 02:30 | BO20: 9.26 | BP20: 0 | BQ20: 2.78 | BR20: 1.11 | BS20: 0 | BT20: 0 | BU20: 0 | BV20: 0 | BW20: 3.71 | BX20: 1.11 | BY20: 0 | BZ20: 5.36 | CA20: 5.55 | CB20: 6.94 | CC20: 0 | CD20: 0.64 | CE20: 2.41 | CF20: 1.85 | CG20: -0.92 | CH20: 0 | CI20: -3.28 | CJ20: -2.46 | CK20: -2.05 | CL20: 18.51 | CM20: 0 | CN20: 6.85 | CO20: 7.77 | CP20: 12.78 | CQ20: 0 | CR20: 0 | CS20: 0 | CT20: 3.24 | CU20: 35.64 | CV20: 6.94 | CW20: 0 | CX20: 0.93 | CY20: 5.55 | CZ20: 0 | DA20: 0.56 | DB20: 0 | DC20: 0 | DD20: 0 | DE20: 73.13 | DF20: 3.24 | DG20: 0 | DH20: -9.23 | DI20: -0.82 | DJ20: -0.82 | DK20: -0.82 | DL20: -2.05 | DM20: -0.82 | DN20: -1.33 | DO20: -1.13 | DP20: -1.44 | DQ20: -1.23 | DR20: -0.21 | DS20: -0.31 | DT20: -0.62 | DU20: -0.31 | DW20: 02:15 - 02:30 | DX20: 2.7 | DY20: 1.08 | DZ20: 0 | EA20: 0 | EB20: 1.08 | EC20: 0 | ED20: 5.21 | EE20: 5.4 | EF20: 6.75 | EG20: 0.62 | EH20: 2.34 | EI20: 1.8 | EJ20: 6.65 | EK20: 0 | EL20: 0.54 | EM20: 0 | EN20: 3.14 | EO20: 0
A21: 02:30 - 02:45 | B21: -29.8 | C21: 221.31 | E21: 02:30 - 02:45 | F21: 9.49 | G21: 0 | H21: 2.85 | I21: 1.14 | J21: 0 | K21: 0 | L21: 0 | M21: 0 | N21: 3.8 | O21: 1.14 | P21: 0 | Q21: 5.5 | R21: 5.69 | S21: 7.12 | T21: 0 | U21: 0.66 | V21: 2.47 | W21: 1.9 | X21: -0.9 | Y21: 0 | Z21: -3.2 | AA21: -2.4 | AB21: -2 | AC21: 18.98 | AD21: 0 | AE21: 7.02 | AF21: 7.97 | AG21: 13.1 | AH21: 0 | AI21: 0 | AJ21: 0 | AK21: 3.32 | AL21: 36.54 | AM21: 7.12 | AN21: 0 | AO21: 0.95 | AP21: 5.69 | AQ21: 0 | AR21: 0.57 | AS21: 0 | AT21: 0 | AU21: 0 | AV21: 74.97 | AW21: 3.32 | AX21: 0 | AY21: -9.6 | AZ21: -0.7 | BA21: -0.7 | BB21: -0.7 | BC21: -2 | BD21: -0.7 | BE21: -1.4 | BF21: -1.2 | BG21: -1.4 | BH21: -1.2 | BI21: -0.2 | BJ21: -0.4 | BK21: -0.7 | BL21: -0.4 | BN21: 02:30 - 02:45 | BO21: 9.26 | BP21: 0 | BQ21: 2.78 | BR21: 1.11 | BS21: 0 | BT21: 0 | BU21: 0 | BV21: 0 | BW21: 3.71 | BX21: 1.11 | BY21: 0 | BZ21: 5.36 | CA21: 5.55 | CB21: 6.94 | CC21: 0 | CD21: 0.64 | CE21: 2.41 | CF21: 1.85 | CG21: -0.92 | CH21: 0 | CI21: -3.28 | CJ21: -2.46 | CK21: -2.05 | CL21: 18.51 | CM21: 0 | CN21: 6.85 | CO21: 7.77 | CP21: 12.78 | CQ21: 0 | CR21: 0 | CS21: 0 | CT21: 3.24 | CU21: 35.64 | CV21: 6.94 | CW21: 0 | CX21: 0.93 | CY21: 5.55 | CZ21: 0 | DA21: 0.56 | DB21: 0 | DC21: 0 | DD21: 0 | DE21: 73.13 | DF21: 3.24 | DG21: 0 | DH21: -9.84 | DI21: -0.72 | DJ21: -0.72 | DK21: -0.72 | DL21: -2.05 | DM21: -0.72 | DN21: -1.44 | DO21: -1.23 | DP21: -1.44 | DQ21: -1.23 | DR21: -0.21 | DS21: -0.41 | DT21: -0.72 | DU21: -0.41 | DW21: 02:30 - 02:45 | DX21: 2.7 | DY21: 1.08 | DZ21: 0 | EA21: 0 | EB21: 1.08 | EC21: 0 | ED21: 5.21 | EE21: 5.4 | EF21: 6.75 | EG21: 0.62 | EH21: 2.34 | EI21: 1.8 | EJ21: 6.65 | EK21: 0 | EL21: 0.54 | EM21: 0 | EN21: 3.14 | EO21: 0
A22: 02:45 - 03:00 | B22: -29.6 | C22: 209.82 | E22: 02:45 - 03:00 | F22: 9.49 | G22: 0 | H22: 2.85 | I22: 1.14 | J22: 0 | K22: 0 | L22: 0 | M22: 0 | N22: 0 | O22: 1.14 | P22: 0 | Q22: 5.5 | R22: 5.69 | S22: 7.12 | T22: 0 | U22: 0 | V22: 2.47 | W22: 1.9 | X22: -0.9 | Y22: 0 | Z22: -3.2 | AA22: -2.4 | AB22: -2 | AC22: 18.98 | AD22: 0 | AE22: 0 | AF22: 7.97 | AG22: 13.1 | AH22: 0 | AI22: 0 | AJ22: 0 | AK22: 3.32 | AL22: 36.54 | AM22: 7.12 | AN22: 0 | AO22: 0.95 | AP22: 5.69 | AQ22: 0 | AR22: 0.57 | AS22: 0 | AT22: 0 | AU22: 0 | AV22: 74.96 | AW22: 3.32 | AX22: 0 | AY22: -9.6 | AZ22: -0.7 | BA22: -0.7 | BB22: -0.7 | BC22: -2 | BD22: -0.7 | BE22: -1.4 | BF22: -1.1 | BG22: -1.4 | BH22: -1.2 | BI22: -0.2 | BJ22: -0.4 | BK22: -0.6 | BL22: -0.4 | BN22: 02:45 - 03:00 | BO22: 9.26 | BP22: 0 | BQ22: 2.78 | BR22: 1.11 | BS22: 0 | BT22: 0 | BU22: 0 | BV22: 0 | BW22: 0 | BX22: 1.11 | BY22: 0 | BZ22: 5.36 | CA22: 5.55 | CB22: 6.94 | CC22: 0 | CD22: 0 | CE22: 2.41 | CF22: 1.85 | CG22: -0.92 | CH22: 0 | CI22: -3.28 | CJ22: -2.46 | CK22: -2.05 | CL22: 18.51 | CM22: 0 | CN22: 0 | CO22: 7.77 | CP22: 12.78 | CQ22: 0 | CR22: 0 | CS22: 0 | CT22: 3.24 | CU22: 35.64 | CV22: 6.94 | CW22: 0 | CX22: 0.93 | CY22: 5.55 | CZ22: 0 | DA22: 0.56 | DB22: 0 | DC22: 0 | DD22: 0 | DE22: 73.12 | DF22: 3.24 | DG22: 0 | DH22: -9.84 | DI22: -0.72 | DJ22: -0.72 | DK22: -0.72 | DL22: -2.05 | DM22: -0.72 | DN22: -1.44 | DO22: -1.13 | DP22: -1.44 | DQ22: -1.23 | DR22: -0.21 | DS22: -0.41 | DT22: -0.62 | DU22: -0.41 | DW22: 02:45 - 03:00 | DX22: 2.7 | DY22: 1.08 | DZ22: 0 | EA22: 0 | EB22: 1.08 | EC22: 0 | ED22: 5.21 | EE22: 5.4 | EF22: 6.75 | EG22: 0 | EH22: 2.34 | EI22: 1.8 | EJ22: 0 | EK22: 0 | EL22: 0.54 | EM22: 0 | EN22: 3.14 | EO22: 0
... A107: Total(In MWh) | B107: -1778.4 | C107: 4397.18 | E107: Total Buy(In MWh) | F107: 116.255 | G107: 1423.4925 | H107: 18.7575 | I107: 13.1775 | J107: 10.42 | K107: 1.425 | L107: 21.3525 | M107: 11.38 | N107: 17.76 | O107: 10 | P107: 4.735 | Q107: 63.315 | R107: 86.7725 | S107: 72.98 | T107: 42.705 | U107: 4.8175 | V107: 26.195 | W107: 38 | X107: 0 | Y107: 0.355 | Z107: 0 | AA107: 0 | AB107: 0 | AC107: 332.405 | AD107: 28.47 | AE107: 28.08 | AF107: 75.42 | AG107: 133.49 | AH107: 4.745 | AI107: 114.375 | AJ107: 12.35 | AK107: 70.105 | AL107: 447.615 | AM107: 82.98 | AN107: 0.8125 | AO107: 13.3 | AP107: 72.52 | AQ107: 2.375 | AR107: 7.86 | AS107: 0 | AT107: 4.6575 | AU107: 14.9475 | AV107: 936.4875 | AW107: 22.525 | AX107: 7.765 | AY107: 0 | AZ107: 0 | BA107: 0 | BB107: 0 | BC107: 0 | BD107: 0 | BE107: 0 | BF107: 0 | BG107: 0 | BH107: 0 | BI107: 0 | BJ107: 0 | BK107: 0 | BL107: 0 | BN107: Total Buy(In MWh) | BO107: 113.4375 | BP107: 1388.4825 | BQ107: 18.295 | BR107: 12.83 | BS107: 10.165 | BT107: 1.3875 | BU107: 20.835 | BV107: 11.1 | BW107: 17.34 | BX107: 9.7375 | BY107: 4.61 | BZ107: 61.715 | CA107: 84.6375 | CB107: 71.135 | CC107: 41.6475 | CD107: 4.6725 | CE107: 25.54 | CF107: 37 | CG107: 0 | CH107: 0.3475 | CI107: 0 | CJ107: 0 | CK107: 0 | CL107: 324.185 | CM107: 27.765 | CN107: 27.4 | CO107: 73.5425 | CP107: 130.22 | CQ107: 4.63 | CR107: 111.575 | CS107: 12.0575 | CT107: 68.415 | CU107: 436.59 | CV107: 80.8825 | CW107: 0.7925 | CX107: 13.02 | CY107: 70.735 | CZ107: 2.3125 | DA107: 7.68 | DB107: 0 | DC107: 4.5375 | DD107: 14.5875 | DE107: 913.485 | DF107: 21.9825 | DG107: 7.57 | DH107: 0 | DI107: 0 | DJ107: 0 | DK107: 0 | DL107: 0 | DM107: 0 | DN107: 0 | DO107: 0 | DP107: 0 | DQ107: 0 | DR107: 0 | DS107: 0 | DT107: 0 | DU107: 0 | DW107: Total Buy(In MWh) | DX107: 17.765 | DY107: 12.4825 | DZ107: 9.86 | EA107: 1.35 | EB107: 9.475 | EC107: 4.485 | ED107: 59.995 | EE107: 82.35 | EF107: 69.1875 | EG107: 4.5275 | EH107: 24.84 | EI107: 36 | EJ107: 26.6 | EK107: 2.2375 | EL107: 7.42 | EM107: 4.4175 | EN107: 21.3075 | EO107: 7.345
E108: Total Sell(In MWh) | F108: 0 | G108: -313.25 | H108: 0 | I108: 0 | J108: 0 | K108: 0 | L108: 0 | M108: 0 | N108: 0 | O108: 0 | P108: 0 | Q108: 0 | R108: 0 | S108: 0 | T108: 0 | U108: 0 | V108: 0 | W108: 0 | X108: -21.6 | Y108: 0 | Z108: -76.8 | AA108: -130.6 | AB108: -48 | AC108: 0 | AD108: 0 | AE108: 0 | AF108: 0 | AG108: 0 | AH108: 0 | AI108: 0 | AJ108: 0 | AK108: 0 | AL108: 0 | AM108: 0 | AN108: 0 | AO108: 0 | AP108: 0 | AQ108: 0 | AR108: 0 | AS108: -554.025 | AT108: 0 | AU108: 0 | AV108: 0 | AW108: 0 | AX108: 0 | AY108: -215.425 | AZ108: -27.375 | BA108: -27.225 | BB108: -27.225 | BC108: -51.175 | BD108: -27.225 | BE108: -56.575 | BF108: -51.4 | BG108: -70.85 | BH108: -36.2 | BI108: -7.75 | BJ108: -8.45 | BK108: -18.8 | BL108: -8.45 | BN108: Total Sell(In MWh) | BO108: 0 | BP108: -321.15 | BQ108: 0 | BR108: 0 | BS108: 0 | BT108: 0 | BU108: 0 | BV108: 0 | BW108: 0 | BX108: 0 | BY108: 0 | BZ108: 0 | CA108: 0 | CB108: 0 | CC108: 0 | CD108: 0 | CE108: 0 | CF108: 0 | CG108: -22.08 | CH108: 0 | CI108: -78.72 | CJ108: -133.86 | CK108: -49.2 | CL108: 0 | CM108: 0 | CN108: 0 | CO108: 0 | CP108: 0 | CQ108: 0 | CR108: 0 | CS108: 0 | CT108: 0 | CU108: 0 | CV108: 0 | CW108: 0 | CX108: 0 | CY108: 0 | CZ108: 0 | DA108: 0 | DB108: -567.9775 | DC108: 0 | DD108: 0 | DE108: 0 | DF108: 0 | DG108: 0 | DH108: -220.8575 | DI108: -28.0925 | DJ108: -27.9375 | DK108: -27.9375 | DL108: -52.4725 | DM108: -27.9375 | DN108: -58.02 | DO108: -52.715 | DP108: -72.6625 | DQ108: -37.1375 | DR108: -7.995 | DS108: -8.695 | DT108: -19.3125 | DU108: -8.695 | DW108: Total Sell(In MWh) | DX108: 0 | DY108: 0 | DZ108: 0 | EA108: 0 | EB108: 0 | EC108: 0 | ED108: 0 | EE108: 0 | EF108: 0 | EG108: 0 | EH108: 0 | EI108: 0 | EJ108: 0 | EK108: 0 | EL108: 0 | EM108: 0 | EN108: 0 | EO108: 0
E109: Region Injection Loss : | F109: 0.00 -% | G109: 0.00 -% | H109: 0.00 -% | I109: 0.00 -% | J109: 0.00 -% | K109: 0.00 -% | L109: 0.00 -% | M109: 0.00 -% | N109: 0.00 -% | O109: 0.00 -% | P109: 0.00 -% | Q109: 0.00 -% | R109: 0.00 -% | S109: 0.00 -% | T109: 0.00 -% | U109: 0.00 -% | V109: 0.00 -% | W109: 0.00 -% | X109: 0.00 -% | Y109: 0.00 -% | Z109: 0.00 -% | AA109: 0.00 -% | AB109: 0.00 -% | AC109: 0.00 -% | AD109: 0.00 -% | AE109: 0.00 -% | AF109: 0.00 -% | AG109: 0.00 -% | AH109: 0.00 -% | AI109: 0.00 -% | AJ109: 0.00 -% | AK109: 0.00 -% | AL109: 0.00 -% | AM109: 0.00 -% | AN109: 0.00 -% | AO109: 0.00 -% | AP109: 0.00 -% | AQ109: 0.00 -% | AR109: 0.00 -% | AS109: 0.00 -% | AT109: 0.00 -% | AU109: 0.00 -% | AV109: 0.00 -% | AW109: 0.00 -% | AX109: 0.00 -% | AY109: 0.00 -% | AZ109: 0.00 -% | BA109: 0.00 -% | BB109: 0.00 -% | BC109: 0.00 -% | BD109: 0.00 -% | BE109: 0.00 -% | BF109: 0.00 -% | BG109: 0.00 -% | BH109: 0.00 -% | BI109: 0.00 -% | BJ109: 0.00 -% | BK109: 0.00 -% | BL109: 0.00 -% | BN109: State Injection Loss : | BO109: 2.46 -% | BP109: 2.46 -% | BQ109: 2.46 -% | BR109: 2.46 -% | BS109: 2.46 -% | BT109: 2.46 -% | BU109: 2.46 -% | BV109: 2.46 -% | BW109: 2.46 -% | BX109: 2.46 -% | BY109: 2.46 -% | BZ109: 2.46 -% | CA109: 2.46 -% | CB109: 2.46 -% | CC109: 2.46 -% | CD109: 2.46 -% | CE109: 2.46 -% | CF109: 2.46 -% | CG109: 2.46 -% | CH109: 2.46 -% | CI109: 2.46 -% | CJ109: 2.46 -% | CK109: 2.46 -% | CL109: 2.46 -% | CM109: 2.46 -% | CN109: 2.46 -% | CO109: 2.46 -% | CP109: 2.46 -% | CQ109: 2.46 -% | CR109: 2.46 -% | CS109: 2.46 -% | CT109: 2.46 -% | CU109: 2.46 -% | CV109: 2.46 -% | CW109: 2.46 -% | CX109: 2.46 -% | CY109: 2.46 -% | CZ109: 2.46 -% | DA109: 2.46 -% | DB109: 2.46 -% | DC109: 2.46 -% | DD109: 2.46 -% | DE109: 2.46 -% | DF109: 2.46 -% | DG109: 2.46 -% | DH109: 2.46 -% | DI109: 2.46 -% | DJ109: 2.46 -% | DK109: 2.46 -% | DL109: 2.46 -% | DM109: 2.46 -% | DN109: 2.46 -% | DO109: 2.46 -% | DP109: 2.46 -% | DQ109: 2.46 -% | DR109: 2.46 -% | DS109: 2.46 -% | DT109: 2.46 -% | DU109: 2.46 -% | DW109: Area Injection Loss : | DX109: 2.98 -% | DY109: 2.98 -% | DZ109: 2.98 -% | EA109: 2.73 -% | EB109: 2.73 -% | EC109: 2.73 -% | ED109: 2.73 -% | EE109: 2.73 -% | EF109: 2.73 -% | EG109: 2.73 -% | EH109: 2.73 -% | EI109: 2.73 -% | EJ109: 2.98 -% | EK109: 2.98 -% | EL109: 2.98 -% | EM109: 2.98 -% | EN109: 2.98 -% | EO109: 2.98 -%
E110: Region Drawal Loss : | F110: 5.10 -% | G110: 5.10 -% | H110: 5.10 -% | I110: 5.10 -% | J110: 5.10 -% | K110: 5.10 -% | L110: 5.10 -% | M110: 5.10 -% | N110: 5.10 -% | O110: 5.10 -% | P110: 5.10 -% | Q110: 5.10 -% | R110: 5.10 -% | S110: 5.10 -% | T110: 5.10 -% | U110: 5.10 -% | V110: 5.10 -% | W110: 5.10 -% | X110: 5.10 -% | Y110: 5.10 -% | Z110: 5.10 -% | AA110: 5.10 -% | AB110: 5.10 -% | AC110: 5.10 -% | AD110: 5.10 -% | AE110: 5.10 -% | AF110: 5.10 -% | AG110: 5.10 -% | AH110: 5.10 -% | AI110: 5.10 -% | AJ110: 5.10 -% | AK110: 5.10 -% | AL110: 5.10 -% | AM110: 5.10 -% | AN110: 5.10 -% | AO110: 5.10 -% | AP110: 5.10 -% | AQ110: 5.10 -% | AR110: 5.10 -% | AS110: 5.10 -% | AT110: 5.10 -% | AU110: 5.10 -% | AV110: 5.10 -% | AW110: 5.10 -% | AX110: 5.10 -% | AY110: 5.10 -% | AZ110: 5.10 -% | BA110: 5.10 -% | BB110: 5.10 -% | BC110: 5.10 -% | BD110: 5.10 -% | BE110: 5.10 -% | BF110: 5.10 -% | BG110: 5.10 -% | BH110: 5.10 -% | BI110: 5.10 -% | BJ110: 5.10 -% | BK110: 5.10 -% | BL110: 5.10 -% | BN110: State Drawal Loss : | BO110: 2.46 -% | BP110: 2.46 -% | BQ110: 2.46 -% | BR110: 2.46 -% | BS110: 2.46 -% | BT110: 2.46 -% | BU110: 2.46 -% | BV110: 2.46 -% | BW110: 2.46 -% | BX110: 2.46 -% | BY110: 2.46 -% | BZ110: 2.46 -% | CA110: 2.46 -% | CB110: 2.46 -% | CC110: 2.46 -% | CD110: 2.46 -% | CE110: 2.46 -% | CF110: 2.46 -% | CG110: 2.46 -% | CH110: 2.46 -% | CI110: 2.46 -% | CJ110: 2.46 -% | CK110: 2.46 -% | CL110: 2.46 -% | CM110: 2.46 -% | CN110: 2.46 -% | CO110: 2.46 -% | CP110: 2.46 -% | CQ110: 2.46 -% | CR110: 2.46 -% | CS110: 2.46 -% | CT110: 2.46 -% | CU110: 2.46 -% | CV110: 2.46 -% | CW110: 2.46 -% | CX110: 2.46 -% | CY110: 2.46 -% | CZ110: 2.46 -% | DA110: 2.46 -% | DB110: 2.46 -% | DC110: 2.46 -% | DD110: 2.46 -% | DE110: 2.46 -% | DF110: 2.46 -% | DG110: 2.46 -% | DH110: 2.46 -% | DI110: 2.46 -% | DJ110: 2.46 -% | DK110: 2.46 -% | DL110: 2.46 -% | DM110: 2.46 -% | DN110: 2.46 -% | DO110: 2.46 -% | DP110: 2.46 -% | DQ110: 2.46 -% | DR110: 2.46 -% | DS110: 2.46 -% | DT110: 2.46 -% | DU110: 2.46 -% | DW110: Area Drawal Loss : | DX110: 2.98 -% | DY110: 2.98 -% | DZ110: 2.98 -% | EA110: 2.73 -% | EB110: 2.73 -% | EC110: 2.73 -% | ED110: 2.73 -% | EE110: 2.73 -% | EF110: 2.73 -% | EG110: 2.73 -% | EH110: 2.73 -% | EI110: 2.73 -% | EJ110: 2.98 -% | EK110: 2.98 -% | EL110: 2.98 -% | EM110: 2.98 -% | EN110: 2.98 -% | EO110: 2.98 -%
BN112: Only for Portfolios where state losses are externalised | DW112: Only for Portfolios where Area losses are externalised
A113: *Note: This information is only for indicative purposes.

Sheet HP-DAM

Sheet TPCIL
A1: Web Based Scheduling
A2: =GNA!A2 -> Schedule Breakup Report
A5: Applicant | J5: 468 | K5: =(1-J6/J5)*100 -> 3.9807692
A6: From State | J6: 449.37
A7: From Utility | C7: SEIL | D7: SEIL | E7: SEIL P2 RTM
A8: To State
A9: To Utility | C9: APTRANSCO | D9: APTRANSCO | E9: RTM | F9: DAM | G9: TGNA | H9: GNA | J9: Weekly ISTS Transmission Losses applicable from Delivery Date 05-01-2026 to 11-01-2026.
A10: IR Link | C10: South-South | D10: South-South | L10: _
A11: Appr. No | C11: 230.55 MW | D11: 468 MW | I11: SEIL P1 230.55 MW | K11: ISTS | L11: 0.051 | M11: STATE LOSS | O11: 0.0257 | P11: SEIL P1 468 MW
A12: Time Block | B12: Time Desc | I12: After Loss 230.55 | J12: Before Loss 230.55 | K12: Before Loss (SEIL P2- RTM) | L12: Before Loss (SEIL P2- DAM) | M12: Before Loss (SEIL P2- TGNA) | N12: Before Loss (SEIL P2- GNA) | O12: Total SEIL - P2 | P12: After Loss 450.45 | Q12: Before Loss 468
A13: 1 | B13: 00:00-00:15 | C13: =GNA!G13 -> 218.79 | D13: =GNA!F13 -> 0 | E13: =RTM!BA12 -> 0 | F13: =IEX!AS11 -> -21.9 | G13: =TGNA!N13+TGNA!O13 -> 0 | H13: 0 | I13: =J13*(1-$L$11) -> 218.79195 | J13: 230.55 | K13: =-E13*(1+$O$11) -> 0 | L13: =-F13*(1+$O$11) -> 22.46283 | M13: =-G13*(1+$O$11) -> 0 | N13: =-H13*(1+$O$11) -> 0 | O13: =ROUND(K13+L13+M13+N13,0) -> 22 | P13: =Q13*(1-$L$11) -> 0 | Q13: 0
A14: 2 | B14: 00:15-00:30 | C14: =GNA!G14 -> 218.79 | D14: =GNA!F14 -> 0 | E14: =RTM!BA13 -> 0 | F14: =IEX!AS12 -> 0 | G14: =TGNA!N14+TGNA!O14 -> 0 | H14: 0 | I14: =J14*(1-$L$11) -> 218.79195 | J14: 230.55 | K14: =-E14*(1+$O$11) -> 0 | L14: =-F14*(1+$O$11) -> 0 | M14: =-G14*(1+$O$11) -> 0 | N14: =-H14*(1+$O$11) -> 0 | O14: =ROUND(K14+L14+M14+N14,0) -> 0 | P14: =Q14*(1-$L$11) -> 0 | Q14: 0
A15: 3 | B15: 00:30-00:45 | C15: =GNA!G15 -> 218.79 | D15: =GNA!F15 -> 0 | E15: =RTM!BA14 -> 0 | F15: =IEX!AS13 -> 0 | G15: =TGNA!N15+TGNA!O15 -> 0 | H15: 0 | I15: =J15*(1-$L$11) -> 218.79195 | J15: 230.55 | K15: =-E15*(1+$O$11) -> 0 | L15: =-F15*(1+$O$11) -> 0 | M15: =-G15*(1+$O$11) -> 0 | N15: =-H15*(1+$O$11) -> 0 | O15: =ROUND(K15+L15+M15+N15,0) -> 0 | P15: =Q15*(1-$L$11) -> 0 | Q15: 0
A16: 4 | B16: 00:45-01:00 | C16: =GNA!G16 -> 218.79 | D16: =GNA!F16 -> 0 | E16: =RTM!BA15 -> 0 | F16: =IEX!AS14 -> 0 | G16: =TGNA!N16+TGNA!O16 -> 0 | H16: 0 | I16: =J16*(1-$L$11) -> 218.79195 | J16: 230.55 | K16: =-E16*(1+$O$11) -> 0 | L16: =-F16*(1+$O$11) -> 0 | M16: =-G16*(1+$O$11) -> 0 | N16: =-H16*(1+$O$11) -> 0 | O16: =ROUND(K16+L16+M16+N16,0) -> 0 | P16: =Q16*(1-$L$11) -> 0 | Q16: 0
A17: 5 | B17: 01:00-01:15 | C17: =GNA!G17 -> 218.79 | D17: =GNA!F17 -> 0 | E17: =RTM!BA16 -> 0 | F17: =IEX!AS15 -> 0 | G17: =TGNA!N17+TGNA!O17 -> 0 | H17: 0 | I17: =J17*(1-$L$11) -> 218.79195 | J17: 230.55 | K17: =-E17*(1+$O$11) -> 0 | L17: =-F17*(1+$O$11) -> 0 | M17: =-G17*(1+$O$11) -> 0 | N17: =-H17*(1+$O$11) -> 0 | O17: =ROUND(K17+L17+M17+N17,0) -> 0 | P17: =Q17*(1-$L$11) -> 0 | Q17: 0
A18: 6 | B18: 01:15-01:30 | C18: =GNA!G18 -> 218.79 | D18: =GNA!F18 -> 0 | E18: =RTM!BA17 -> 0 | F18: =IEX!AS16 -> 0 | G18: =TGNA!N18+TGNA!O18 -> 0 | H18: 0 | I18: =J18*(1-$L$11) -> 218.79195 | J18: 230.55 | K18: =-E18*(1+$O$11) -> 0 | L18: =-F18*(1+$O$11) -> 0 | M18: =-G18*(1+$O$11) -> 0 | N18: =-H18*(1+$O$11) -> 0 | O18: =ROUND(K18+L18+M18+N18,0) -> 0 | P18: =Q18*(1-$L$11) -> 0 | Q18: 0
A19: 7 | B19: 01:30-01:45 | C19: =GNA!G19 -> 218.79 | D19: =GNA!F19 -> 0 | E19: =RTM!BA18 -> 0 | F19: =IEX!AS17 -> 0 | G19: =TGNA!N19+TGNA!O19 -> 0 | H19: 0 | I19: =J19*(1-$L$11) -> 218.79195 | J19: 230.55 | K19: =-E19*(1+$O$11) -> 0 | L19: =-F19*(1+$O$11) -> 0 | M19: =-G19*(1+$O$11) -> 0 | N19: =-H19*(1+$O$11) -> 0 | O19: =ROUND(K19+L19+M19+N19,0) -> 0 | P19: =Q19*(1-$L$11) -> 0 | Q19: 0
A20: 8 | B20: 01:45-02:00 | C20: =GNA!G20 -> 218.79 | D20: =GNA!F20 -> 0 | E20: =RTM!BA19 -> 0 | F20: =IEX!AS18 -> 0 | G20: =TGNA!N20+TGNA!O20 -> 0 | H20: 0 | I20: =J20*(1-$L$11) -> 218.79195 | J20: 230.55 | K20: =-E20*(1+$O$11) -> 0 | L20: =-F20*(1+$O$11) -> 0 | M20: =-G20*(1+$O$11) -> 0 | N20: =-H20*(1+$O$11) -> 0 | O20: =ROUND(K20+L20+M20+N20,0) -> 0 | P20: =Q20*(1-$L$11) -> 0 | Q20: 0
A21: 9 | B21: 02:00-02:15 | C21: =GNA!G21 -> 218.79 | D21: =GNA!F21 -> 0 | E21: =RTM!BA20 -> 0 | F21: =IEX!AS19 -> 0 | G21: =TGNA!N21+TGNA!O21 -> 0 | H21: 0 | I21: =J21*(1-$L$11) -> 218.79195 | J21: 230.55 | K21: =-E21*(1+$O$11) -> 0 | L21: =-F21*(1+$O$11) -> 0 | M21: =-G21*(1+$O$11) -> 0 | N21: =-H21*(1+$O$11) -> 0 | O21: =ROUND(K21+L21+M21+N21,0) -> 0 | P21: =Q21*(1-$L$11) -> 0 | Q21: 0
A22: 10 | B22: 02:15-02:30 | C22: =GNA!G22 -> 218.79 | D22: =GNA!F22 -> 0 | E22: =RTM!BA21 -> 0 | F22: =IEX!AS20 -> 0 | G22: =TGNA!N22+TGNA!O22 -> 0 | H22: 0 | I22: =J22*(1-$L$11) -> 218.79195 | J22: 230.55 | K22: =-E22*(1+$O$11) -> 0 | L22: =-F22*(1+$O$11) -> 0 | M22: =-G22*(1+$O$11) -> 0 | N22: =-H22*(1+$O$11) -> 0 | O22: =ROUND(K22+L22+M22+N22,0) -> 0 | P22: =Q22*(1-$L$11) -> 0 | Q22: 0
A23: 11 | B23: 02:30-02:45 | C23: =GNA!G23 -> 218.79 | D23: =GNA!F23 -> 0 | E23: =RTM!BA22 -> 0 | F23: =IEX!AS21 -> 0 | G23: =TGNA!N23+TGNA!O23 -> 0 | H23: 0 | I23: =J23*(1-$L$11) -> 218.79195 | J23: 230.55 | K23: =-E23*(1+$O$11) -> 0 | L23: =-F23*(1+$O$11) -> 0 | M23: =-G23*(1+$O$11) -> 0 | N23: =-H23*(1+$O$11) -> 0 | O23: =ROUND(K23+L23+M23+N23,0) -> 0 | P23: =Q23*(1-$L$11) -> 0 | Q23: 0
A24: 12 | B24: 02:45-03:00 | C24: =GNA!G24 -> 218.79 | D24: =GNA!F24 -> 0 | E24: =RTM!BA23 -> 0 | F24: =IEX!AS22 -> 0 | G24: =TGNA!N24+TGNA!O24 -> 0 | H24: 0 | I24: =J24*(1-$L$11) -> 218.79195 | J24: 230.55 | K24: =-E24*(1+$O$11) -> 0 | L24: =-F24*(1+$O$11) -> 0 | M24: =-G24*(1+$O$11) -> 0 | N24: =-H24*(1+$O$11) -> 0 | O24: =ROUND(K24+L24+M24+N24,0) -> 0 | P24: =Q24*(1-$L$11) -> 0 | Q24: 0
... A108: 96 | B108: 23:45-24:00 | C108: =GNA!G108 -> 218.79 | D108: =GNA!F108 -> 0 | E108: =RTM!BA107 -> 0 | F108: =IEX!AS106 -> 0 | G108: =TGNA!N108+TGNA!O108 -> -75 | H108: 0 | I108: =J108*(1-$L$11) -> 218.79195 | J108: 230.55 | K108: =-E108*(1+$O$11) -> 0 | L108: =-F108*(1+$O$11) -> 0 | M108: =-G108*(1+$O$11) -> 76.9275 | N108: =-H108*(1+$O$11) -> 0 | O108: =ROUND(K108+L108+M108+N108,0) -> 77 | P108: =Q108*(1-$L$11) -> 0 | Q108: 0
B109: MWHR | C109: =GNA!G109 -> 218.79 | D109: =GNA!F109 -> 0 | E109: =RTM!BA108 -> 0 | F109: =IEX!AS107 -> 0 | G109: =TGNA!N109+TGNA!O109 -> -33.6 | H109: 0 | I109: =SUM(I13:I108)/4000 -> 5.2510068 | J109: =SUM(J13:J108)/4000 -> 5.5332 | O109: =SUM(O13:O108)/4000 -> 1.689 | P109: =SUM(P13:P108)/4000 -> 0 | Q109: =SUM(Q13:Q108)/4000 -> 0
B110: Maximum | C110: =GNA!G110 -> 218.79 | D110: =GNA!F110 -> 0 | E110: =RTM!BA109 -> -286.225 | F110: =IEX!AS108 -> -554.025 | G110: =TGNA!N110+TGNA!O110 -> 0 | H110: 0
B111: Minimum | C111: =GNA!G111 -> 218.79 | D111: =GNA!F111 -> 0 | E111: =RTM!BA110 -> 0.00 -% | F111: =IEX!AS109 -> 0.00 -% | G111: =TGNA!N111+TGNA!O111 -> -125 | H111: 0
B112: Average | C112: =GNA!G112 -> 5250.96 | D112: =GNA!F112 -> 0 | E112: =RTM!BA111 -> 5.10 -% | F112: =IEX!AS110 -> 5.10 -% | G112: =TGNA!N112+TGNA!O112 -> -806.4 | H112: 0
A113: © 2023 - RLDC Web Based Scheduling Application | C113: =GNA!G113 -> 0 | D113: =GNA!F113 -> 0 | E113: =RTM!BF112 -> 0 | F113: =IEX!AY111 -> 0 | G113: =TGNA!L113+TGNA!M113 -> 0 | H113: 0
C114: =GNA!G114 -> 0 | D114: =GNA!F114 -> 0

Sheet CHECK
F1: =MATCH(F2,Entitlement!$A$4:$BC$4,0)+2 -> 13 | G1: =MATCH(G2,Entitlement!$A$4:$BC$4,0)+2 -> 33 | L1: =MATCH(L2,Entitlement!$A$4:$BC$4,0)+2 -> 54 | O1: =MATCH(O2,Entitlement!$A$4:$BC$4,0)+2 -> 36 | P1: =MATCH(P2,Entitlement!$A$4:$BC$4,0)+2 -> 39 | Q1: =MATCH(Q2,Entitlement!$A$4:$BC$4,0)+2 -> 45 | R1: =MATCH(R2,Entitlement!$A$4:$BC$4,0)+2 -> 27 | S1: =MATCH(S2,Entitlement!$A$4:$BC$4,0)+2 -> 21 | T1: =MATCH(T2,Entitlement!$A$4:$BC$4,0)+2 -> 24 | V1: =MATCH(V2,Entitlement!$A$4:$BC$4,0)+2 -> 42 | W1: =MATCH(W2,Entitlement!$A$4:$BC$4,0)+2 -> 51 | X1: =MATCH(X2,Entitlement!$A$4:$BC$4,0)+2 -> 18 | Y1: =MATCH(Y2,Entitlement!$A$4:$BC$4,0)+2 -> 30 | AD1: =MATCH(AD2,Entitlement!$A$4:$BC$4,0)+2 -> 48
A2: ='BD&LR'!A1 -> 06/01/2026 | B2: TB | C2: RTPP-1 | D2: RTPP-2 | E2: RTPP-3 | F2: KUDGI | G2: NTPL | H2: VTPS- (I-VI) | I2: RTPP-4 | J2: VTPS -IV | K2: KPTNM STG-1 | L2: VALLURNTECL | M2: KPTNM STG-2 | N2: HNPCL | O2: RSTPSU1TO6 | P2: RSTPSU7 | Q2: SIMHST2 | R2: NLCTS2EXP | S2: NLCIIST1 | T2: NLCIIST2 | U2: VTPS-V | V2: SIMHST1 | W2: TelanganaSTPP | X2: NLCEXP | Y2: NNTPP | Z2: SEIL-P1 (230.55) | AA2: SEIL-P1 (468) | AB2: SEIL - P2 125 MW | AC2: SEIL P2 500 MW | AD2: TALST2 | AE2: REMARKS | AF2: RTM
A3: 00:00-00:15 | B3: 1 | C3: ='Individual BD'!C3 -> 32.35 | D3: ='Individual BD'!D3 -> 138.57 | E3: ='Individual BD'!E3 -> 62.3 | F3: =(INDEX(Entitlement!$A$4:$BC$102,ROW()+1,$F$1)*(1-TPCIL!$L$11))-ISGS!G13 -> 228.97472 | G3: =(INDEX(Entitlement!$A$4:$BC$102,ROW()+1,$G$1)*(1-TPCIL!$L$11))-ISGS!N13 -> 121.06393 | H3: ='Individual BD'!F3 -> 14.16 | I3: ='Individual BD'!G3 -> 280.55 | J3: ='Individual BD'!H3 -> 195.74 | K3: ='Individual BD'!I3 -> 0 | L3: =(INDEX(Entitlement!$A$4:$BC$102,ROW()+1,$L$1)*(1-TPCIL!$L$11))-ISGS!U13 -> 27.50202 | M3: ='Individual BD'!J3 -> 0 | N3: ='Individual BD'!K3 -> 0 | O3: =(INDEX(Entitlement!$A$4:$BC$102,ROW()+1,$O$1)*(1-TPCIL!$L$11))-ISGS!O13 -> 280.04041 | P3: =(INDEX(Entitlement!$A$4:$BC$102,ROW()+1,$P$1)*(1-TPCIL!$L$11))-ISGS!P13 -> 35.76489 | Q3: =(INDEX(Entitlement!$A$4:$BC$102,ROW()+1,$Q$1)*(1-TPCIL!$L$11))-ISGS!R13 -> 198.38845 | R3: =(INDEX(Entitlement!$A$4:$BC$102,ROW()+1,$R$1)*(1-TPCIL!$L$11))-ISGS!L13 -> 3.10323 | S3: =(INDEX(Entitlement!$A$4:$BC$102,ROW()+1,$S$1)*(1-TPCIL!$L$11))-ISGS!J13 -> 35.29331 | T3: =(INDEX(Entitlement!$A$4:$BC$102,ROW()+1,$T$1)*(1-TPCIL!$L$11))-ISGS!K13 -> 31.46884 | U3: ='Individual BD'!L3 -> 0 | V3: =(INDEX(Entitlement!$A$4:$BC$102,ROW()+1,$V$1))-ISGS!Q13 -> 36 | W3: =(INDEX(Entitlement!$A$4:$BC$102,ROW()+1,$W$1)*(1-TPCIL!$L$11))-ISGS!T13 -> -0.00132 | X3: =(INDEX(Entitlement!$A$4:$BC$102,ROW()+1,$X$1)*(1-TPCIL!$L$11))-ISGS!I13 -> 0.00077 | Y3: =(INDEX(Entitlement!$A$4:$BC$102,ROW()+1,$Y$1)*(1-TPCIL!$L$11))-ISGS!M13 -> 3.80475 | Z3: =TPCIL!I13-TPCIL!C13 -> 0.00195 | AA3: =TPCIL!P13-TPCIL!D13 -> 0 | AB3: ='Individual BD'!M3 -> 0 | AC3: ='Individual BD'!N3 -> 0 | AD3: =(INDEX(Entitlement!$A$4:$BC$102,ROW()+1,$AD$1)*(1-TPCIL!$L$11))-ISGS!S13 -> 0.00113 | AF3: 500 | AG3: =(C3*$C$101+D3*$D$101+E3*$E$101+F3*$F$101+G3*$G$101+H3*$H$101+I3*$I$101+J3*$J$101+K3*$K$101+L3*$L$101+M3*$M$101+N3*$N$101+O3*$O$101+P3*$P$101+Q3*$Q$101+R3*$R$101+T3*$T$101+S3*$S$101+U3*$U$101+V3*$V$101+W3*$W$101+X3*$X$101+Y3*$Y$101+Z3*$Z$101+AA3*$AA$101+AB3*$AB$101+AC3*$AC$101+AD3*$AD$101)/SUM(C3:AD3) -> 3.9618556 | AI3: =SUM($B$4:B4) -> 2
A4: 00:15-00:30 | B4: 2 | C4: ='Individual BD'!C4 -> 33.47 | D4: ='Individual BD'!D4 -> 138.57 | E4: ='Individual BD'!E4 -> 62.58 | F4: =(INDEX(Entitlement!$A$4:$BC$102,ROW()+1,$F$1)*(1-TPCIL!$L$11))-ISGS!G14 -> 228.97472 | G4: =(INDEX(Entitlement!$A$4:$BC$102,ROW()+1,$G$1)*(1-TPCIL!$L$11))-ISGS!N14 -> 121.06393 | H4: ='Individual BD'!F4 -> 15.43 | I4: ='Individual BD'!G4 -> 280.55 | J4: ='Individual BD'!H4 -> 192.35 | K4: ='Individual BD'!I4 -> 0 | L4: =(INDEX(Entitlement!$A$4:$BC$102,ROW()+1,$L$1)*(1-TPCIL!$L$11))-ISGS!U14 -> 27.50202 | M4: ='Individual BD'!J4 -> 0 | N4: ='Individual BD'!K4 -> 0 | O4: =(INDEX(Entitlement!$A$4:$BC$102,ROW()+1,$O$1)*(1-TPCIL!$L$11))-ISGS!O14 -> 280.04041 | P4: =(INDEX(Entitlement!$A$4:$BC$102,ROW()+1,$P$1)*(1-TPCIL!$L$11))-ISGS!P14 -> 70.80489 | Q4: =(INDEX(Entitlement!$A$4:$BC$102,ROW()+1,$Q$1)*(1-TPCIL!$L$11))-ISGS!R14 -> 198.38845 | R4: =(INDEX(Entitlement!$A$4:$BC$102,ROW()+1,$R$1)*(1-TPCIL!$L$11))-ISGS!L14 -> 3.10323 | S4: =(INDEX(Entitlement!$A$4:$BC$102,ROW()+1,$S$1)*(1-TPCIL!$L$11))-ISGS!J14 -> 35.29331 | T4: =(INDEX(Entitlement!$A$4:$BC$102,ROW()+1,$T$1)*(1-TPCIL!$L$11))-ISGS!K14 -> 31.46884 | U4: ='Individual BD'!L4 -> 0 | V4: =(INDEX(Entitlement!$A$4:$BC$102,ROW()+1,$V$1))-ISGS!Q14 -> 108 | W4: =(INDEX(Entitlement!$A$4:$BC$102,ROW()+1,$W$1)*(1-TPCIL!$L$11))-ISGS!T14 -> -0.00132 | X4: =(INDEX(Entitlement!$A$4:$BC$102,ROW()+1,$X$1)*(1-TPCIL!$L$11))-ISGS!I14 -> 0.00077 | Y4: =(INDEX(Entitlement!$A$4:$BC$102,ROW()+1,$Y$1)*(1-TPCIL!$L$11))-ISGS!M14 -> -0.00074 | Z4: =TPCIL!I14-TPCIL!C14 -> 0.00195 | AA4: =TPCIL!P14-TPCIL!D14 -> 0 | AB4: ='Individual BD'!M4 -> 0 | AC4: ='Individual BD'!N4 -> 0 | AD4: =(INDEX(Entitlement!$A$4:$BC$102,ROW()+1,$AD$1)*(1-TPCIL!$L$11))-ISGS!S14 -> 0.00113 | AF4: 700 | AG4: =(C4*$C$101+D4*$D$101+E4*$E$101+F4*$F$101+G4*$G$101+H4*$H$101+I4*$I$101+J4*$J$101+K4*$K$101+L4*$L$101+M4*$M$101+N4*$N$101+O4*$O$101+P4*$P$101+Q4*$Q$101+R4*$R$101+T4*$T$101+S4*$S$101+U4*$U$101+V4*$V$101+W4*$W$101+X4*$X$101+Y4*$Y$101+Z4*$Z$101+AA4*$AA$101+AB4*$AB$101+AC4*$AC$101+AD4*$AD$101)/SUM(C4:AD4) -> 3.9293785
A5: 00:30-00:45 | B5: 3 | C5: ='Individual BD'!C5 -> 32.23 | D5: ='Individual BD'!D5 -> 138.5 | E5: ='Individual BD'!E5 -> 63.82 | F5: =(INDEX(Entitlement!$A$4:$BC$102,ROW()+1,$F$1)*(1-TPCIL!$L$11))-ISGS!G15 -> 228.97472 | G5: =(INDEX(Entitlement!$A$4:$BC$102,ROW()+1,$G$1)*(1-TPCIL!$L$11))-ISGS!N15 -> 121.06393 | H5: ='Individual BD'!F5 -> 27.27 | I5: ='Individual BD'!G5 -> 277.31 | J5: ='Individual BD'!H5 -> 193.26 | K5: ='Individual BD'!I5 -> 172.27 | L5: =(INDEX(Entitlement!$A$4:$BC$102,ROW()+1,$L$1)*(1-TPCIL!$L$11))-ISGS!U15 -> 27.50202 | M5: ='Individual BD'!J5 -> 15.27 | N5: ='Individual BD'!K5 -> 3.52 | O5: =(INDEX(Entitlement!$A$4:$BC$102,ROW()+1,$O$1)*(1-TPCIL!$L$11))-ISGS!O15 -> 280.04041 | P5: =(INDEX(Entitlement!$A$4:$BC$102,ROW()+1,$P$1)*(1-TPCIL!$L$11))-ISGS!P15 -> 70.80489 | Q5: =(INDEX(Entitlement!$A$4:$BC$102,ROW()+1,$Q$1)*(1-TPCIL!$L$11))-ISGS!R15 -> 198.38845 | R5: =(INDEX(Entitlement!$A$4:$BC$102,ROW()+1,$R$1)*(1-TPCIL!$L$11))-ISGS!L15 -> 3.10323 | S5: =(INDEX(Entitlement!$A$4:$BC$102,ROW()+1,$S$1)*(1-TPCIL!$L$11))-ISGS!J15 -> 35.29331 | T5: =(INDEX(Entitlement!$A$4:$BC$102,ROW()+1,$T$1)*(1-TPCIL!$L$11))-ISGS!K15 -> 31.46884 | U5: ='Individual BD'!L5 -> 0 | V5: =(INDEX(Entitlement!$A$4:$BC$102,ROW()+1,$V$1))-ISGS!Q15 -> 180 | W5: =(INDEX(Entitlement!$A$4:$BC$102,ROW()+1,$W$1)*(1-TPCIL!$L$11))-ISGS!T15 -> -0.00132 | X5: =(INDEX(Entitlement!$A$4:$BC$102,ROW()+1,$X$1)*(1-TPCIL!$L$11))-ISGS!I15 -> 0.00077 | Y5: =(INDEX(Entitlement!$A$4:$BC$102,ROW()+1,$Y$1)*(1-TPCIL!$L$11))-ISGS!M15 -> -0.00074 | Z5: =TPCIL!I15-TPCIL!C15 -> 0.00195 | AA5: =TPCIL!P15-TPCIL!D15 -> 0 | AB5: ='Individual BD'!M5 -> 0 | AC5: ='Individual BD'!N5 -> 0 | AD5: =(INDEX(Entitlement!$A$4:$BC$102,ROW()+1,$AD$1)*(1-TPCIL!$L$11))-ISGS!S15 -> 0.00113 | AF5: 890.84 | AG5: =(C5*$C$101+D5*$D$101+E5*$E$101+F5*$F$101+G5*$G$101+H5*$H$101+I5*$I$101+J5*$J$101+K5*$K$101+L5*$L$101+M5*$M$101+N5*$N$101+O5*$O$101+P5*$P$101+Q5*$Q$101+R5*$R$101+T5*$T$101+S5*$S$101+U5*$U$101+V5*$V$101+W5*$W$101+X5*$X$101+Y5*$Y$101+Z5*$Z$101+AA5*$AA$101+AB5*$AB$101+AC5*$AC$101+AD5*$AD$101)/SUM(C5:AD5) -> 3.8985976
A6: 00:45-01:00 | B6: 4 | C6: ='Individual BD'!C6 -> 28.92 | D6: ='Individual BD'!D6 -> 137.74 | E6: ='Individual BD'!E6 -> 63.96 | F6: =(INDEX(Entitlement!$A$4:$BC$102,ROW()+1,$F$1)*(1-TPCIL!$L$11))-ISGS!G16 -> 228.97472 | G6: =(INDEX(Entitlement!$A$4:$BC$102,ROW()+1,$G$1)*(1-TPCIL!$L$11))-ISGS!N16 -> 121.06393 | H6: ='Individual BD'!F6 -> 23.71 | I6: ='Individual BD'!G6 -> 282.89 | J6: ='Individual BD'!H6 -> 194.57 | K6: ='Individual BD'!I6 -> 337.14 | L6: =(INDEX(Entitlement!$A$4:$BC$102,ROW()+1,$L$1)*(1-TPCIL!$L$11))-ISGS!U16 -> 27.50202 | M6: ='Individual BD'!J6 -> 71.6 | N6: ='Individual BD'!K6 -> 68.91 | O6: =(INDEX(Entitlement!$A$4:$BC$102,ROW()+1,$O$1)*(1-TPCIL!$L$11))-ISGS!O16 -> 280.04041 | P6: =(INDEX(Entitlement!$A$4:$BC$102,ROW()+1,$P$1)*(1-TPCIL!$L$11))-ISGS!P16 -> 70.80489 | Q6: =(INDEX(Entitlement!$A$4:$BC$102,ROW()+1,$Q$1)*(1-TPCIL!$L$11))-ISGS!R16 -> 198.38845 | R6: =(INDEX(Entitlement!$A$4:$BC$102,ROW()+1,$R$1)*(1-TPCIL!$L$11))-ISGS!L16 -> 3.10323 | S6: =(INDEX(Entitlement!$A$4:$BC$102,ROW()+1,$S$1)*(1-TPCIL!$L$11))-ISGS!J16 -> 35.29331 | T6: =(INDEX(Entitlement!$A$4:$BC$102,ROW()+1,$T$1)*(1-TPCIL!$L$11))-ISGS!K16 -> 31.46884 | U6: ='Individual BD'!L6 -> 0 | V6: =(INDEX(Entitlement!$A$4:$BC$102,ROW()+1,$V$1))-ISGS!Q16 -> 216.14 | W6: =(INDEX(Entitlement!$A$4:$BC$102,ROW()+1,$W$1)*(1-TPCIL!$L$11))-ISGS!T16 -> -0.00132 | X6: =(INDEX(Entitlement!$A$4:$BC$102,ROW()+1,$X$1)*(1-TPCIL!$L$11))-ISGS!I16 -> 0.00077 | Y6: =(INDEX(Entitlement!$A$4:$BC$102,ROW()+1,$Y$1)*(1-TPCIL!$L$11))-ISGS!M16 -> -0.00074 | Z6: =TPCIL!I16-TPCIL!C16 -> 0.00195 | AA6: =TPCIL!P16-TPCIL!D16 -> 0 | AB6: ='Individual BD'!M6 -> 0 | AC6: ='Individual BD'!N6 -> 0 | AD6: =(INDEX(Entitlement!$A$4:$BC$102,ROW()+1,$AD$1)*(1-TPCIL!$L$11))-ISGS!S16 -> 0.00113 | AF6: 892.49 | AG6: =(C6*$C$101+D6*$D$101+E6*$E$101+F6*$F$101+G6*$G$101+H6*$H$101+I6*$I$101+J6*$J$101+K6*$K$101+L6*$L$101+M6*$M$101+N6*$N$101+O6*$O$101+P6*$P$101+Q6*$Q$101+R6*$R$101+T6*$T$101+S6*$S$101+U6*$U$101+V6*$V$101+W6*$W$101+X6*$X$101+Y6*$Y$101+Z6*$Z$101+AA6*$AA$101+AB6*$AB$101+AC6*$AC$101+AD6*$AD$101)/SUM(C6:AD6) -> 3.8708799
