Workbook

Sheet BD&LR
A1: ='Individual BD'!C118 -> 12/01/2026
A2: Block | B2: HOUR | C2: GENCO THERMAL BACKDOWN MW | D2: CGS BACKDOWN MW | E2: IPP THERMAL BACKDOWN MW | F2: WIND BACKDOWN | G2: SOLAR BACKDOWN MW | H2: LR | I2: UI | J2: Freq | K2: DAM | L2: DAM rate | M2: RTM | N2: RTM rate
A3: 1 | B3: 00:00-00:15 | C3: =SUM('Individual BD'!C3:N3)-'Individual BD'!K3-'Individual BD'!M3-'Individual BD'!N3 -> 1207.77 | D3: =IF('CGS BD CAL'!M3<20,0,'CGS BD CAL'!M3) -> 1020.3128 | E3: =SUM('Individual BD'!K3+'Individual BD'!M3+'Individual BD'!N3) -> 202.9 | F3: 0 | G3: 0 | H3: 0 | I3: ='SCADA Grid'!D4 -> 163.26 | J3: ='SCADA Grid'!C4 -> 50.04 | K3: =IEX!G11 -> 0 | L3: 2.41314 | M3: =RTM!G12 -> 761.51 | N3: 2.81057 | O3: =IF(AND(C3>1,OR($K3>100,$M3>100)),1,0) -> 1 | P3: =IF(AND(D3>1,OR($K3>100,$M3>100)),1,0) -> 1 | Q3: =IF(AND(E3>1,OR($K3>100,$M3>100)),1,0) -> 1
A4: 2 | B4: 00:15-00:30 | C4: =SUM('Individual BD'!C4:N4)-'Individual BD'!K4-'Individual BD'!M4-'Individual BD'!N4 -> 1217.43 | D4: =IF('CGS BD CAL'!M4<20,0,'CGS BD CAL'!M4) -> 1020.2728 | E4: =SUM('Individual BD'!K4+'Individual BD'!M4+'Individual BD'!N4) -> 201.3 | F4: 0 | G4: 0 | H4: 0 | I4: ='SCADA Grid'!D5 -> -3.72 | J4: ='SCADA Grid'!C5 -> 50.03 | K4: =IEX!G12 -> 0 | L4: 2.43522 | M4: =RTM!G13 -> 856.7 | N4: 2.59135 | O4: =IF(AND(C4>1,OR($K4>100,$M4>100)),1,0) -> 1 | P4: =IF(AND(D4>1,OR($K4>100,$M4>100)),1,0) -> 1 | Q4: =IF(AND(E4>1,OR($K4>100,$M4>100)),1,0) -> 1
A5: 3 | B5: 00:30-00:45 | C5: =SUM('Individual BD'!C5:N5)-'Individual BD'!K5-'Individual BD'!M5-'Individual BD'!N5 -> 1234.1 | D5: =IF('CGS BD CAL'!M5<20,0,'CGS BD CAL'!M5) -> 1020.2728 | E5: =SUM('Individual BD'!K5+'Individual BD'!M5+'Individual BD'!N5) -> 208.06 | F5: 0 | G5: 0 | H5: 0 | I5: ='SCADA Grid'!D6 -> -129.29 | J5: ='SCADA Grid'!C6 -> 50.01 | K5: =IEX!G13 -> 0 | L5: 2.469 | M5: =RTM!G14 -> 1047.08 | N5: 2.50039 | O5: =IF(AND(C5>1,OR($K5>100,$M5>100)),1,0) -> 1 | P5: =IF(AND(D5>1,OR($K5>100,$M5>100)),1,0) -> 1 | Q5: =IF(AND(E5>1,OR($K5>100,$M5>100)),1,0) -> 1
A6: 4 | B6: 00:45-01:00 | C6: =SUM('Individual BD'!C6:N6)-'Individual BD'!K6-'Individual BD'!M6-'Individual BD'!N6 -> 1241.51 | D6: =IF('CGS BD CAL'!M6<20,0,'CGS BD CAL'!M6) -> 1020.2728 | E6: =SUM('Individual BD'!K6+'Individual BD'!M6+'Individual BD'!N6) -> 206.87 | F6: 0 | G6: 0 | H6: 0 | I6: ='SCADA Grid'!D7 -> -31.77 | J6: ='SCADA Grid'!C7 -> 50.01 | K6: =IEX!G14 -> 0 | L6: 2.42933 | M6: =RTM!G15 -> 951.89 | N6: 2.49925 | O6: =IF(AND(C6>1,OR($K6>100,$M6>100)),1,0) -> 1 | P6: =IF(AND(D6>1,OR($K6>100,$M6>100)),1,0) -> 1 | Q6: =IF(AND(E6>1,OR($K6>100,$M6>100)),1,0) -> 1
A7: 5 | B7: 01:00-01:15 | C7: =SUM('Individual BD'!C7:N7)-'Individual BD'!K7-'Individual BD'!M7-'Individual BD'!N7 -> 1247.56 | D7: =IF('CGS BD CAL'!M7<20,0,'CGS BD CAL'!M7) -> 1020.2728 | E7: =SUM('Individual BD'!K7+'Individual BD'!M7+'Individual BD'!N7) -> 202.06 | F7: 0 | G7: 0 | H7: 0 | I7: ='SCADA Grid'!D8 -> -130.85 | J7: ='SCADA Grid'!C8 -> 50.01 | K7: =IEX!G15 -> 0 | L7: 2.41618 | M7: =RTM!G16 -> 856.68 | N7: 2.04901 | O7: =IF(AND(C7>1,OR($K7>100,$M7>100)),1,0) -> 1 | P7: =IF(AND(D7>1,OR($K7>100,$M7>100)),1,0) -> 1 | Q7: =IF(AND(E7>1,OR($K7>100,$M7>100)),1,0) -> 1
A8: 6 | B8: 01:15-01:30 | C8: =SUM('Individual BD'!C8:N8)-'Individual BD'!K8-'Individual BD'!M8-'Individual BD'!N8 -> 1252.21 | D8: =IF('CGS BD CAL'!M8<20,0,'CGS BD CAL'!M8) -> 1020.2728 | E8: =SUM('Individual BD'!K8+'Individual BD'!M8+'Individual BD'!N8) -> 251.62 | F8: 0 | G8: 0 | H8: 0 | I8: ='SCADA Grid'!D9 -> -27.25 | J8: ='SCADA Grid'!C9 -> 50.01 | K8: =IEX!G16 -> 0 | L8: 2.41602 | M8: =RTM!G17 -> 761.48 | N8: 1.90879 | O8: =IF(AND(C8>1,OR($K8>100,$M8>100)),1,0) -> 1 | P8: =IF(AND(D8>1,OR($K8>100,$M8>100)),1,0) -> 1 | Q8: =IF(AND(E8>1,OR($K8>100,$M8>100)),1,0) -> 1
A9: 7 | B9: 01:30-01:45 | C9: =SUM('Individual BD'!C9:N9)-'Individual BD'!K9-'Individual BD'!M9-'Individual BD'!N9 -> 1506.33 | D9: =IF('CGS BD CAL'!M9<20,0,'CGS BD CAL'!M9) -> 1129.7021 | E9: =SUM('Individual BD'!K9+'Individual BD'!M9+'Individual BD'!N9) -> 305.79 | F9: 0 | G9: 0 | H9: 0 | I9: ='SCADA Grid'!D10 -> -10.79 | J9: ='SCADA Grid'!C10 -> 50.02 | K9: =IEX!G17 -> 0 | L9: 2.38046 | M9: =RTM!G18 -> 856.68 | N9: 2.01963 | O9: =IF(AND(C9>1,OR($K9>100,$M9>100)),1,0) -> 1 | P9: =IF(AND(D9>1,OR($K9>100,$M9>100)),1,0) -> 1 | Q9: =IF(AND(E9>1,OR($K9>100,$M9>100)),1,0) -> 1
A10: 8 | B10: 01:45-02:00 | C10: =SUM('Individual BD'!C10:N10)-'Individual BD'!K10-'Individual BD'!M10-'Individual BD'!N10 -> 1518.03 | D10: =IF('CGS BD CAL'!M10<20,0,'CGS BD CAL'!M10) -> 1144.1221 | E10: =SUM('Individual BD'!K10+'Individual BD'!M10+'Individual BD'!N10) -> 353.51 | F10: 0 | G10: 0 | H10: 0 | I10: ='SCADA Grid'!D11 -> 66.22 | J10: ='SCADA Grid'!C11 -> 50.03 | K10: =IEX!G18 -> 0 | L10: 2.38047 | M10: =RTM!G19 -> 856.67 | N10: 1.91042 | O10: =IF(AND(C10>1,OR($K10>100,$M10>100)),1,0) -> 1 | P10: =IF(AND(D10>1,OR($K10>100,$M10>100)),1,0) -> 1 | Q10: =IF(AND(E10>1,OR($K10>100,$M10>100)),1,0) -> 1
A11: 9 | B11: 02:00-02:15 | C11: =SUM('Individual BD'!C11:N11)-'Individual BD'!K11-'Individual BD'!M11-'Individual BD'!N11 -> 1508.9 | D11: =IF('CGS BD CAL'!M11<20,0,'CGS BD CAL'!M11) -> 1144.1221 | E11: =SUM('Individual BD'!K11+'Individual BD'!M11+'Individual BD'!N11) -> 364.37 | F11: 0 | G11: 0 | H11: 0 | I11: ='SCADA Grid'!D12 -> -79.6 | J11: ='SCADA Grid'!C12 -> 50.02 | K11: =IEX!G19 -> 0 | L11: 2.41619 | M11: =RTM!G20 -> 951.86 | N11: 1.90862 | O11: =IF(AND(C11>1,OR($K11>100,$M11>100)),1,0) -> 1 | P11: =IF(AND(D11>1,OR($K11>100,$M11>100)),1,0) -> 1 | Q11: =IF(AND(E11>1,OR($K11>100,$M11>100)),1,0) -> 1
A12: 10 | B12: 02:15-02:30 | C12: =SUM('Individual BD'!C12:N12)-'Individual BD'!K12-'Individual BD'!M12-'Individual BD'!N12 -> 1504.89 | D12: =IF('CGS BD CAL'!M12<20,0,'CGS BD CAL'!M12) -> 1144.1221 | E12: =SUM('Individual BD'!K12+'Individual BD'!M12+'Individual BD'!N12) -> 361.45 | F12: 0 | G12: 0 | H12: 0 | I12: ='SCADA Grid'!D13 -> -33.92 | J12: ='SCADA Grid'!C13 -> 49.99 | K12: =IEX!G20 -> 0 | L12: 2.41656 | M12: =RTM!G21 -> 951.86 | N12: 1.9083 | O12: =IF(AND(C12>1,OR($K12>100,$M12>100)),1,0) -> 1 | P12: =IF(AND(D12>1,OR($K12>100,$M12>100)),1,0) -> 1 | Q12: =IF(AND(E12>1,OR($K12>100,$M12>100)),1,0) -> 1
A13: 11 | B13: 02:30-02:45 | C13: =SUM('Individual BD'!C13:N13)-'Individual BD'!K13-'Individual BD'!M13-'Individual BD'!N13 -> 1495.11 | D13: =IF('CGS BD CAL'!M13<20,0,'CGS BD CAL'!M13) -> 1144.1221 | E13: =SUM('Individual BD'!K13+'Individual BD'!M13+'Individual BD'!N13) -> 361.87 | F13: 0 | G13: 0 | H13: 0 | I13: ='SCADA Grid'!D14 -> 24.62 | J13: ='SCADA Grid'!C14 -> 50 | K13: =IEX!G21 -> 0 | L13: 2.42055 | M13: =RTM!G22 -> 951.86 | N13: 1.90819 | O13: =IF(AND(C13>1,OR($K13>100,$M13>100)),1,0) -> 1 | P13: =IF(AND(D13>1,OR($K13>100,$M13>100)),1,0) -> 1 | Q13: =IF(AND(E13>1,OR($K13>100,$M13>100)),1,0) -> 1
A14: 12 | B14: 02:45-03:00 | C14: =SUM('Individual BD'!C14:N14)-'Individual BD'!K14-'Individual BD'!M14-'Individual BD'!N14 -> 1498.81 | D14: =IF('CGS BD CAL'!M14<20,0,'CGS BD CAL'!M14) -> 1144.1221 | E14: =SUM('Individual BD'!K14+'Individual BD'!M14+'Individual BD'!N14) -> 361.77 | F14: 0 | G14: 0 | H14: 0 | I14: ='SCADA Grid'!D15 -> 39.24 | J14: ='SCADA Grid'!C15 -> 49.98 | K14: =IEX!G22 -> 0 | L14: 2.4209 | M14: =RTM!G23 -> 951.85 | N14: 1.89933 | O14: =IF(AND(C14>1,OR($K14>100,$M14>100)),1,0) -> 1 | P14: =IF(AND(D14>1,OR($K14>100,$M14>100)),1,0) -> 1 | Q14: =IF(AND(E14>1,OR($K14>100,$M14>100)),1,0) -> 1
... A98: 96 | B98: 23:45-24:00 | C98: =SUM('Individual BD'!C98:N98)-'Individual BD'!K98-'Individual BD'!M98-'Individual BD'!N98 -> 1057.09 | D98: =IF('CGS BD CAL'!M98<20,0,'CGS BD CAL'!M98) -> 1032.4365 | E98: =SUM('Individual BD'!K98+'Individual BD'!M98+'Individual BD'!N98) -> 205.93 | F98: 0 | G98: 0 | H98: 0 | I98: ='SCADA Grid'!D99 -> -170.41 | J98: ='SCADA Grid'!C99 -> 50.03 | K98: =IEX!G106 -> 0 | L98: 2.83968 | M98: =RTM!G107 -> 571.1 | N98: 2.85274 | O98: =IF(AND(C98>1,OR($K98>100,$M98>100)),1,0) -> 1 | P98: =IF(AND(D98>1,OR($K98>100,$M98>100)),1,0) -> 1 | Q98: =IF(AND(E98>1,OR($K98>100,$M98>100)),1,0) -> 1
B99: IN MU (Net) | C99: =AVERAGE(C3:C98)*24/1000 -> 14.70867 | D99: =AVERAGE(D3:D98)*24/1000 -> 9.0232677 | E99: =AVERAGE(E3:E98)*24/1000 -> 1.6308325 | F99: =AVERAGE(F3:F98)*24/1000 -> 0 | G99: =AVERAGE(G3:G98)*24/1000 -> 0 | H99: =AVERAGE(H3:H98)*24/1000 -> 0 | I99: =AVERAGE(I3:I98)*24/1000 -> -1.856135 | J99: =AVERAGE(J3:J98) -> 49.981667 | K99: =AVERAGE(K3:K98)*24/1000 -> 5.6373225 | M99: =AVERAGE(M3:M98)*24/1000 -> 8.500805
B100: Highlighted fields indicates State Thermal backdown with DAM/RTM purchases : TB Nos. 1-32, 51-63 & 93-96: MBED with RTM purchases. TB Nos. 39 to 43 : Due to Rise in Solar and wind generations.
B101: Highlighted fields indicates CGS Thermal backdown with DAM/RTM purchases:
B102: Highlighted fields indicates IPP Thermal backdown with DAM/RTM purchases:
B106: Minimum | C106: =MIN(C3:C98) -> 0 | D106: =MIN(D3:D98) -> 0 | E106: =MIN(E3:E98) -> 0 | F106: =MIN(F3:F98) -> 0 | G106: =MIN(G3:G98) -> 0 | I106: =MIN(I3:I98) -> -647.5 | J106: =MIN(J3:J98) -> 45.96 | K106: =MIN(K3:K98) -> -400 | M106: =MIN(M3:M98) -> -600 | N106: =MIN(N3:N98) -> 1.89933
B107: Maximum | C107: =MAX(C3:C98) -> 1518.03 | D107: =MAX(D3:D98) -> 1146.0621 | E107: =MAX(E3:E98) -> 364.37 | F107: =MAX(F3:F98) -> 0 | G107: =MAX(G3:G98) -> 0 | I107: =MAX(I3:I98) -> 413.68 | J107: =MAX(J3:J98) -> 50.25 | K107: =MAX(K3:K98) -> 1618.23 | M107: =MAX(M3:M98) -> 1142.28 | N107: =MAX(N3:N98) -> 10
K109: =MIN(K3:K98) -> -400
B122: 0

Sheet Individual BD
A1: ='BD&LR'!A1:F1 -> 12/01/2026
A2: Block | B2: HOUR | C2: RTPP Stg - I | D2: RTPP Stg - II | E2: RTPP Stg - III | F2: VTS (1-6) | G2: RTPP Stg - IV | H2: VTPS - IV | I2: K'Patnam Stg - I | J2: K'Patnam Stg - II | K2: Hinduja | L2: VTPS - V | M2: SEIL-125 MW | N2: SEIL-502 MW | P2: Difference b/w DCs and Actual
A3: 1 | B3: 00:00-00:15 | C3: =IF('BD Start'!C3=0,0,IF('BD Start'!C3-(-SUM(Actual!$I3:$J3))<0,0,'BD Start'!C3-(-SUM(Actual!$I3:$J3)))) -> 26.27 | D3: =IF('BD Start'!D3=0,0,IF('BD Start'!D3-(-SUM(Actual!$K3:$L3))<0,0,'BD Start'!D3-(-SUM(Actual!$K3:$L3)))) -> 170.79 | E3: =IF('BD Start'!E3=0,0,IF('BD Start'!E3-(-Actual!$M3)<0,0,'BD Start'!E3-(-Actual!$M3))) -> 70.75 | F3: =IF('BD Start'!F3=0,0,IF('BD Start'!F3-(-SUM(Actual!$B3:$G3))<0,0,'BD Start'!F3-(-SUM(Actual!$B3:$G3)))) -> 13.77 | G3: =IF('BD Start'!G3=0,0,IF('BD Start'!G3-(-Actual!$N3)<0,0,'BD Start'!G3-(-Actual!$N3))) -> 126.16 | H3: =IF('BD Start'!H3=0,0,IF('BD Start'!H3-(-Actual!$H3)<0,0,'BD Start'!H3-(-Actual!$H3))) -> 196.31 | I3: =IF('BD Start'!I3=0,0,IF('BD Start'!I3-(-SUM(Actual!$O3:$P3))<0,0,'BD Start'!I3-(-SUM(Actual!$O3:$P3)))) -> 603.72 | J3: =IF('BD Start'!J3=0,0,IF('BD Start'!J3-(-Actual!$AA3)<0,0,'BD Start'!J3-(-Actual!$AA3))) -> 0 | K3: =IF('BD Start'!K3=0,0,IF('BD Start'!K3-('DATA-CMD'!D3)<0,0,'BD Start'!K3-('DATA-CMD'!D3))) -> 202.9 | L3: =IF('BD Start'!L3=0,0,IF('BD Start'!L3-(Actual!$AB3)<0,0,'BD Start'!L3-(Actual!$AB3))) -> 0 | M3: =IF('BD Start'!M3>0,IF(('BD Start'!M3-'DATA-CMD'!L3+TPCIL!O13)>=125,125,IF(('BD Start'!M3-'DATA-CMD'!L3+TPCIL!O13)<0,0,('BD Start'!M3-'DATA-CMD'!L3+TPCIL!O13))),0) -> 0 | N3: =IF('BD Start'!N3=0,0,IF('BD Start'!N3-O3<0,0,'BD Start'!N3-O3)) -> 0 | O3: ='DATA-CMD'!L3+TPCIL!E13+TPCIL!F13+TPCIL!G13+TPCIL!H13 -> 459.09 | P3: ='BD Start'!P3+'BD Start'!Q3-'DATA-CMD'!M3 -> 0
A4: 2 | B4: 00:15-00:30 | C4: =IF('BD Start'!C4=0,0,IF('BD Start'!C4-(-SUM(Actual!$I4:$J4))<0,0,'BD Start'!C4-(-SUM(Actual!$I4:$J4)))) -> 27.21 | D4: =IF('BD Start'!D4=0,0,IF('BD Start'!D4-(-SUM(Actual!$K4:$L4))<0,0,'BD Start'!D4-(-SUM(Actual!$K4:$L4)))) -> 171.95 | E4: =IF('BD Start'!E4=0,0,IF('BD Start'!E4-(-Actual!$M4)<0,0,'BD Start'!E4-(-Actual!$M4))) -> 68.86 | F4: =IF('BD Start'!F4=0,0,IF('BD Start'!F4-(-SUM(Actual!$B4:$G4))<0,0,'BD Start'!F4-(-SUM(Actual!$B4:$G4)))) -> 13.42 | G4: =IF('BD Start'!G4=0,0,IF('BD Start'!G4-(-Actual!$N4)<0,0,'BD Start'!G4-(-Actual!$N4))) -> 130.63 | H4: =IF('BD Start'!H4=0,0,IF('BD Start'!H4-(-Actual!$H4)<0,0,'BD Start'!H4-(-Actual!$H4))) -> 195.49 | I4: =IF('BD Start'!I4=0,0,IF('BD Start'!I4-(-SUM(Actual!$O4:$P4))<0,0,'BD Start'!I4-(-SUM(Actual!$O4:$P4)))) -> 609.87 | J4: =IF('BD Start'!J4=0,0,IF('BD Start'!J4-(-Actual!$AA4)<0,0,'BD Start'!J4-(-Actual!$AA4))) -> 0 | K4: =IF('BD Start'!K4=0,0,IF('BD Start'!K4-('DATA-CMD'!D4)<0,0,'BD Start'!K4-('DATA-CMD'!D4))) -> 201.3 | L4: =IF('BD Start'!L4=0,0,IF('BD Start'!L4-(Actual!$AB4)<0,0,'BD Start'!L4-(Actual!$AB4))) -> 0 | M4: =IF('BD Start'!M4>0,IF(('BD Start'!M4-'DATA-CMD'!L4+TPCIL!O14)>=125,125,IF(('BD Start'!M4-'DATA-CMD'!L4+TPCIL!O14)<0,0,('BD Start'!M4-'DATA-CMD'!L4+TPCIL!O14))),0) -> 0 | N4: =IF('BD Start'!N4=0,0,IF('BD Start'!N4-O4<0,0,'BD Start'!N4-O4)) -> 0 | O4: ='DATA-CMD'!L4+TPCIL!E14+TPCIL!F14+TPCIL!G14+TPCIL!H14 -> 501.27 | P4: ='BD Start'!P4+'BD Start'!Q4-'DATA-CMD'!M4 -> 0
A5: 3 | B5: 00:30-00:45 | C5: =IF('BD Start'!C5=0,0,IF('BD Start'!C5-(-SUM(Actual!$I5:$J5))<0,0,'BD Start'!C5-(-SUM(Actual!$I5:$J5)))) -> 35.5 | D5: =IF('BD Start'!D5=0,0,IF('BD Start'!D5-(-SUM(Actual!$K5:$L5))<0,0,'BD Start'!D5-(-SUM(Actual!$K5:$L5)))) -> 173.44 | E5: =IF('BD Start'!E5=0,0,IF('BD Start'!E5-(-Actual!$M5)<0,0,'BD Start'!E5-(-Actual!$M5))) -> 71.86 | F5: =IF('BD Start'!F5=0,0,IF('BD Start'!F5-(-SUM(Actual!$B5:$G5))<0,0,'BD Start'!F5-(-SUM(Actual!$B5:$G5)))) -> 16.55 | G5: =IF('BD Start'!G5=0,0,IF('BD Start'!G5-(-Actual!$N5)<0,0,'BD Start'!G5-(-Actual!$N5))) -> 131.23 | H5: =IF('BD Start'!H5=0,0,IF('BD Start'!H5-(-Actual!$H5)<0,0,'BD Start'!H5-(-Actual!$H5))) -> 194.96 | I5: =IF('BD Start'!I5=0,0,IF('BD Start'!I5-(-SUM(Actual!$O5:$P5))<0,0,'BD Start'!I5-(-SUM(Actual!$O5:$P5)))) -> 610.56 | J5: =IF('BD Start'!J5=0,0,IF('BD Start'!J5-(-Actual!$AA5)<0,0,'BD Start'!J5-(-Actual!$AA5))) -> 0 | K5: =IF('BD Start'!K5=0,0,IF('BD Start'!K5-('DATA-CMD'!D5)<0,0,'BD Start'!K5-('DATA-CMD'!D5))) -> 208.06 | L5: =IF('BD Start'!L5=0,0,IF('BD Start'!L5-(Actual!$AB5)<0,0,'BD Start'!L5-(Actual!$AB5))) -> 0 | M5: =IF('BD Start'!M5>0,IF(('BD Start'!M5-'DATA-CMD'!L5+TPCIL!O15)>=125,125,IF(('BD Start'!M5-'DATA-CMD'!L5+TPCIL!O15)<0,0,('BD Start'!M5-'DATA-CMD'!L5+TPCIL!O15))),0) -> 0 | N5: =IF('BD Start'!N5=0,0,IF('BD Start'!N5-O5<0,0,'BD Start'!N5-O5)) -> 0 | O5: ='DATA-CMD'!L5+TPCIL!E15+TPCIL!F15+TPCIL!G15+TPCIL!H15 -> 502.21 | P5: ='BD Start'!P5+'BD Start'!Q5-'DATA-CMD'!M5 -> 0
A6: 4 | B6: 00:45-01:00 | C6: =IF('BD Start'!C6=0,0,IF('BD Start'!C6-(-SUM(Actual!$I6:$J6))<0,0,'BD Start'!C6-(-SUM(Actual!$I6:$J6)))) -> 43.49 | D6: =IF('BD Start'!D6=0,0,IF('BD Start'!D6-(-SUM(Actual!$K6:$L6))<0,0,'BD Start'!D6-(-SUM(Actual!$K6:$L6)))) -> 172 | E6: =IF('BD Start'!E6=0,0,IF('BD Start'!E6-(-Actual!$M6)<0,0,'BD Start'!E6-(-Actual!$M6))) -> 69.12 | F6: =IF('BD Start'!F6=0,0,IF('BD Start'!F6-(-SUM(Actual!$B6:$G6))<0,0,'BD Start'!F6-(-SUM(Actual!$B6:$G6)))) -> 20.07 | G6: =IF('BD Start'!G6=0,0,IF('BD Start'!G6-(-Actual!$N6)<0,0,'BD Start'!G6-(-Actual!$N6))) -> 131.23 | H6: =IF('BD Start'!H6=0,0,IF('BD Start'!H6-(-Actual!$H6)<0,0,'BD Start'!H6-(-Actual!$H6))) -> 195.87 | I6: =IF('BD Start'!I6=0,0,IF('BD Start'!I6-(-SUM(Actual!$O6:$P6))<0,0,'BD Start'!I6-(-SUM(Actual!$O6:$P6)))) -> 609.73 | J6: =IF('BD Start'!J6=0,0,IF('BD Start'!J6-(-Actual!$AA6)<0,0,'BD Start'!J6-(-Actual!$AA6))) -> 0 | K6: =IF('BD Start'!K6=0,0,IF('BD Start'!K6-('DATA-CMD'!D6)<0,0,'BD Start'!K6-('DATA-CMD'!D6))) -> 206.87 | L6: =IF('BD Start'!L6=0,0,IF('BD Start'!L6-(Actual!$AB6)<0,0,'BD Start'!L6-(Actual!$AB6))) -> 0 | M6: =IF('BD Start'!M6>0,IF(('BD Start'!M6-'DATA-CMD'!L6+TPCIL!O16)>=125,125,IF(('BD Start'!M6-'DATA-CMD'!L6+TPCIL!O16)<0,0,('BD Start'!M6-'DATA-CMD'!L6+TPCIL!O16))),0) -> 0 | N6: =IF('BD Start'!N6=0,0,IF('BD Start'!N6-O6<0,0,'BD Start'!N6-O6)) -> 0 | O6: ='DATA-CMD'!L6+TPCIL!E16+TPCIL!F16+TPCIL!G16+TPCIL!H16 -> 502.44 | P6: ='BD Start'!P6+'BD Start'!Q6-'DATA-CMD'!M6 -> 0
A7: 5 | B7: 01:00-01:15 | C7: =IF('BD Start'!C7=0,0,IF('BD Start'!C7-(-SUM(Actual!$I7:$J7))<0,0,'BD Start'!C7-(-SUM(Actual!$I7:$J7)))) -> 46.45 | D7: =IF('BD Start'!D7=0,0,IF('BD Start'!D7-(-SUM(Actual!$K7:$L7))<0,0,'BD Start'!D7-(-SUM(Actual!$K7:$L7)))) -> 172.85 | E7: =IF('BD Start'!E7=0,0,IF('BD Start'!E7-(-Actual!$M7)<0,0,'BD Start'!E7-(-Actual!$M7))) -> 69.68 | F7: =IF('BD Start'!F7=0,0,IF('BD Start'!F7-(-SUM(Actual!$B7:$G7))<0,0,'BD Start'!F7-(-SUM(Actual!$B7:$G7)))) -> 26.07 | G7: =IF('BD Start'!G7=0,0,IF('BD Start'!G7-(-Actual!$N7)<0,0,'BD Start'!G7-(-Actual!$N7))) -> 133.35 | H7: =IF('BD Start'!H7=0,0,IF('BD Start'!H7-(-Actual!$H7)<0,0,'BD Start'!H7-(-Actual!$H7))) -> 197 | I7: =IF('BD Start'!I7=0,0,IF('BD Start'!I7-(-SUM(Actual!$O7:$P7))<0,0,'BD Start'!I7-(-SUM(Actual!$O7:$P7)))) -> 602.16 | J7: =IF('BD Start'!J7=0,0,IF('BD Start'!J7-(-Actual!$AA7)<0,0,'BD Start'!J7-(-Actual!$AA7))) -> 0 | K7: =IF('BD Start'!K7=0,0,IF('BD Start'!K7-('DATA-CMD'!D7)<0,0,'BD Start'!K7-('DATA-CMD'!D7))) -> 202.06 | L7: =IF('BD Start'!L7=0,0,IF('BD Start'!L7-(Actual!$AB7)<0,0,'BD Start'!L7-(Actual!$AB7))) -> 0 | M7: =IF('BD Start'!M7>0,IF(('BD Start'!M7-'DATA-CMD'!L7+TPCIL!O17)>=125,125,IF(('BD Start'!M7-'DATA-CMD'!L7+TPCIL!O17)<0,0,('BD Start'!M7-'DATA-CMD'!L7+TPCIL!O17))),0) -> 0 | N7: =IF('BD Start'!N7=0,0,IF('BD Start'!N7-O7<0,0,'BD Start'!N7-O7)) -> 0 | O7: ='DATA-CMD'!L7+TPCIL!E17+TPCIL!F17+TPCIL!G17+TPCIL!H17 -> 488.97 | P7: ='BD Start'!P7+'BD Start'!Q7-'DATA-CMD'!M7 -> 0
A8: 6 | B8: 01:15-01:30 | C8: =IF('BD Start'!C8=0,0,IF('BD Start'!C8-(-SUM(Actual!$I8:$J8))<0,0,'BD Start'!C8-(-SUM(Actual!$I8:$J8)))) -> 50.78 | D8: =IF('BD Start'!D8=0,0,IF('BD Start'!D8-(-SUM(Actual!$K8:$L8))<0,0,'BD Start'!D8-(-SUM(Actual!$K8:$L8)))) -> 174.39 | E8: =IF('BD Start'!E8=0,0,IF('BD Start'!E8-(-Actual!$M8)<0,0,'BD Start'!E8-(-Actual!$M8))) -> 71.19 | F8: =IF('BD Start'!F8=0,0,IF('BD Start'!F8-(-SUM(Actual!$B8:$G8))<0,0,'BD Start'!F8-(-SUM(Actual!$B8:$G8)))) -> 22.35 | G8: =IF('BD Start'!G8=0,0,IF('BD Start'!G8-(-Actual!$N8)<0,0,'BD Start'!G8-(-Actual!$N8))) -> 136.32 | H8: =IF('BD Start'!H8=0,0,IF('BD Start'!H8-(-Actual!$H8)<0,0,'BD Start'!H8-(-Actual!$H8))) -> 193.95 | I8: =IF('BD Start'!I8=0,0,IF('BD Start'!I8-(-SUM(Actual!$O8:$P8))<0,0,'BD Start'!I8-(-SUM(Actual!$O8:$P8)))) -> 603.23 | J8: =IF('BD Start'!J8=0,0,IF('BD Start'!J8-(-Actual!$AA8)<0,0,'BD Start'!J8-(-Actual!$AA8))) -> 0 | K8: =IF('BD Start'!K8=0,0,IF('BD Start'!K8-('DATA-CMD'!D8)<0,0,'BD Start'!K8-('DATA-CMD'!D8))) -> 203.98 | L8: =IF('BD Start'!L8=0,0,IF('BD Start'!L8-(Actual!$AB8)<0,0,'BD Start'!L8-(Actual!$AB8))) -> 0 | M8: =IF('BD Start'!M8>0,IF(('BD Start'!M8-'DATA-CMD'!L8+TPCIL!O18)>=125,125,IF(('BD Start'!M8-'DATA-CMD'!L8+TPCIL!O18)<0,0,('BD Start'!M8-'DATA-CMD'!L8+TPCIL!O18))),0) -> 0 | N8: =IF('BD Start'!N8=0,0,IF('BD Start'!N8-O8<0,0,'BD Start'!N8-O8)) -> 47.64 | O8: ='DATA-CMD'!L8+TPCIL!E18+TPCIL!F18+TPCIL!G18+TPCIL!H18 -> 454.36 | P8: ='BD Start'!P8+'BD Start'!Q8-'DATA-CMD'!M8 -> 0
A9: 7 | B9: 01:30-01:45 | C9: =IF('BD Start'!C9=0,0,IF('BD Start'!C9-(-SUM(Actual!$I9:$J9))<0,0,'BD Start'!C9-(-SUM(Actual!$I9:$J9)))) -> 51.5 | D9: =IF('BD Start'!D9=0,0,IF('BD Start'!D9-(-SUM(Actual!$K9:$L9))<0,0,'BD Start'!D9-(-SUM(Actual!$K9:$L9)))) -> 172.76 | E9: =IF('BD Start'!E9=0,0,IF('BD Start'!E9-(-Actual!$M9)<0,0,'BD Start'!E9-(-Actual!$M9))) -> 69.97 | F9: =IF('BD Start'!F9=0,0,IF('BD Start'!F9-(-SUM(Actual!$B9:$G9))<0,0,'BD Start'!F9-(-SUM(Actual!$B9:$G9)))) -> 22.15 | G9: =IF('BD Start'!G9=0,0,IF('BD Start'!G9-(-Actual!$N9)<0,0,'BD Start'!G9-(-Actual!$N9))) -> 136.32 | H9: =IF('BD Start'!H9=0,0,IF('BD Start'!H9-(-Actual!$H9)<0,0,'BD Start'!H9-(-Actual!$H9))) -> 194.41 | I9: =IF('BD Start'!I9=0,0,IF('BD Start'!I9-(-SUM(Actual!$O9:$P9))<0,0,'BD Start'!I9-(-SUM(Actual!$O9:$P9)))) -> 590.88 | J9: =IF('BD Start'!J9=0,0,IF('BD Start'!J9-(-Actual!$AA9)<0,0,'BD Start'!J9-(-Actual!$AA9))) -> 0 | K9: =IF('BD Start'!K9=0,0,IF('BD Start'!K9-('DATA-CMD'!D9)<0,0,'BD Start'!K9-('DATA-CMD'!D9))) -> 202.46 | L9: =IF('BD Start'!L9=0,0,IF('BD Start'!L9-(Actual!$AB9)<0,0,'BD Start'!L9-(Actual!$AB9))) -> 268.34 | M9: =IF('BD Start'!M9>0,IF(('BD Start'!M9-'DATA-CMD'!L9+TPCIL!O19)>=125,125,IF(('BD Start'!M9-'DATA-CMD'!L9+TPCIL!O19)<0,0,('BD Start'!M9-'DATA-CMD'!L9+TPCIL!O19))),0) -> 0 | N9: =IF('BD Start'!N9=0,0,IF('BD Start'!N9-O9<0,0,'BD Start'!N9-O9)) -> 103.33 | O9: ='DATA-CMD'!L9+TPCIL!E19+TPCIL!F19+TPCIL!G19+TPCIL!H19 -> 398.67 | P9: ='BD Start'!P9+'BD Start'!Q9-'DATA-CMD'!M9 -> 0
A10: 8 | B10: 01:45-02:00 | C10: =IF('BD Start'!C10=0,0,IF('BD Start'!C10-(-SUM(Actual!$I10:$J10))<0,0,'BD Start'!C10-(-SUM(Actual!$I10:$J10)))) -> 56.24 | D10: =IF('BD Start'!D10=0,0,IF('BD Start'!D10-(-SUM(Actual!$K10:$L10))<0,0,'BD Start'!D10-(-SUM(Actual!$K10:$L10)))) -> 172.94 | E10: =IF('BD Start'!E10=0,0,IF('BD Start'!E10-(-Actual!$M10)<0,0,'BD Start'!E10-(-Actual!$M10))) -> 69.37 | F10: =IF('BD Start'!F10=0,0,IF('BD Start'!F10-(-SUM(Actual!$B10:$G10))<0,0,'BD Start'!F10-(-SUM(Actual!$B10:$G10)))) -> 18.04 | G10: =IF('BD Start'!G10=0,0,IF('BD Start'!G10-(-Actual!$N10)<0,0,'BD Start'!G10-(-Actual!$N10))) -> 132.35 | H10: =IF('BD Start'!H10=0,0,IF('BD Start'!H10-(-Actual!$H10)<0,0,'BD Start'!H10-(-Actual!$H10))) -> 200.88 | I10: =IF('BD Start'!I10=0,0,IF('BD Start'!I10-(-SUM(Actual!$O10:$P10))<0,0,'BD Start'!I10-(-SUM(Actual!$O10:$P10)))) -> 601 | J10: =IF('BD Start'!J10=0,0,IF('BD Start'!J10-(-Actual!$AA10)<0,0,'BD Start'!J10-(-Actual!$AA10))) -> 0 | K10: =IF('BD Start'!K10=0,0,IF('BD Start'!K10-('DATA-CMD'!D10)<0,0,'BD Start'!K10-('DATA-CMD'!D10))) -> 204.23 | L10: =IF('BD Start'!L10=0,0,IF('BD Start'!L10-(Actual!$AB10)<0,0,'BD Start'!L10-(Actual!$AB10))) -> 267.21 | M10: =IF('BD Start'!M10>0,IF(('BD Start'!M10-'DATA-CMD'!L10+TPCIL!O20)>=125,125,IF(('BD Start'!M10-'DATA-CMD'!L10+TPCIL!O20)<0,0,('BD Start'!M10-'DATA-CMD'!L10+TPCIL!O20))),0) -> 0 | N10: =IF('BD Start'!N10=0,0,IF('BD Start'!N10-O10<0,0,'BD Start'!N10-O10)) -> 149.28 | O10: ='DATA-CMD'!L10+TPCIL!E20+TPCIL!F20+TPCIL!G20+TPCIL!H20 -> 352.72 | P10: ='BD Start'!P10+'BD Start'!Q10-'DATA-CMD'!M10 -> 0
A11: 9 | B11: 02:00-02:15 | C11: =IF('BD Start'!C11=0,0,IF('BD Start'!C11-(-SUM(Actual!$I11:$J11))<0,0,'BD Start'!C11-(-SUM(Actual!$I11:$J11)))) -> 52.4 | D11: =IF('BD Start'!D11=0,0,IF('BD Start'!D11-(-SUM(Actual!$K11:$L11))<0,0,'BD Start'!D11-(-SUM(Actual!$K11:$L11)))) -> 170.93 | E11: =IF('BD Start'!E11=0,0,IF('BD Start'!E11-(-Actual!$M11)<0,0,'BD Start'!E11-(-Actual!$M11))) -> 69.96 | F11: =IF('BD Start'!F11=0,0,IF('BD Start'!F11-(-SUM(Actual!$B11:$G11))<0,0,'BD Start'!F11-(-SUM(Actual!$B11:$G11)))) -> 11.18 | G11: =IF('BD Start'!G11=0,0,IF('BD Start'!G11-(-Actual!$N11)<0,0,'BD Start'!G11-(-Actual!$N11))) -> 127.79 | H11: =IF('BD Start'!H11=0,0,IF('BD Start'!H11-(-Actual!$H11)<0,0,'BD Start'!H11-(-Actual!$H11))) -> 195.24 | I11: =IF('BD Start'!I11=0,0,IF('BD Start'!I11-(-SUM(Actual!$O11:$P11))<0,0,'BD Start'!I11-(-SUM(Actual!$O11:$P11)))) -> 621.88 | J11: =IF('BD Start'!J11=0,0,IF('BD Start'!J11-(-Actual!$AA11)<0,0,'BD Start'!J11-(-Actual!$AA11))) -> 0 | K11: =IF('BD Start'!K11=0,0,IF('BD Start'!K11-('DATA-CMD'!D11)<0,0,'BD Start'!K11-('DATA-CMD'!D11))) -> 206.89 | L11: =IF('BD Start'!L11=0,0,IF('BD Start'!L11-(Actual!$AB11)<0,0,'BD Start'!L11-(Actual!$AB11))) -> 259.52 | M11: =IF('BD Start'!M11>0,IF(('BD Start'!M11-'DATA-CMD'!L11+TPCIL!O21)>=125,125,IF(('BD Start'!M11-'DATA-CMD'!L11+TPCIL!O21)<0,0,('BD Start'!M11-'DATA-CMD'!L11+TPCIL!O21))),0) -> 0 | N11: =IF('BD Start'!N11=0,0,IF('BD Start'!N11-O11<0,0,'BD Start'!N11-O11)) -> 157.48 | O11: ='DATA-CMD'!L11+TPCIL!E21+TPCIL!F21+TPCIL!G21+TPCIL!H21 -> 344.52 | P11: ='BD Start'!P11+'BD Start'!Q11-'DATA-CMD'!M11 -> 0
A12: 10 | B12: 02:15-02:30 | C12: =IF('BD Start'!C12=0,0,IF('BD Start'!C12-(-SUM(Actual!$I12:$J12))<0,0,'BD Start'!C12-(-SUM(Actual!$I12:$J12)))) -> 52.91 | D12: =IF('BD Start'!D12=0,0,IF('BD Start'!D12-(-SUM(Actual!$K12:$L12))<0,0,'BD Start'!D12-(-SUM(Actual!$K12:$L12)))) -> 174 | E12: =IF('BD Start'!E12=0,0,IF('BD Start'!E12-(-Actual!$M12)<0,0,'BD Start'!E12-(-Actual!$M12))) -> 68.9 | F12: =IF('BD Start'!F12=0,0,IF('BD Start'!F12-(-SUM(Actual!$B12:$G12))<0,0,'BD Start'!F12-(-SUM(Actual!$B12:$G12)))) -> 9.85 | G12: =IF('BD Start'!G12=0,0,IF('BD Start'!G12-(-Actual!$N12)<0,0,'BD Start'!G12-(-Actual!$N12))) -> 130.38 | H12: =IF('BD Start'!H12=0,0,IF('BD Start'!H12-(-Actual!$H12)<0,0,'BD Start'!H12-(-Actual!$H12))) -> 195.48 | I12: =IF('BD Start'!I12=0,0,IF('BD Start'!I12-(-SUM(Actual!$O12:$P12))<0,0,'BD Start'!I12-(-SUM(Actual!$O12:$P12)))) -> 613.59 | J12: =IF('BD Start'!J12=0,0,IF('BD Start'!J12-(-Actual!$AA12)<0,0,'BD Start'!J12-(-Actual!$AA12))) -> 0 | K12: =IF('BD Start'!K12=0,0,IF('BD Start'!K12-('DATA-CMD'!D12)<0,0,'BD Start'!K12-('DATA-CMD'!D12))) -> 206.4 | L12: =IF('BD Start'!L12=0,0,IF('BD Start'!L12-(Actual!$AB12)<0,0,'BD Start'!L12-(Actual!$AB12))) -> 259.78 | M12: =IF('BD Start'!M12>0,IF(('BD Start'!M12-'DATA-CMD'!L12+TPCIL!O22)>=125,125,IF(('BD Start'!M12-'DATA-CMD'!L12+TPCIL!O22)<0,0,('BD Start'!M12-'DATA-CMD'!L12+TPCIL!O22))),0) -> 0 | N12: =IF('BD Start'!N12=0,0,IF('BD Start'!N12-O12<0,0,'BD Start'!N12-O12)) -> 155.05 | O12: ='DATA-CMD'!L12+TPCIL!E22+TPCIL!F22+TPCIL!G22+TPCIL!H22 -> 346.95 | P12: ='BD Start'!P12+'BD Start'!Q12-'DATA-CMD'!M12 -> 0
A13: 11 | B13: 02:30-02:45 | C13: =IF('BD Start'!C13=0,0,IF('BD Start'!C13-(-SUM(Actual!$I13:$J13))<0,0,'BD Start'!C13-(-SUM(Actual!$I13:$J13)))) -> 50.86 | D13: =IF('BD Start'!D13=0,0,IF('BD Start'!D13-(-SUM(Actual!$K13:$L13))<0,0,'BD Start'!D13-(-SUM(Actual!$K13:$L13)))) -> 171.15 | E13: =IF('BD Start'!E13=0,0,IF('BD Start'!E13-(-Actual!$M13)<0,0,'BD Start'!E13-(-Actual!$M13))) -> 69.08 | F13: =IF('BD Start'!F13=0,0,IF('BD Start'!F13-(-SUM(Actual!$B13:$G13))<0,0,'BD Start'!F13-(-SUM(Actual!$B13:$G13)))) -> 10.66 | G13: =IF('BD Start'!G13=0,0,IF('BD Start'!G13-(-Actual!$N13)<0,0,'BD Start'!G13-(-Actual!$N13))) -> 129.25 | H13: =IF('BD Start'!H13=0,0,IF('BD Start'!H13-(-Actual!$H13)<0,0,'BD Start'!H13-(-Actual!$H13))) -> 198.32 | I13: =IF('BD Start'!I13=0,0,IF('BD Start'!I13-(-SUM(Actual!$O13:$P13))<0,0,'BD Start'!I13-(-SUM(Actual!$O13:$P13)))) -> 617.35 | J13: =IF('BD Start'!J13=0,0,IF('BD Start'!J13-(-Actual!$AA13)<0,0,'BD Start'!J13-(-Actual!$AA13))) -> 0 | K13: =IF('BD Start'!K13=0,0,IF('BD Start'!K13-('DATA-CMD'!D13)<0,0,'BD Start'!K13-('DATA-CMD'!D13))) -> 206.78 | L13: =IF('BD Start'!L13=0,0,IF('BD Start'!L13-(Actual!$AB13)<0,0,'BD Start'!L13-(Actual!$AB13))) -> 248.44 | M13: =IF('BD Start'!M13>0,IF(('BD Start'!M13-'DATA-CMD'!L13+TPCIL!O23)>=125,125,IF(('BD Start'!M13-'DATA-CMD'!L13+TPCIL!O23)<0,0,('BD Start'!M13-'DATA-CMD'!L13+TPCIL!O23))),0) -> 0 | N13: =IF('BD Start'!N13=0,0,IF('BD Start'!N13-O13<0,0,'BD Start'!N13-O13)) -> 155.09 | O13: ='DATA-CMD'!L13+TPCIL!E23+TPCIL!F23+TPCIL!G23+TPCIL!H23 -> 346.91 | P13: ='BD Start'!P13+'BD Start'!Q13-'DATA-CMD'!M13 -> 0
A14: 12 | B14: 02:45-03:00 | C14: =IF('BD Start'!C14=0,0,IF('BD Start'!C14-(-SUM(Actual!$I14:$J14))<0,0,'BD Start'!C14-(-SUM(Actual!$I14:$J14)))) -> 50.21 | D14: =IF('BD Start'!D14=0,0,IF('BD Start'!D14-(-SUM(Actual!$K14:$L14))<0,0,'BD Start'!D14-(-SUM(Actual!$K14:$L14)))) -> 172.35 | E14: =IF('BD Start'!E14=0,0,IF('BD Start'!E14-(-Actual!$M14)<0,0,'BD Start'!E14-(-Actual!$M14))) -> 70.03 | F14: =IF('BD Start'!F14=0,0,IF('BD Start'!F14-(-SUM(Actual!$B14:$G14))<0,0,'BD Start'!F14-(-SUM(Actual!$B14:$G14)))) -> 8.44 | G14: =IF('BD Start'!G14=0,0,IF('BD Start'!G14-(-Actual!$N14)<0,0,'BD Start'!G14-(-Actual!$N14))) -> 135.87 | H14: =IF('BD Start'!H14=0,0,IF('BD Start'!H14-(-Actual!$H14)<0,0,'BD Start'!H14-(-Actual!$H14))) -> 194.96 | I14: =IF('BD Start'!I14=0,0,IF('BD Start'!I14-(-SUM(Actual!$O14:$P14))<0,0,'BD Start'!I14-(-SUM(Actual!$O14:$P14)))) -> 614.9 | J14: =IF('BD Start'!J14=0,0,IF('BD Start'!J14-(-Actual!$AA14)<0,0,'BD Start'!J14-(-Actual!$AA14))) -> 0 | K14: =IF('BD Start'!K14=0,0,IF('BD Start'!K14-('DATA-CMD'!D14)<0,0,'BD Start'!K14-('DATA-CMD'!D14))) -> 205.6 | L14: =IF('BD Start'!L14=0,0,IF('BD Start'!L14-(Actual!$AB14)<0,0,'BD Start'!L14-(Actual!$AB14))) -> 252.05 | M14: =IF('BD Start'!M14>0,IF(('BD Start'!M14-'DATA-CMD'!L14+TPCIL!O24)>=125,125,IF(('BD Start'!M14-'DATA-CMD'!L14+TPCIL!O24)<0,0,('BD Start'!M14-'DATA-CMD'!L14+TPCIL!O24))),0) -> 0 | N14: =IF('BD Start'!N14=0,0,IF('BD Start'!N14-O14<0,0,'BD Start'!N14-O14)) -> 156.17 | O14: ='DATA-CMD'!L14+TPCIL!E24+TPCIL!F24+TPCIL!G24+TPCIL!H24 -> 345.83 | P14: ='BD Start'!P14+'BD Start'!Q14-'DATA-CMD'!M14 -> 0
... A98: 96 | B98: 23:45-24:00 | C98: =IF('BD Start'!C98=0,0,IF('BD Start'!C98-(-SUM(Actual!$I98:$J98))<0,0,'BD Start'!C98-(-SUM(Actual!$I98:$J98)))) -> 63.89 | D98: =IF('BD Start'!D98=0,0,IF('BD Start'!D98-(-SUM(Actual!$K98:$L98))<0,0,'BD Start'!D98-(-SUM(Actual!$K98:$L98)))) -> 151.62 | E98: =IF('BD Start'!E98=0,0,IF('BD Start'!E98-(-Actual!$M98)<0,0,'BD Start'!E98-(-Actual!$M98))) -> 64.74 | F98: =IF('BD Start'!F98=0,0,IF('BD Start'!F98-(-SUM(Actual!$B98:$G98))<0,0,'BD Start'!F98-(-SUM(Actual!$B98:$G98)))) -> 72.8 | G98: =IF('BD Start'!G98=0,0,IF('BD Start'!G98-(-Actual!$N98)<0,0,'BD Start'!G98-(-Actual!$N98))) -> 153.73 | H98: =IF('BD Start'!H98=0,0,IF('BD Start'!H98-(-Actual!$H98)<0,0,'BD Start'!H98-(-Actual!$H98))) -> 164.3 | I98: =IF('BD Start'!I98=0,0,IF('BD Start'!I98-(-SUM(Actual!$O98:$P98))<0,0,'BD Start'!I98-(-SUM(Actual!$O98:$P98)))) -> 386.01 | J98: =IF('BD Start'!J98=0,0,IF('BD Start'!J98-(-Actual!$AA98)<0,0,'BD Start'!J98-(-Actual!$AA98))) -> 0 | K98: =IF('BD Start'!K98=0,0,IF('BD Start'!K98-('DATA-CMD'!D98)<0,0,'BD Start'!K98-('DATA-CMD'!D98))) -> 205.93 | L98: =IF('BD Start'!L98=0,0,IF('BD Start'!L98-(Actual!$AB98)<0,0,'BD Start'!L98-(Actual!$AB98))) -> 0 | M98: =IF('BD Start'!M98>0,IF(('BD Start'!M98-'DATA-CMD'!L98+TPCIL!O108)>=125,125,IF(('BD Start'!M98-'DATA-CMD'!L98+TPCIL!O108)<0,0,('BD Start'!M98-'DATA-CMD'!L98+TPCIL!O108))),0) -> 0 | N98: =IF('BD Start'!N98=0,0,IF('BD Start'!N98-O98<0,0,'BD Start'!N98-O98)) -> 0 | O98: ='DATA-CMD'!L98+TPCIL!E108+TPCIL!F108+TPCIL!G108+TPCIL!H108 -> 500.38 | P98: ='BD Start'!P98+'BD Start'!Q98-'DATA-CMD'!M98 -> 0
B100: Total (MU ) | C100: =SUM(C3:C98)/4000 -> 0.90982 | D100: =SUM(D3:D98)/4000 -> 2.7461925 | E100: =SUM(E3:E98)/4000 -> 1.1214475 | F100: =SUM(F3:F98)/4000 -> 0.3124825 | G100: =SUM(G3:G98)/4000 -> 1.8928125 | H100: =SUM(H3:H98)/4000 -> 2.6170925 | I100: =SUM(I3:I98)/4000 -> 4.4243425 | J100: =SUM(J3:J98)/4000 -> 0 | ... N100: =SUM(N3:N98)/4000 -> 0.34669
E102: =SUM('BD&LR'!C3:C98)/4000 -> 14.70867
E103: =SUM('BD&LR'!D3:D98)/4000 -> 9.0232677
E104: =SUM(E102:E103) -> 23.731938
B109: Minimum | C109: =MIN(C3:C98) -> 0 | D109: =MIN(D3:D98) -> 0 | E109: =MIN(E3:E98) -> 0 | F109: =MIN(F3:F98) -> 0 | G109: =MIN(G3:G98) -> 0 | H109: =MIN(H3:H98) -> 0 | I109: =MIN(I3:I98) -> 0 | J109: =MIN(J3:J98) -> 0 | ... N109: =MIN(N3:N98) -> 0
B110: Maximum | C110: =MAX(C3:C98) -> 75.48 | D110: =MAX(D3:D98) -> 174.39 | E110: =MAX(E3:E98) -> 71.86 | F110: =MAX(F3:F98) -> 72.8 | G110: =MAX(G3:G98) -> 162.75 | H110: =MAX(H3:H98) -> 225.31 | I110: =MAX(I3:I98) -> 621.88 | J110: =MAX(J3:J98) -> 0 | ... N110: =MAX(N3:N98) -> 157.48
C113: =+C100+E100+H100+D100 -> 7.3945525 | E113: =J100+L100 -> 0.68448 | K113: =J100+#REF!+L100 -> #REF!
B118: Date | C118: ='IND-GEN'!X3 -> 12/01/2026
B119: Generating Station | C119: BD. Quantum (MU) | D119: RSD BD (MU)
B120: RTPP | C120: =C100+G100+D100+E100 -> 6.6702725 | D120: =(0)*24/1000 -> 0
B121: VTPS | C121: =H100+F100+L100 -> 3.614055 | D121: =('BD Start'!H99)*24/1000 -> 0
B122: Krishnapatnam | C122: =I100+J100 -> 4.4243425 | D122: 0
B123: Total (MU) | C123: =SUM(C120:C122) -> 14.70867 | D123: =SUM(D120:D122) -> 0

Sheet BD Start
A2: Block | B2: HOUR | C2: RTPP Stg - I | D2: RTPP Stg - II | E2: RTPP Stg - III | F2: VTS (1-6) | G2: RTPP Stg - IV | H2: VTPS - IV | I2: K'Patnam Stg - I | J2: K'Patnam Stg - II | K2: Hinduja | L2: VTPS - V | M2: SEIL-P2-125 | N2: SEIL-P2-502 | P2: SEIL-125 MW DC | Q2: SEIL-500 MW DC
A3: 1 | B3: 00:00-00:15 | C3: 336 | D3: 403 | E3: 194 | F3: 578 | G3: 441 | H3: 460 | I3: 1430 | K3: 750 | V3: 0 | W3: =N3+V3 -> 0
A4: 2 | B4: 00:15-00:30 | C4: 336 | D4: 403 | E4: 194 | F4: 578 | G4: 441 | H4: 460 | I4: 1430 | K4: 750 | V4: 0 | W4: =N4+V4 -> 0
A5: 3 | B5: 00:30-00:45 | C5: 336 | D5: 403 | E5: 194 | F5: 578 | G5: 441 | H5: 460 | I5: 1430 | K5: 750 | V5: 0 | W5: =N5+V5 -> 0 | Y5: -24.62 | Z5: =K5-Y5 -> 774.62
A6: 4 | B6: 00:45-01:00 | C6: 336 | D6: 403 | E6: 194 | F6: 578 | G6: 441 | H6: 460 | I6: 1430 | K6: 750 | U6: =F6-T6 -> 578 | V6: 0 | W6: =N6+V6 -> 0 | Y6: -86.7 | Z6: =K6-Y6 -> 836.7
A7: 5 | B7: 01:00-01:15 | C7: 336 | D7: 403 | E7: 194 | F7: 578 | G7: 441 | H7: 460 | I7: 1430 | K7: 750 | U7: =F7-T7 -> 578 | V7: 0 | W7: =N7+V7 -> 0 | Y7: -127.42 | Z7: =K7-Y7 -> 877.42
A8: 6 | B8: 01:15-01:30 | C8: 336 | D8: 403 | E8: 194 | F8: 578 | G8: 441 | H8: 460 | I8: 1430 | K8: 750 | N8: 502 | U8: =F8-T8 -> 578 | V8: 0 | W8: =N8+V8 -> 502 | Y8: -184.64 | Z8: =K8-Y8 -> 934.64
A9: 7 | B9: 01:30-01:45 | C9: 336 | D9: 403 | E9: 194 | F9: 578 | G9: 441 | H9: 460 | I9: 1430 | K9: 750 | L9: 671 | N9: 502 | U9: =F9-T9 -> 578 | V9: 0 | W9: =N9+V9 -> 502 | Y9: -190.22 | Z9: =K9-Y9 -> 940.22
A10: 8 | B10: 01:45-02:00 | C10: 336 | D10: 403 | E10: 194 | F10: 578 | G10: 441 | H10: 460 | I10: 1430 | K10: 750 | L10: 671 | N10: 502 | V10: 0 | W10: =N10+V10 -> 502 | Y10: -234.36 | Z10: =K10-Y10 -> 984.36
A11: 9 | B11: 02:00-02:15 | C11: 336 | D11: 403 | E11: 194 | F11: 578 | G11: 441 | H11: 460 | I11: 1430 | K11: 750 | L11: 671 | N11: 502 | V11: 0 | W11: =N11+V11 -> 502 | Y11: -246.05 | Z11: =K11-Y11 -> 996.05
A12: 10 | B12: 02:15-02:30 | C12: 336 | D12: 403 | E12: 194 | F12: 578 | G12: 441 | H12: 460 | I12: 1430 | K12: 750 | L12: 671 | N12: 502 | V12: 0 | W12: =N12+V12 -> 502 | Y12: -246.39
A13: 11 | B13: 02:30-02:45 | C13: 336 | D13: 403 | E13: 194 | F13: 578 | G13: 441 | H13: 460 | I13: 1430 | K13: 750 | L13: 671 | N13: 502 | V13: 0 | W13: =N13+V13 -> 502 | Y13: -249.05
A14: 12 | B14: 02:45-03:00 | C14: 336 | D14: 403 | E14: 194 | F14: 578 | G14: 441 | H14: 460 | I14: 1430 | K14: 750 | L14: 671 | N14: 502 | V14: 0 | W14: =N14+V14 -> 502 | Y14: -257.6
A15: 13 | B15: 03:00-03:15 | C15: 336 | D15: 403 | E15: 194 | F15: 578 | G15: 441 | H15: 460 | I15: 1430 | K15: 750 | L15: 671 | N15: 502 | V15: 0 | W15: =N15+V15 -> 502
A16: 14 | B16: 03:15-03:30 | C16: 336 | D16: 403 | E16: 194 | F16: 578 | G16: 441 | H16: 460 | I16: 1430 | K16: 750 | L16: 671 | N16: 502 | V16: 0 | W16: =N16+V16 -> 502
A17: 15 | B17: 03:30-03:45 | C17: 336 | D17: 403 | E17: 194 | F17: 578 | G17: 441 | H17: 460 | I17: 1430 | K17: 750 | L17: 671 | N17: 502 | V17: 0 | W17: =N17+V17 -> 502
A18: 16 | B18: 03:45-04:00 | C18: 336 | D18: 403 | E18: 194 | F18: 578 | G18: 441 | H18: 460 | I18: 1430 | K18: 750 | L18: 671 | V18: 0 | W18: =N18+V18 -> 0
A19: 17 | B19: 04:00-04:15 | C19: 336 | D19: 403 | E19: 194 | F19: 578 | G19: 441 | H19: 460 | I19: 1430 | K19: 750 | L19: 671 | V19: 0 | W19: =N19+V19 -> 0
A20: 18 | B20: 04:15-04:30 | C20: 336 | D20: 403 | E20: 194 | F20: 578 | G20: 441 | H20: 460 | I20: 1430 | K20: 750 | V20: 0 | W20: =N20+V20 -> 0
A21: 19 | B21: 04:30-04:45 | C21: 336 | D21: 403 | E21: 194 | F21: 578 | G21: 441 | H21: 460 | I21: 1430 | K21: 750 | V21: 0 | W21: =N21+V21 -> 0
A22: 20 | B22: 04:45-05:00 | C22: 336 | D22: 403 | E22: 194 | F22: 578 | G22: 441 | H22: 460 | I22: 1430 | K22: 750 | V22: 0 | W22: =N22+V22 -> 0
A23: 21 | B23: 05:00-05:15 | C23: 336 | D23: 403 | E23: 194 | F23: 578 | G23: 441 | H23: 460 | I23: 1430 | K23: 750 | V23: 0 | W23: =N23+V23 -> 0
A24: 22 | B24: 05:15-05:30 | C24: 336 | D24: 403 | E24: 194 | F24: 578 | G24: 441 | H24: 460 | V24: 0 | W24: =N24+V24 -> 0
A25: 23 | B25: 05:30-05:45 | C25: 336 | D25: 403 | E25: 194 | F25: 578 | G25: 441 | H25: 460 | V25: 0 | W25: =N25+V25 -> 0
A26: 24 | B26: 05:45-06:00 | C26: 336 | D26: 403 | E26: 194 | F26: 578 | G26: 441 | H26: 460 | V26: 0 | W26: =N26+V26 -> 0
A27: 25 | B27: 06:00-06:15 | C27: 336 | D27: 403 | E27: 194 | F27: 578 | G27: 441 | H27: 460 | V27: 0 | W27: =N27+V27 -> 0
A28: 26 | B28: 06:15-06:30 | C28: 336 | D28: 403 | E28: 194 | V28: 51 | W28: =N28+V28 -> 51
A29: 27 | B29: 06:30-06:45 | C29: 336 | D29: 403 | E29: 194 | V29: 103 | W29: =N29+V29 -> 103
A30: 28 | B30: 06:45-07:00 | C30: 336 | D30: 403 | E30: 194 | F30: 578 | G30: 450 | H30: 460 | V30: 125 | W30: =N30+V30 -> 125
A31: 29 | B31: 07:00-07:15 | C31: 336 | D31: 403 | E31: 194 | F31: 578 | G31: 450 | H31: 460 | V31: 125 | W31: =N31+V31 -> 125
A32: 30 | B32: 07:15-07:30 | C32: 336 | D32: 403 | E32: 194 | F32: 578 | G32: 450 | H32: 460 | U32: =J32-T32 -> 0 | V32: 125 | W32: =N32+V32 -> 125
A33: 31 | B33: 07:30-07:45 | C33: 336 | D33: 403 | E33: 194 | F33: 578 | G33: 450 | H33: 460 | U33: =J33-T33 -> 0 | V33: 125 | W33: =N33+V33 -> 125
A34: 32 | B34: 07:45-08:00 | C34: 336 | D34: 403 | E34: 194 | U34: =J34-T34 -> 0 | V34: 125 | W34: =N34+V34 -> 125 | AA34: -8.46 | AB34: =+#REF!-AA34 -> #REF!
A35: 33 | B35: 08:00-08:15 | U35: =J35-T35 -> 0 | V35: 125 | W35: =N35+V35 -> 125 | AA35: -56.19 | AB35: =+#REF!-AA35 -> #REF!
A36: 34 | B36: 08:15-08:30 | U36: =J36-T36 -> 0 | V36: 125 | W36: =N36+V36 -> 125 | AA36: -59.49 | AB36: =+#REF!-AA36 -> #REF!
A37: 35 | B37: 08:30-08:45 | U37: =J37-T37 -> 0 | V37: 125 | W37: =N37+V37 -> 125 | AA37: -55.03 | AB37: =+#REF!-AA37 -> #REF!
A38: 36 | B38: 08:45-09:00 | U38: =J38-T38 -> 0 | V38: 125 | W38: =N38+V38 -> 125 | AA38: -65.49 | AB38: =+#REF!-AA38 -> #REF!
A39: 37 | B39: 09:00-09:15 | U39: =J39-T39 -> 0 | V39: 125 | W39: =N39+V39 -> 125 | AA39: -93.33 | AB39: =+#REF!-AA39 -> #REF!
A40: 38 | B40: 09:15-09:30 | U40: =J40-T40 -> 0 | V40: 125 | W40: =N40+V40 -> 125 | AA40: -100.43 | AB40: =+#REF!-AA40 -> #REF!
A41: 39 | B41: 09:30-09:45 | C41: 327 | D41: 405 | E41: 195 | F41: 540 | G41: 440 | U41: =J41-T41 -> 0 | V41: 125 | W41: =N41+V41 -> 125 | AA41: -96.54 | AB41: =+#REF!-AA41 -> #REF!
A42: 40 | B42: 09:45-10:00 | C42: 327 | D42: 405 | E42: 195 | F42: 540 | G42: 440 | H42: 484 | V42: 125 | W42: =N42+V42 -> 125 | AA42: -110.34 | AB42: =+#REF!-AA42 -> #REF!
A43: 41 | B43: 10:00-10:15 | C43: 327 | D43: 405 | E43: 195 | F43: 540 | G43: 440 | H43: 484 | V43: 125 | W43: =M43+V43 -> 125
A44: 42 | B44: 10:15-10:30 | C44: 327 | D44: 405 | E44: 195 | F44: 540 | G44: 440 | H44: 484 | V44: 125 | W44: =M44+V44 -> 125
A45: 43 | B45: 10:30-10:45 | C45: 327 | D45: 405 | E45: 195 | F45: 540 | G45: 440 | H45: 484 | V45: 103 | W45: =M45+V45 -> 103
A46: 44 | B46: 10:45-11:00 | C46: 327 | D46: 405 | E46: 195 | F46: 540 | G46: 440 | H46: 484 | I46: 1423 | V46: 103 | W46: =M46+V46 -> 103
A47: 45 | B47: 11:00-11:15 | C47: 327 | D47: 405 | E47: 195 | F47: 540 | G47: 440 | H47: 484 | I47: 1423 | V47: 103 | W47: =M47+V47 -> 103
A48: 46 | B48: 11:15-11:30 | C48: 327 | D48: 405 | E48: 195 | F48: 540 | G48: 440 | H48: 484 | I48: 1423 | V48: 51 | W48: =M48+V48 -> 51
A49: 47 | B49: 11:30-11:45 | C49: 327 | D49: 405 | E49: 195 | F49: 540 | G49: 440 | H49: 484 | I49: 1423 | V49: 0 | W49: =M49+V49 -> 0
A50: 48 | B50: 11:45-12:00 | C50: 327 | D50: 405 | E50: 195 | F50: 540 | G50: 440 | H50: 484 | I50: 1423 | V50: 0 | W50: =M50+V50 -> 0
A51: 49 | B51: 12:00-12:15 | C51: 327 | D51: 405 | E51: 195 | F51: 540 | G51: 440 | H51: 484 | V51: 0 | W51: =M51+V51 -> 0
A52: 50 | B52: 12:15-12:30 | C52: 327 | D52: 405 | E52: 195 | F52: 540 | G52: 440 | H52: 484 | V52: 0 | W52: =M52+V52 -> 0
A53: 51 | B53: 12:30-12:45 | C53: 327 | D53: 405 | E53: 195 | F53: 540 | G53: 440 | H53: 484 | V53: 0 | W53: =M53+V53 -> 0
A54: 52 | B54: 12:45-13:00 | C54: 327 | D54: 405 | E54: 195 | F54: 540 | G54: 440 | H54: 484 | V54: 0 | W54: =M54+V54 -> 0
A55: 53 | B55: 13:00-13:15 | C55: 327 | D55: 405 | E55: 195 | F55: 540 | G55: 440 | H55: 484 | V55: 0 | W55: =M55+V55 -> 0
A56: 54 | B56: 13:15-13:30 | C56: 327 | D56: 405 | E56: 195 | F56: 540 | G56: 440 | H56: 484 | V56: 0 | W56: =M56+V56 -> 0
A57: 55 | B57: 13:30-13:45 | C57: 327 | D57: 405 | E57: 195 | F57: 540 | G57: 440 | H57: 484 | V57: 0 | W57: =M57+V57 -> 0
A58: 56 | B58: 13:45-14:00 | C58: 327 | D58: 405 | E58: 195 | F58: 540 | G58: 440 | H58: 484 | V58: 0 | W58: =M58+V58 -> 0
A59: 57 | B59: 14:00-14:15 | C59: 327 | D59: 405 | E59: 195 | F59: 540 | G59: 440 | H59: 484 | I59: 1423 | V59: 0 | W59: =M59+V59 -> 0
A60: 58 | B60: 14:15-14:30 | C60: 327 | D60: 405 | E60: 195 | F60: 540 | G60: 440 | H60: 484 | I60: 1423 | V60: 0 | W60: =M60+V60 -> 0
A61: 59 | B61: 14:30-14:45 | C61: 327 | D61: 405 | E61: 195 | F61: 540 | G61: 440 | V61: 0 | W61: =M61+V61 -> 0
A62: 60 | B62: 14:45-15:00 | C62: 327 | D62: 405 | E62: 195 | V62: 0 | W62: =M62+V62 -> 0
A63: 61 | B63: 15:00-15:15 | C63: 327 | D63: 405 | E63: 195 | V63: 0 | W63: =M63+V63 -> 0
A64: 62 | B64: 15:15-15:30 | C64: 327 | D64: 405 | E64: 195 | V64: 0 | W64: =M64+V64 -> 0
A65: 63 | B65: 15:30-15:45 | C65: 327 | D65: 405 | E65: 195 | V65: 0 | W65: =M65+V65 -> 0
A66: 64 | B66: 15:45-16:00 | V66: 0 | W66: =M66+V66 -> 0
A67: 65 | B67: 16:00-16:15 | V67: 0 | W67: =M67+V67 -> 0
A68: 66 | B68: 16:15-16:30 | V68: 51 | W68: =N68+V68 -> 51
A69: 67 | B69: 16:30-16:45 | V69: 103 | W69: =N69+V69 -> 103
A70: 68 | B70: 16:45-17:00 | V70: 125 | W70: =N70+V70 -> 125
A71: 69 | B71: 17:00-17:15 | V71: 125 | W71: =N71+V71 -> 125
A72: 70 | B72: 17:15-17:30 | V72: 125 | W72: =N72+V72 -> 125
A73: 71 | B73: 17:30-17:45 | U73: =540-T73 -> 540 | V73: 125 | W73: =N73+V73 -> 125
A74: 72 | B74: 17:45-18:00 | U74: =540-T74 -> 540 | V74: 125 | W74: =N74+V74 -> 125
A75: 73 | B75: 18:00-18:15 | U75: =540-T75 -> 540 | V75: 125 | W75: =N75+V75 -> 125
A76: 74 | B76: 18:15-18:30 | U76: =540-T76 -> 540 | V76: 125 | W76: =N76+V76 -> 125
A77: 75 | B77: 18:30-18:45 | U77: =540-T77 -> 540 | V77: 125 | W77: =N77+V77 -> 125
A78: 76 | B78: 18:45-19:00 | V78: 125 | W78: =N78+V78 -> 125
A79: 77 | B79: 19:00-19:15 | V79: 125 | W79: =N79+V79 -> 125
A80: 78 | B80: 19:15-19:30 | V80: 125 | W80: =N80+V80 -> 125
A81: 79 | B81: 19:30-19:45 | V81: 125 | W81: =N81+V81 -> 125
A82: 80 | B82: 19:45-20:00 | V82: 125 | W82: =N82+V82 -> 125
A83: 81 | B83: 20:00-20:15 | V83: 125 | W83: =N83+V83 -> 125
A84: 82 | B84: 20:15-20:30 | V84: 74 | W84: =N84+V84 -> 74
A85: 83 | B85: 20:30-20:45 | C85: 345 | D85: 389 | E85: 187 | V85: 51 | W85: =N85+V85 -> 51
A86: 84 | B86: 20:45-21:00 | C86: 345 | D86: 389 | E86: 187 | V86: 51 | W86: =N86+V86 -> 51
A87: 85 | B87: 21:00-21:15 | C87: 345 | D87: 389 | E87: 187 | F87: 759 | V87: 51 | W87: =N87+V87 -> 51
A88: 86 | B88: 21:15-21:30 | C88: 345 | D88: 389 | E88: 187 | F88: 759 | G88: 468 | V88: 0 | W88: =N88+V88 -> 0
A89: 87 | B89: 21:30-21:45 | C89: 345 | D89: 389 | E89: 187 | F89: 759 | G89: 468 | H89: 426 | V89: 0 | W89: =N89+V89 -> 0
A90: 88 | B90: 21:45-22:00 | C90: 345 | D90: 389 | E90: 187 | F90: 759 | G90: 468 | H90: 426 | I90: 1228 | V90: 0 | W90: =N90+V90 -> 0
A91: 89 | B91: 22:00-22:15 | C91: 345 | D91: 389 | E91: 187 | F91: 759 | G91: 468 | H91: 426 | I91: 1228 | V91: 0 | W91: =N91+V91 -> 0
A92: 90 | B92: 22:15-22:30 | C92: 345 | D92: 389 | E92: 187 | F92: 759 | G92: 468 | H92: 426 | I92: 1228 | V92: 0 | W92: =N92+V92 -> 0
A93: 91 | B93: 22:30-22:45 | C93: 345 | D93: 389 | E93: 187 | F93: 759 | G93: 468 | H93: 426 | I93: 1228 | V93: 0 | W93: =N93+V93 -> 0
A94: 92 | B94: 22:45-23:00 | C94: 345 | D94: 389 | E94: 187 | F94: 759 | G94: 468 | H94: 426 | I94: 1228 | K94: 750 | V94: 0 | W94: =N94+V94 -> 0
A95: 93 | B95: 23:00-23:15 | C95: 345 | D95: 389 | E95: 187 | F95: 759 | G95: 468 | H95: 426 | I95: 1228 | K95: 750 | V95: 0 | W95: =N95+V95 -> 0
A96: 94 | B96: 23:15-23:30 | C96: 345 | D96: 389 | E96: 187 | F96: 759 | G96: 468 | H96: 426 | I96: 1228 | K96: 750 | V96: 0 | W96: =N96+V96 -> 0
A97: 95 | B97: 23:30-23:45 | C97: 345 | D97: 389 | E97: 187 | F97: 759 | G97: 468 | H97: 426 | I97: 1228 | K97: 750 | V97: 0 | W97: =N97+V97 -> 0
A98: 96 | B98: 23:45-24:00 | C98: 345 | D98: 389 | E98: 187 | F98: 759 | G98: 468 | H98: 426 | I98: 1228 | K98: 750 | V98: 0 | W98: =N98+V98 -> 0
A99: RSD

Sheet CGS BD CAL
O1: OFF BAR Availed power from ISGS
A2: Time Block | B2: Time Desc | C2: TOTAL ENTITLEMENT (SHEET) | D2: TOTAL OFF BAR ENTITLEMENT | E2: TOTAL ENTITILEMENT (ON BAR) | F2: AP AREA ISGS( SIM-I Only) | G2: NET Entitlememnt exclude SIM-I | H2: NET Entitlement (excluded Offbar availed power) | I2: Final Entitlement (Net entl.+ OFF bar availed) | J2: ACTUAL SCHEDULE | K2: ISGS B/D | L2: TPCIL B/D 230.55 MW + 468 MW | M2: TOTAL B/D | O2: KUDGI OFFBAR AVAILED | P2: RGM(1-6) OFFBAR AVAILED | Q2: RGM-7 OFFBAR AVAILED | R2: VALLUR OFFBAR AVAILED | S2: SIM-I OFF BAR AVAILED | T2: SIM-II OFF BAR AVAILED | U2: TALCHER OFF BAR AVAILED | V2: NLC II OFF BAR AVALIED | W2: TSTPP OFF BAR AVAILED | X2: TOTAL OFF BARS AVAILED
A3: 1 | B3: 00:00-00:15 | C3: =Entitlement!BC7 -> 1625.01 | D3: =(Entitlement!L7+Entitlement!Q7+Entitlement!T7+Entitlement!W7+Entitlement!Z7+Entitlement!AC7+Entitlement!AF7+Entitlement!AI7+Entitlement!AL7+Entitlement!AO7+Entitlement!AR7+Entitlement!AU7+Entitlement!AX7+Entitlement!BA7) -> 17.44 | E3: =C3-D3 -> 1607.57 | F3: =ISGS!Q13 -> 216.14 | G3: =E3-F3 -> 1391.43 | H3: =G3*(1-TPCIL!$L$11)+F3 -> 1540.6422 | I3: =H3+X3 -> 1540.6422 | J3: =ISGS!V13 -> 520.33 | K3: =I3-J3 -> 1020.3122 | L3: =(TPCIL!I13-TPCIL!C13)+(TPCIL!P13-TPCIL!D13) -> 0.000545 | M3: =+L3+K3 -> 1020.3128 | O3: =IF(ISGS!G13-Entitlement!K7*(1-TPCIL!$L$11)<0,0,ISGS!G13-Entitlement!K7*(1-TPCIL!$L$11)) -> 0 | P3: =IF(ISGS!O13-Entitlement!AH7*(1-TPCIL!$L$11)<0,0,ISGS!O13-Entitlement!AH7*(1-TPCIL!$L$11)) -> 0 | Q3: =IF(ISGS!P13-Entitlement!AK7*(1-TPCIL!$L$11)<0,0,ISGS!P13-Entitlement!AK7*(1-TPCIL!$L$11)) -> 0 | R3: =IF(ISGS!U13-Entitlement!AZ7*(1-TPCIL!$L$11)<0,0,ISGS!U13-Entitlement!AZ7*(1-TPCIL!$L$11)) -> 0 | S3: =IF(ISGS!Q13-Entitlement!AN7<0,0,ISGS!Q13-Entitlement!AN7) -> 0 | T3: =IF(ISGS!R13-Entitlement!AQ7*(1-TPCIL!$L$11)<0,0,ISGS!R13-Entitlement!AQ7*(1-TPCIL!$L$11)) -> 0 | U3: =IF(ISGS!S13-Entitlement!AT7*(1-TPCIL!$L$11)<0,0,ISGS!S13-Entitlement!AT7*(1-TPCIL!$L$11)) -> 0 | V3: =IF(ISGS!K13-Entitlement!V7*(1-TPCIL!$L$11)<0,0,ISGS!K13-Entitlement!V7*(1-TPCIL!$L$11)) -> 0 | X3: =SUM(O3:W3) -> 0
A4: 2 | B4: 00:15-00:30 | C4: =Entitlement!BC8 -> 1625.01 | D4: =(Entitlement!L8+Entitlement!Q8+Entitlement!T8+Entitlement!W8+Entitlement!Z8+Entitlement!AC8+Entitlement!AF8+Entitlement!AI8+Entitlement!AL8+Entitlement!AO8+Entitlement!AR8+Entitlement!AU8+Entitlement!AX8+Entitlement!BA8) -> 17.44 | E4: =C4-D4 -> 1607.57 | F4: =ISGS!Q14 -> 216.14 | G4: =E4-F4 -> 1391.43 | H4: =G4*(1-TPCIL!$L$11)+F4 -> 1540.6422 | I4: =H4+X4 -> 1540.6422 | J4: =ISGS!V14 -> 520.37 | K4: =I4-J4 -> 1020.2722 | L4: =(TPCIL!I14-TPCIL!C14)+(TPCIL!P14-TPCIL!D14) -> 0.000545 | M4: =+L4+K4 -> 1020.2728 | O4: =IF(ISGS!G14-Entitlement!K8*(1-TPCIL!$L$11)<0,0,ISGS!G14-Entitlement!K8*(1-TPCIL!$L$11)) -> 0 | P4: =IF(ISGS!O14-Entitlement!AH8*(1-TPCIL!$L$11)<0,0,ISGS!O14-Entitlement!AH8*(1-TPCIL!$L$11)) -> 0 | Q4: =IF(ISGS!P14-Entitlement!AK8*(1-TPCIL!$L$11)<0,0,ISGS!P14-Entitlement!AK8*(1-TPCIL!$L$11)) -> 0 | R4: =IF(ISGS!U14-Entitlement!AZ8*(1-TPCIL!$L$11)<0,0,ISGS!U14-Entitlement!AZ8*(1-TPCIL!$L$11)) -> 0 | S4: =IF(ISGS!Q14-Entitlement!AN8<0,0,ISGS!Q14-Entitlement!AN8) -> 0 | T4: =IF(ISGS!R14-Entitlement!AQ8*(1-TPCIL!$L$11)<0,0,ISGS!R14-Entitlement!AQ8*(1-TPCIL!$L$11)) -> 0 | U4: =IF(ISGS!S14-Entitlement!AT8<0,0,ISGS!S14-Entitlement!AT8) -> 0 | V4: =IF(ISGS!K14-Entitlement!V8*(1-TPCIL!$L$11)<0,0,ISGS!K14-Entitlement!V8*(1-TPCIL!$L$11)) -> 0 | X4: =SUM(O4:W4) -> 0
A5: 3 | B5: 00:30-00:45 | C5: =Entitlement!BC9 -> 1625.01 | D5: =(Entitlement!L9+Entitlement!Q9+Entitlement!T9+Entitlement!W9+Entitlement!Z9+Entitlement!AC9+Entitlement!AF9+Entitlement!AI9+Entitlement!AL9+Entitlement!AO9+Entitlement!AR9+Entitlement!AU9+Entitlement!AX9+Entitlement!BA9) -> 17.44 | E5: =C5-D5 -> 1607.57 | F5: =ISGS!Q15 -> 216.14 | G5: =E5-F5 -> 1391.43 | H5: =G5*(1-TPCIL!$L$11)+F5 -> 1540.6422 | I5: =H5+X5 -> 1540.6422 | J5: =ISGS!V15 -> 520.37 | K5: =I5-J5 -> 1020.2722 | L5: =(TPCIL!I15-TPCIL!C15)+(TPCIL!P15-TPCIL!D15) -> 0.000545 | M5: =+L5+K5 -> 1020.2728 | O5: =IF(ISGS!G15-Entitlement!K9*(1-TPCIL!$L$11)<0,0,ISGS!G15-Entitlement!K9*(1-TPCIL!$L$11)) -> 0 | P5: =IF(ISGS!O15-Entitlement!AH9*(1-TPCIL!$L$11)<0,0,ISGS!O15-Entitlement!AH9*(1-TPCIL!$L$11)) -> 0 | Q5: =IF(ISGS!P15-Entitlement!AK9*(1-TPCIL!$L$11)<0,0,ISGS!P15-Entitlement!AK9*(1-TPCIL!$L$11)) -> 0 | R5: =IF(ISGS!U15-Entitlement!AZ9*(1-TPCIL!$L$11)<0,0,ISGS!U15-Entitlement!AZ9*(1-TPCIL!$L$11)) -> 0 | S5: =IF(ISGS!Q15-Entitlement!AN9<0,0,ISGS!Q15-Entitlement!AN9) -> 0 | T5: =IF(ISGS!R15-Entitlement!AQ9*(1-TPCIL!$L$11)<0,0,ISGS!R15-Entitlement!AQ9*(1-TPCIL!$L$11)) -> 0 | U5: =IF(ISGS!S15-Entitlement!AT9<0,0,ISGS!S15-Entitlement!AT9) -> 0 | V5: =IF(ISGS!K15-Entitlement!V9*(1-TPCIL!$L$11)<0,0,ISGS!K15-Entitlement!V9*(1-TPCIL!$L$11)) -> 0 | X5: =SUM(O5:W5) -> 0
A6: 4 | B6: 00:45-01:00 | C6: =Entitlement!BC10 -> 1625.01 | D6: =(Entitlement!L10+Entitlement!Q10+Entitlement!T10+Entitlement!W10+Entitlement!Z10+Entitlement!AC10+Entitlement!AF10+Entitlement!AI10+Entitlement!AL10+Entitlement!AO10+Entitlement!AR10+Entitlement!AU10+Entitlement!AX10+Entitlement!BA10) -> 17.44 | E6: =C6-D6 -> 1607.57 | F6: =ISGS!Q16 -> 216.14 | G6: =E6-F6 -> 1391.43 | H6: =G6*(1-TPCIL!$L$11)+F6 -> 1540.6422 | I6: =H6+X6 -> 1540.6422 | J6: =ISGS!V16 -> 520.37 | K6: =I6-J6 -> 1020.2722 | L6: =(TPCIL!I16-TPCIL!C16)+(TPCIL!P16-TPCIL!D16) -> 0.000545 | M6: =+L6+K6 -> 1020.2728 | O6: =IF(ISGS!G16-Entitlement!K10*(1-TPCIL!$L$11)<0,0,ISGS!G16-Entitlement!K10*(1-TPCIL!$L$11)) -> 0 | P6: =IF(ISGS!O16-Entitlement!AH10*(1-TPCIL!$L$11)<0,0,ISGS!O16-Entitlement!AH10*(1-TPCIL!$L$11)) -> 0 | Q6: =IF(ISGS!P16-Entitlement!AK10*(1-TPCIL!$L$11)<0,0,ISGS!P16-Entitlement!AK10*(1-TPCIL!$L$11)) -> 0 | R6: =IF(ISGS!U16-Entitlement!AZ10*(1-TPCIL!$L$11)<0,0,ISGS!U16-Entitlement!AZ10*(1-TPCIL!$L$11)) -> 0 | S6: =IF(ISGS!Q16-Entitlement!AN10<0,0,ISGS!Q16-Entitlement!AN10) -> 0 | T6: =IF(ISGS!R16-Entitlement!AQ10*(1-TPCIL!$L$11)<0,0,ISGS!R16-Entitlement!AQ10*(1-TPCIL!$L$11)) -> 0 | U6: =IF(ISGS!S16-Entitlement!AT10<0,0,ISGS!S16-Entitlement!AT10) -> 0 | V6: =IF(ISGS!K16-Entitlement!V10*(1-TPCIL!$L$11)<0,0,ISGS!K16-Entitlement!V10*(1-TPCIL!$L$11)) -> 0 | X6: =SUM(O6:W6) -> 0
A7: 5 | B7: 01:00-01:15 | C7: =Entitlement!BC11 -> 1625.01 | D7: =(Entitlement!L11+Entitlement!Q11+Entitlement!T11+Entitlement!W11+Entitlement!Z11+Entitlement!AC11+Entitlement!AF11+Entitlement!AI11+Entitlement!AL11+Entitlement!AO11+Entitlement!AR11+Entitlement!AU11+Entitlement!AX11+Entitlement!BA11) -> 17.44 | E7: =C7-D7 -> 1607.57 | F7: =ISGS!Q17 -> 216.14 | G7: =E7-F7 -> 1391.43 | H7: =G7*(1-TPCIL!$L$11)+F7 -> 1540.6422 | I7: =H7+X7 -> 1540.6422 | J7: =ISGS!V17 -> 520.37 | K7: =I7-J7 -> 1020.2722 | L7: =(TPCIL!I17-TPCIL!C17)+(TPCIL!P17-TPCIL!D17) -> 0.000545 | M7: =+L7+K7 -> 1020.2728 | O7: =IF(ISGS!G17-Entitlement!K11*(1-TPCIL!$L$11)<0,0,ISGS!G17-Entitlement!K11*(1-TPCIL!$L$11)) -> 0 | P7: =IF(ISGS!O17-Entitlement!AH11*(1-TPCIL!$L$11)<0,0,ISGS!O17-Entitlement!AH11*(1-TPCIL!$L$11)) -> 0 | Q7: =IF(ISGS!P17-Entitlement!AK11*(1-TPCIL!$L$11)<0,0,ISGS!P17-Entitlement!AK11*(1-TPCIL!$L$11)) -> 0 | R7: =IF(ISGS!U17-Entitlement!AZ11*(1-TPCIL!$L$11)<0,0,ISGS!U17-Entitlement!AZ11*(1-TPCIL!$L$11)) -> 0 | S7: =IF(ISGS!Q17-Entitlement!AN11<0,0,ISGS!Q17-Entitlement!AN11) -> 0 | T7: =IF(ISGS!R17-Entitlement!AQ11*(1-TPCIL!$L$11)<0,0,ISGS!R17-Entitlement!AQ11*(1-TPCIL!$L$11)) -> 0 | U7: =IF(ISGS!S17-Entitlement!AT11<0,0,ISGS!S17-Entitlement!AT11) -> 0 | V7: =IF(ISGS!K17-Entitlement!V11*(1-TPCIL!$L$11)<0,0,ISGS!K17-Entitlement!V11*(1-TPCIL!$L$11)) -> 0 | X7: =SUM(O7:W7) -> 0
A8: 6 | B8: 01:15-01:30 | C8: =Entitlement!BC12 -> 1625.01 | D8: =(Entitlement!L12+Entitlement!Q12+Entitlement!T12+Entitlement!W12+Entitlement!Z12+Entitlement!AC12+Entitlement!AF12+Entitlement!AI12+Entitlement!AL12+Entitlement!AO12+Entitlement!AR12+Entitlement!AU12+Entitlement!AX12+Entitlement!BA12) -> 17.44 | E8: =C8-D8 -> 1607.57 | F8: =ISGS!Q18 -> 216.14 | G8: =E8-F8 -> 1391.43 | H8: =G8*(1-TPCIL!$L$11)+F8 -> 1540.6422 | I8: =H8+X8 -> 1540.6422 | J8: =ISGS!V18 -> 520.37 | K8: =I8-J8 -> 1020.2722 | L8: =(TPCIL!I18-TPCIL!C18)+(TPCIL!P18-TPCIL!D18) -> 0.000545 | M8: =+L8+K8 -> 1020.2728 | O8: =IF(ISGS!G18-Entitlement!K12*(1-TPCIL!$L$11)<0,0,ISGS!G18-Entitlement!K12*(1-TPCIL!$L$11)) -> 0 | P8: =IF(ISGS!O18-Entitlement!AH12*(1-TPCIL!$L$11)<0,0,ISGS!O18-Entitlement!AH12*(1-TPCIL!$L$11)) -> 0 | Q8: =IF(ISGS!P18-Entitlement!AK12*(1-TPCIL!$L$11)<0,0,ISGS!P18-Entitlement!AK12*(1-TPCIL!$L$11)) -> 0 | R8: =IF(ISGS!U18-Entitlement!AZ12*(1-TPCIL!$L$11)<0,0,ISGS!U18-Entitlement!AZ12*(1-TPCIL!$L$11)) -> 0 | S8: =IF(ISGS!Q18-Entitlement!AN12<0,0,ISGS!Q18-Entitlement!AN12) -> 0 | T8: =IF(ISGS!R18-Entitlement!AQ12*(1-TPCIL!$L$11)<0,0,ISGS!R18-Entitlement!AQ12*(1-TPCIL!$L$11)) -> 0 | U8: =IF(ISGS!S18-Entitlement!AT12<0,0,ISGS!S18-Entitlement!AT12) -> 0 | V8: =IF(ISGS!K18-Entitlement!V12*(1-TPCIL!$L$11)<0,0,ISGS!K18-Entitlement!V12*(1-TPCIL!$L$11)) -> 0 | X8: =SUM(O8:W8) -> 0
A9: 7 | B9: 01:30-01:45 | C9: =Entitlement!BC13 -> 1625.44 | D9: =(Entitlement!L13+Entitlement!Q13+Entitlement!T13+Entitlement!W13+Entitlement!Z13+Entitlement!AC13+Entitlement!AF13+Entitlement!AI13+Entitlement!AL13+Entitlement!AO13+Entitlement!AR13+Entitlement!AU13+Entitlement!AX13+Entitlement!BA13) -> 17.44 | E9: =C9-D9 -> 1608 | F9: =ISGS!Q19 -> 216.14 | G9: =E9-F9 -> 1391.86 | H9: =G9*(1-TPCIL!$L$11)+F9 -> 1541.0515 | I9: =H9+X9 -> 1541.0515 | J9: =ISGS!V19 -> 510.11 | K9: =I9-J9 -> 1030.9415 | L9: =(TPCIL!I19-TPCIL!C19)+(TPCIL!P19-TPCIL!D19) -> 98.760545 | M9: =+L9+K9 -> 1129.7021 | O9: =IF(ISGS!G19-Entitlement!K13*(1-TPCIL!$L$11)<0,0,ISGS!G19-Entitlement!K13*(1-TPCIL!$L$11)) -> 0 | P9: =IF(ISGS!O19-Entitlement!AH13*(1-TPCIL!$L$11)<0,0,ISGS!O19-Entitlement!AH13*(1-TPCIL!$L$11)) -> 0 | Q9: =IF(ISGS!P19-Entitlement!AK13*(1-TPCIL!$L$11)<0,0,ISGS!P19-Entitlement!AK13*(1-TPCIL!$L$11)) -> 0 | R9: =IF(ISGS!U19-Entitlement!AZ13*(1-TPCIL!$L$11)<0,0,ISGS!U19-Entitlement!AZ13*(1-TPCIL!$L$11)) -> 0 | S9: =IF(ISGS!Q19-Entitlement!AN13<0,0,ISGS!Q19-Entitlement!AN13) -> 0 | T9: =IF(ISGS!R19-Entitlement!AQ13*(1-TPCIL!$L$11)<0,0,ISGS!R19-Entitlement!AQ13*(1-TPCIL!$L$11)) -> 0 | U9: =IF(ISGS!S19-Entitlement!AT13<0,0,ISGS!S19-Entitlement!AT13) -> 0 | V9: =IF(ISGS!K19-Entitlement!V13*(1-TPCIL!$L$11)<0,0,ISGS!K19-Entitlement!V13*(1-TPCIL!$L$11)) -> 0 | X9: =SUM(O9:W9) -> 0
A10: 8 | B10: 01:45-02:00 | C10: =Entitlement!BC14 -> 1625.44 | D10: =(Entitlement!L14+Entitlement!Q14+Entitlement!T14+Entitlement!W14+Entitlement!Z14+Entitlement!AC14+Entitlement!AF14+Entitlement!AI14+Entitlement!AL14+Entitlement!AO14+Entitlement!AR14+Entitlement!AU14+Entitlement!AX14+Entitlement!BA14) -> 17.44 | E10: =C10-D10 -> 1608 | F10: =ISGS!Q20 -> 216.14 | G10: =E10-F10 -> 1391.86 | H10: =G10*(1-TPCIL!$L$11)+F10 -> 1541.0515 | I10: =H10+X10 -> 1541.0515 | J10: =ISGS!V20 -> 495.69 | K10: =I10-J10 -> 1045.3615 | L10: =(TPCIL!I20-TPCIL!C20)+(TPCIL!P20-TPCIL!D20) -> 98.760545 | M10: =+L10+K10 -> 1144.1221 | O10: =IF(ISGS!G20-Entitlement!K14*(1-TPCIL!$L$11)<0,0,ISGS!G20-Entitlement!K14*(1-TPCIL!$L$11)) -> 0 | P10: =IF(ISGS!O20-Entitlement!AH14*(1-TPCIL!$L$11)<0,0,ISGS!O20-Entitlement!AH14*(1-TPCIL!$L$11)) -> 0 | Q10: =IF(ISGS!P20-Entitlement!AK14*(1-TPCIL!$L$11)<0,0,ISGS!P20-Entitlement!AK14*(1-TPCIL!$L$11)) -> 0 | R10: =IF(ISGS!U20-Entitlement!AZ14*(1-TPCIL!$L$11)<0,0,ISGS!U20-Entitlement!AZ14*(1-TPCIL!$L$11)) -> 0 | S10: =IF(ISGS!Q20-Entitlement!AN14<0,0,ISGS!Q20-Entitlement!AN14) -> 0 | T10: =IF(ISGS!R20-Entitlement!AQ14*(1-TPCIL!$L$11)<0,0,ISGS!R20-Entitlement!AQ14*(1-TPCIL!$L$11)) -> 0 | U10: =IF(ISGS!S20-Entitlement!AT14<0,0,ISGS!S20-Entitlement!AT14) -> 0 | V10: =IF(ISGS!K20-Entitlement!V14*(1-TPCIL!$L$11)<0,0,ISGS!K20-Entitlement!V14*(1-TPCIL!$L$11)) -> 0 | X10: =SUM(O10:W10) -> 0
A11: 9 | B11: 02:00-02:15 | C11: =Entitlement!BC15 -> 1625.44 | D11: =(Entitlement!L15+Entitlement!Q15+Entitlement!T15+Entitlement!W15+Entitlement!Z15+Entitlement!AC15+Entitlement!AF15+Entitlement!AI15+Entitlement!AL15+Entitlement!AO15+Entitlement!AR15+Entitlement!AU15+Entitlement!AX15+Entitlement!BA15) -> 17.44 | E11: =C11-D11 -> 1608 | F11: =ISGS!Q21 -> 216.14 | G11: =E11-F11 -> 1391.86 | H11: =G11*(1-TPCIL!$L$11)+F11 -> 1541.0515 | I11: =H11+X11 -> 1541.0515 | J11: =ISGS!V21 -> 495.69 | K11: =I11-J11 -> 1045.3615 | L11: =(TPCIL!I21-TPCIL!C21)+(TPCIL!P21-TPCIL!D21) -> 98.760545 | M11: =+L11+K11 -> 1144.1221 | O11: =IF(ISGS!G21-Entitlement!K15*(1-TPCIL!$L$11)<0,0,ISGS!G21-Entitlement!K15*(1-TPCIL!$L$11)) -> 0 | P11: =IF(ISGS!O21-Entitlement!AH15*(1-TPCIL!$L$11)<0,0,ISGS!O21-Entitlement!AH15*(1-TPCIL!$L$11)) -> 0 | Q11: =IF(ISGS!P21-Entitlement!AK15*(1-TPCIL!$L$11)<0,0,ISGS!P21-Entitlement!AK15*(1-TPCIL!$L$11)) -> 0 | R11: =IF(ISGS!U21-Entitlement!AZ15*(1-TPCIL!$L$11)<0,0,ISGS!U21-Entitlement!AZ15*(1-TPCIL!$L$11)) -> 0 | S11: =IF(ISGS!Q21-Entitlement!AN15<0,0,ISGS!Q21-Entitlement!AN15) -> 0 | T11: =IF(ISGS!R21-Entitlement!AQ15*(1-TPCIL!$L$11)<0,0,ISGS!R21-Entitlement!AQ15*(1-TPCIL!$L$11)) -> 0 | U11: =IF(ISGS!S21-Entitlement!AT15<0,0,ISGS!S21-Entitlement!AT15) -> 0 | V11: =IF(ISGS!K21-Entitlement!V15*(1-TPCIL!$L$11)<0,0,ISGS!K21-Entitlement!V15*(1-TPCIL!$L$11)) -> 0 | X11: =SUM(O11:W11) -> 0
A12: 10 | B12: 02:15-02:30 | C12: =Entitlement!BC16 -> 1625.44 | D12: =(Entitlement!L16+Entitlement!Q16+Entitlement!T16+Entitlement!W16+Entitlement!Z16+Entitlement!AC16+Entitlement!AF16+Entitlement!AI16+Entitlement!AL16+Entitlement!AO16+Entitlement!AR16+Entitlement!AU16+Entitlement!AX16+Entitlement!BA16) -> 17.44 | E12: =C12-D12 -> 1608 | F12: =ISGS!Q22 -> 216.14 | G12: =E12-F12 -> 1391.86 | H12: =G12*(1-TPCIL!$L$11)+F12 -> 1541.0515 | I12: =H12+X12 -> 1541.0515 | J12: =ISGS!V22 -> 495.69 | K12: =I12-J12 -> 1045.3615 | L12: =(TPCIL!I22-TPCIL!C22)+(TPCIL!P22-TPCIL!D22) -> 98.760545 | M12: =+L12+K12 -> 1144.1221 | O12: =IF(ISGS!G22-Entitlement!K16*(1-TPCIL!$L$11)<0,0,ISGS!G22-Entitlement!K16*(1-TPCIL!$L$11)) -> 0 | P12: =IF(ISGS!O22-Entitlement!AH16*(1-TPCIL!$L$11)<0,0,ISGS!O22-Entitlement!AH16*(1-TPCIL!$L$11)) -> 0 | Q12: =IF(ISGS!P22-Entitlement!AK16*(1-TPCIL!$L$11)<0,0,ISGS!P22-Entitlement!AK16*(1-TPCIL!$L$11)) -> 0 | R12: =IF(ISGS!U22-Entitlement!AZ16*(1-TPCIL!$L$11)<0,0,ISGS!U22-Entitlement!AZ16*(1-TPCIL!$L$11)) -> 0 | S12: =IF(ISGS!Q22-Entitlement!AN16<0,0,ISGS!Q22-Entitlement!AN16) -> 0 | T12: =IF(ISGS!R22-Entitlement!AQ16*(1-TPCIL!$L$11)<0,0,ISGS!R22-Entitlement!AQ16*(1-TPCIL!$L$11)) -> 0 | U12: =IF(ISGS!S22-Entitlement!AT16<0,0,ISGS!S22-Entitlement!AT16) -> 0 | V12: =IF(ISGS!K22-Entitlement!V16*(1-TPCIL!$L$11)<0,0,ISGS!K22-Entitlement!V16*(1-TPCIL!$L$11)) -> 0 | X12: =SUM(O12:W12) -> 0
A13: 11 | B13: 02:30-02:45 | C13: =Entitlement!BC17 -> 1625.44 | D13: =(Entitlement!L17+Entitlement!Q17+Entitlement!T17+Entitlement!W17+Entitlement!Z17+Entitlement!AC17+Entitlement!AF17+Entitlement!AI17+Entitlement!AL17+Entitlement!AO17+Entitlement!AR17+Entitlement!AU17+Entitlement!AX17+Entitlement!BA17) -> 17.44 | E13: =C13-D13 -> 1608 | F13: =ISGS!Q23 -> 216.14 | G13: =E13-F13 -> 1391.86 | H13: =G13*(1-TPCIL!$L$11)+F13 -> 1541.0515 | I13: =H13+X13 -> 1541.0515 | J13: =ISGS!V23 -> 495.69 | K13: =I13-J13 -> 1045.3615 | L13: =(TPCIL!I23-TPCIL!C23)+(TPCIL!P23-TPCIL!D23) -> 98.760545 | M13: =+L13+K13 -> 1144.1221 | O13: =IF(ISGS!G23-Entitlement!K17*(1-TPCIL!$L$11)<0,0,ISGS!G23-Entitlement!K17*(1-TPCIL!$L$11)) -> 0 | P13: =IF(ISGS!O23-Entitlement!AH17*(1-TPCIL!$L$11)<0,0,ISGS!O23-Entitlement!AH17*(1-TPCIL!$L$11)) -> 0 | Q13: =IF(ISGS!P23-Entitlement!AK17*(1-TPCIL!$L$11)<0,0,ISGS!P23-Entitlement!AK17*(1-TPCIL!$L$11)) -> 0 | R13: =IF(ISGS!U23-Entitlement!AZ17*(1-TPCIL!$L$11)<0,0,ISGS!U23-Entitlement!AZ17*(1-TPCIL!$L$11)) -> 0 | S13: =IF(ISGS!Q23-Entitlement!AN17<0,0,ISGS!Q23-Entitlement!AN17) -> 0 | T13: =IF(ISGS!R23-Entitlement!AQ17*(1-TPCIL!$L$11)<0,0,ISGS!R23-Entitlement!AQ17*(1-TPCIL!$L$11)) -> 0 | U13: =IF(ISGS!S23-Entitlement!AT17<0,0,ISGS!S23-Entitlement!AT17) -> 0 | V13: =IF(ISGS!K23-Entitlement!V17*(1-TPCIL!$L$11)<0,0,ISGS!K23-Entitlement!V17*(1-TPCIL!$L$11)) -> 0 | X13: =SUM(O13:W13) -> 0
A14: 12 | B14: 02:45-03:00 | C14: =Entitlement!BC18 -> 1625.44 | D14: =(Entitlement!L18+Entitlement!Q18+Entitlement!T18+Entitlement!W18+Entitlement!Z18+Entitlement!AC18+Entitlement!AF18+Entitlement!AI18+Entitlement!AL18+Entitlement!AO18+Entitlement!AR18+Entitlement!AU18+Entitlement!AX18+Entitlement!BA18) -> 17.44 | E14: =C14-D14 -> 1608 | F14: =ISGS!Q24 -> 216.14 | G14: =E14-F14 -> 1391.86 | H14: =G14*(1-TPCIL!$L$11)+F14 -> 1541.0515 | I14: =H14+X14 -> 1541.0515 | J14: =ISGS!V24 -> 495.69 | K14: =I14-J14 -> 1045.3615 | L14: =(TPCIL!I24-TPCIL!C24)+(TPCIL!P24-TPCIL!D24) -> 98.760545 | M14: =+L14+K14 -> 1144.1221 | O14: =IF(ISGS!G24-Entitlement!K18*(1-TPCIL!$L$11)<0,0,ISGS!G24-Entitlement!K18*(1-TPCIL!$L$11)) -> 0 | P14: =IF(ISGS!O24-Entitlement!AH18*(1-TPCIL!$L$11)<0,0,ISGS!O24-Entitlement!AH18*(1-TPCIL!$L$11)) -> 0 | Q14: =IF(ISGS!P24-Entitlement!AK18*(1-TPCIL!$L$11)<0,0,ISGS!P24-Entitlement!AK18*(1-TPCIL!$L$11)) -> 0 | R14: =IF(ISGS!U24-Entitlement!AZ18*(1-TPCIL!$L$11)<0,0,ISGS!U24-Entitlement!AZ18*(1-TPCIL!$L$11)) -> 0 | S14: =IF(ISGS!Q24-Entitlement!AN18<0,0,ISGS!Q24-Entitlement!AN18) -> 0 | T14: =IF(ISGS!R24-Entitlement!AQ18*(1-TPCIL!$L$11)<0,0,ISGS!R24-Entitlement!AQ18*(1-TPCIL!$L$11)) -> 0 | U14: =IF(ISGS!S24-Entitlement!AT18<0,0,ISGS!S24-Entitlement!AT18) -> 0 | V14: =IF(ISGS!K24-Entitlement!V18*(1-TPCIL!$L$11)<0,0,ISGS!K24-Entitlement!V18*(1-TPCIL!$L$11)) -> 0 | X14: =SUM(O14:W14) -> 0
A15: 13 | B15: 03:00-03:15 | C15: =Entitlement!BC19 -> 1625.44 | D15: =(Entitlement!L19+Entitlement!Q19+Entitlement!T19+Entitlement!W19+Entitlement!Z19+Entitlement!AC19+Entitlement!AF19+Entitlement!AI19+Entitlement!AL19+Entitlement!AO19+Entitlement!AR19+Entitlement!AU19+Entitlement!AX19+Entitlement!BA19) -> 17.44 | E15: =C15-D15 -> 1608 | F15: =ISGS!Q25 -> 216.14 | G15: =E15-F15 -> 1391.86 | H15: =G15*(1-TPCIL!$L$11)+F15 -> 1541.0515 | I15: =H15+X15 -> 1541.0515 | J15: =ISGS!V25 -> 493.75 | K15: =I15-J15 -> 1047.3015 | L15: =(TPCIL!I25-TPCIL!C25)+(TPCIL!P25-TPCIL!D25) -> 98.760545 | M15: =+L15+K15 -> 1146.0621 | O15: =IF(ISGS!G25-Entitlement!K19*(1-TPCIL!$L$11)<0,0,ISGS!G25-Entitlement!K19*(1-TPCIL!$L$11)) -> 0 | P15: =IF(ISGS!O25-Entitlement!AH19*(1-TPCIL!$L$11)<0,0,ISGS!O25-Entitlement!AH19*(1-TPCIL!$L$11)) -> 0 | Q15: =IF(ISGS!P25-Entitlement!AK19*(1-TPCIL!$L$11)<0,0,ISGS!P25-Entitlement!AK19*(1-TPCIL!$L$11)) -> 0 | R15: =IF(ISGS!U25-Entitlement!AZ19*(1-TPCIL!$L$11)<0,0,ISGS!U25-Entitlement!AZ19*(1-TPCIL!$L$11)) -> 0 | S15: =IF(ISGS!Q25-Entitlement!AN19<0,0,ISGS!Q25-Entitlement!AN19) -> 0 | T15: =IF(ISGS!R25-Entitlement!AQ19*(1-TPCIL!$L$11)<0,0,ISGS!R25-Entitlement!AQ19*(1-TPCIL!$L$11)) -> 0 | U15: =IF(ISGS!S25-Entitlement!AT19<0,0,ISGS!S25-Entitlement!AT19) -> 0 | V15: =IF(ISGS!K25-Entitlement!V19*(1-TPCIL!$L$11)<0,0,ISGS!K25-Entitlement!V19*(1-TPCIL!$L$11)) -> 0 | X15: =SUM(O15:W15) -> 0
... A98: 96 | B98: 23:45-24:00 | C98: =Entitlement!BC102 -> 1621.63 | D98: =(Entitlement!L102+Entitlement!Q102+Entitlement!T102+Entitlement!W102+Entitlement!Z102+Entitlement!AC102+Entitlement!AF102+Entitlement!AI102+Entitlement!AL102+Entitlement!AO102+Entitlement!AR102+Entitlement!AU102+Entitlement!AX102+Entitlement!BA102) -> 0 | E98: =C98-D98 -> 1621.63 | F98: =ISGS!Q108 -> 216.14 | G98: =E98-F98 -> 1405.49 | H98: =G98*(1-TPCIL!$L$11)+F98 -> 1554.0259 | I98: =H98+X98 -> 1554.0259 | J98: =ISGS!V108 -> 521.59 | K98: =I98-J98 -> 1032.4359 | L98: =(TPCIL!I108-TPCIL!C108)+(TPCIL!P108-TPCIL!D108) -> 0.000545 | M98: =+L98+K98 -> 1032.4365 | O98: =IF(ISGS!G108-Entitlement!K102*(1-TPCIL!$L$11)<0,0,ISGS!G108-Entitlement!K102*(1-TPCIL!$L$11)) -> 0 | P98: =IF(ISGS!O108-Entitlement!AH102*(1-TPCIL!$L$11)<0,0,ISGS!O108-Entitlement!AH102*(1-TPCIL!$L$11)) -> 0 | Q98: =IF(ISGS!P108-Entitlement!AK102*(1-TPCIL!$L$11)<0,0,ISGS!P108-Entitlement!AK102*(1-TPCIL!$L$11)) -> 0 | R98: =IF(ISGS!U108-Entitlement!AZ102*(1-TPCIL!$L$11)<0,0,ISGS!U108-Entitlement!AZ102*(1-TPCIL!$L$11)) -> 0 | S98: =IF(ISGS!Q108-Entitlement!AN102<0,0,ISGS!Q108-Entitlement!AN102) -> 0 | T98: =IF(ISGS!R108-Entitlement!AQ102*(1-TPCIL!$L$11)<0,0,ISGS!R108-Entitlement!AQ102*(1-TPCIL!$L$11)) -> 0 | U98: =IF(ISGS!S108-Entitlement!AT102<0,0,ISGS!S108-Entitlement!AT102) -> 0 | V98: =IF(ISGS!K108-Entitlement!V102*(1-TPCIL!$L$11)<0,0,ISGS!K108-Entitlement!V102*(1-TPCIL!$L$11)) -> 0 | X98: =SUM(O98:W98) -> 0
A99: TOTAL | B99: MU | C99: =AVERAGE(C3:C98)*24/1000 -> 38.940485 | D99: =AVERAGE(D3:D98)*24/1000 -> 0.11336 | E99: =AVERAGE(E3:E98)*24/1000 -> 38.827125 | F99: =AVERAGE(F3:F98)*24/1000 -> 5.18736 | G99: =AVERAGE(G3:G98)*24/1000 -> 33.639765 | H99: =AVERAGE(H3:H98)*24/1000 -> 37.209052 | I99: =AVERAGE(I3:I98)*24/1000 -> 37.209162 | J99: =AVERAGE(J3:J98)*24/1000 -> 28.43141 | ... M99: =AVERAGE(M3:M98)*24/1000 -> 9.0246653 | O99: =AVERAGE(O3:O98)*24/1000 -> 0 | P99: =AVERAGE(P3:P98)*24/1000 -> 6.222125e-05 | Q99: =AVERAGE(Q3:Q98)*24/1000 -> 0 | R99: =AVERAGE(R3:R98)*24/1000 -> 0 | S99: =AVERAGE(S3:S98)*24/1000 -> 0 | T99: =AVERAGE(T3:T98)*24/1000 -> 0 | U99: =AVERAGE(U3:U98)*24/1000 -> 0 | V99: =AVERAGE(V3:V98)*24/1000 -> 4.771075e-05 | ... X99: =AVERAGE(X3:X98)*24/1000 -> 0.000109932

Sheet Actual
A1: REPORT FOR APGENCO_THERMAL_individual_units FROM 1/12/2026 TO 1/13/2026
A2: Time | B2: VTSO2_AG.XFMR_P.20_G1.MW | C2: VTSO2_AG.XFMR_P.20_G2.MW | D2: VTSO2_AG.XFMR_P.20_G3.MW | E2: VTSO2_AG.XFMR_P.20_G4.MW | F2: VTSO2_AG.XFMR_P.20_G5.MW | G2: VTSO2_AG.XFMR_P.20_G6.MW | H2: VTS44_AG.XFMR_P.40_G1.MW | I2: RTPP2_AG.XFMR_P.20_G1.MW | J2: RTPP2_AG.XFMR_P.20_G2.MW | K2: RTPP2_AG.XFMR_P.20_G3.MW | L2: RTPP2_AG.XFMR_P.20_G4.MW | M2: RTPP2_AG.XFMR_P.20_G5.MW | N2: RTPP4_AG.XFMR_P.40_G1.MW | O2: KPTM4_AG.XFMR_P.40_G1.MW | P2: KPTM4_AG.XFMR_P.40_G2.MW | Q2: JGRP2_AG.STTN.X_BUS_GEN.MW | R2: JGRP2_AG.XFMR_P.20_G1.MW | S2: JGRP2_AG.XFMR_P.20_G2.MW | T2: JGRP2_AG.XFMR_P.20_G3.MW | U2: JGRP2_AG.XFMR_P.20_G4.MW | V2: KPTM4_AG.STTN.X_BUS_GEN.MW | W2: RTPP2_AG.STTN.X_BUS_GEN.MW | X2: RTPP4_AG.STTN.X_BUS_GEN.MW | Y2: VTS44_AG.STTN.X_BUS_GEN.MW | Z2: VTSO2_AG.STTN.X_BUS_GEN.MW | AA2: KPTM4_AG.XFMR_P.40_G3.MW | AB2: VTS54_AG.STTN.X_BUS_GEN.MW
A3: 46034 | B3: -146.14 | C3: -141.66 | D3: -1.2 | E3: -134.87 | F3: 0.2 | G3: -140.56 | H3: -263.69 | I3: -152.11 | J3: -157.62 | K3: -118.41 | L3: -113.8 | M3: -123.25 | N3: -314.84 | O3: -420.34 | P3: -405.94 | Q3: 0.08 | R3: 0.44 | S3: 0 | T3: 0.23 | U3: -0.75 | V3: 782.36 | W3: 644.94 | X3: 313.12 | Y3: 263.69 | Z3: 531.52 | AA3: 16.45 | AB3: 301.19
A4: 46034.01 | B4: -144.24 | C4: -143.31 | D4: -1.2 | E4: -135.74 | F4: 0.18 | G4: -140.27 | H4: -264.51 | I4: -153.38 | J4: -155.41 | K4: -118.81 | L4: -112.24 | M4: -125.14 | N4: -310.37 | O4: -415.96 | P4: -404.17 | Q4: 0.1 | R4: 0.42 | S4: 0 | T4: 0.23 | U4: -0.75 | V4: 781.42 | W4: 644.63 | X4: 308.65 | Y4: 264.51 | Z4: 532.03 | AA4: 15.87 | AB4: 303.88
A5: 46034.021 | B5: -141.58 | C5: -142.21 | D5: -1.2 | E5: -136.94 | F5: 0.08 | G5: -139.6 | H5: -265.04 | I5: -150.26 | J5: -150.24 | K5: -117.41 | L5: -112.15 | M5: -122.14 | N5: -309.77 | O5: -417.39 | P5: -402.05 | Q5: 0.06 | R5: 0.44 | S5: 0 | T5: 0.25 | U5: -0.75 | V5: 780.94 | W5: 632.08 | X5: 308.05 | Y5: 265.04 | Z5: 527.63 | AA5: 15.83 | AB5: 307.04
A6: 46034.031 | B6: -138.49 | C6: -141.25 | D6: -1.2 | E6: -136.96 | F6: 0.12 | G6: -140.15 | H6: -264.13 | I6: -146.23 | J6: -146.28 | K6: -118.32 | L6: -112.68 | M6: -124.88 | N6: -309.77 | O6: -419.07 | P6: -401.2 | Q6: 0.12 | R6: 0.39 | S6: 0 | T6: 0.23 | U6: -0.75 | V6: 780.39 | W6: 628.5 | X6: 308.05 | Y6: 264.13 | Z6: 524.08 | AA6: 15.72 | AB6: 312.85
A7: 46034.042 | B7: -134.34 | C7: -139.73 | D7: -1.2 | E7: -136.87 | F7: 0.18 | G7: -139.97 | H7: -263 | I7: -146.41 | J7: -143.14 | K7: -118.11 | L7: -112.04 | M7: -124.32 | N7: -307.65 | O7: -420.26 | P7: -407.58 | Q7: 0.09 | R7: 0 | S7: 0 | T7: 0.22 | U7: -0.75 | V7: 789.54 | W7: 623.98 | X7: 305.94 | Y7: 263 | Z7: 518.75 | AA7: 15.72 | AB7: 345.09
A8: 46034.052 | B8: -137.33 | C8: -139.8 | D8: -1.2 | E8: -137.42 | F8: 0.24 | G8: -140.14 | H8: -266.05 | I8: -144.56 | J8: -140.66 | K8: -117.04 | L8: -111.57 | M8: -122.81 | N8: -304.68 | O8: -418.89 | P8: -407.88 | Q8: 0.09 | R8: 0 | S8: 0 | T8: 0.22 | U8: -0.75 | V8: 788.35 | W8: 616.55 | X8: 302.96 | Y8: 266.04 | Z8: 522.82 | AA8: 15.88 | AB8: 385.86
A9: 46034.062 | B9: -138.21 | C9: -139.78 | D9: -1.2 | E9: -136.58 | F9: 0.12 | G9: -140.2 | H9: -265.59 | I9: -143.8 | J9: -140.7 | K9: -117.98 | L9: -112.26 | M9: -124.03 | N9: -304.68 | O9: -415.99 | P9: -423.13 | Q9: 0.06 | R9: 0 | S9: 0 | T9: 0.25 | U9: -0.75 | V9: 800.9 | W9: 618.71 | X9: 302.96 | Y9: 265.6 | Z9: 523.36 | AA9: 15.89 | AB9: 402.66
A10: 46034.073 | B10: -143.17 | C10: -138.38 | D10: -1.2 | E10: -137.22 | F10: 0.18 | G10: -140.17 | H10: -259.12 | I10: -140.16 | J10: -139.6 | K10: -117.82 | L10: -112.24 | M10: -124.63 | N10: -308.65 | O10: -416.64 | P10: -412.36 | Q10: 0.09 | R10: 0 | S10: 0 | T10: 0.22 | U10: -0.75 | V10: 792.03 | W10: 614.44 | X10: 306.92 | Y10: 259.12 | Z10: 527.12 | AA10: 15.89 | AB10: 403.79
A11: 46034.083 | B11: -150.85 | C11: -139.25 | D11: -1.2 | E11: -135.22 | F11: 0.17 | G11: -140.47 | H11: -264.76 | I11: -142.22 | J11: -141.38 | K11: -119.31 | L11: -112.76 | M11: -124.04 | N11: -313.21 | O11: -418.37 | P11: -389.75 | Q11: 0.06 | R11: 0 | S11: 0 | T11: 0.25 | U11: -0.75 | V11: 771.44 | W11: 619.56 | X11: 311.5 | Y11: 264.75 | Z11: 533.71 | AA11: 15.94 | AB11: 411.48
A12: 46034.094 | B12: -150.73 | C12: -139.01 | D12: -1.2 | E12: -137.03 | F12: 0.17 | G12: -140.35 | H12: -264.52 | I12: -141.13 | J12: -141.96 | K12: -115.57 | L12: -113.43 | M12: -125.1 | N12: -310.62 | O12: -416.81 | P12: -399.6 | Q12: 0.08 | R12: 0 | S12: 0 | T12: 0.23 | U12: -0.75 | V12: 779.52 | W12: 617.13 | X12: 308.89 | Y12: 264.53 | Z12: 535.28 | AA12: 15.85 | AB12: 411.22
A13: 46034.104 | B13: -147.28 | C13: -138.79 | D13: -1.2 | E13: -139.84 | F13: 0.28 | G13: -140.51 | H13: -261.68 | I13: -142.02 | J13: -143.12 | K13: -117.24 | L13: -114.61 | M13: -124.92 | N13: -311.75 | O13: -412.04 | P13: -400.61 | Q13: 0.06 | R13: 0 | S13: 0 | T13: 0.25 | U13: -0.75 | V13: 775.8 | W13: 621.87 | X13: 310.04 | Y13: 261.67 | Z13: 533.86 | AA13: 15.86 | AB13: 422.56
A14: 46034.115 | B14: -146.97 | C14: -139.58 | D14: -1.2 | E14: -141.26 | F14: 0.2 | G14: -140.75 | H14: -265.04 | I14: -142.29 | J14: -143.5 | K14: -117.35 | L14: -113.3 | M14: -123.97 | N14: -305.13 | O14: -413.22 | P14: -401.88 | Q14: 0.05 | R14: 0 | S14: 0 | T14: 0.26 | U14: -0.75 | V14: 778.08 | W14: 620.3 | X14: 303.41 | Y14: 265.05 | Z14: 535.63 | AA14: 15.88 | AB14: 418.95
... A98: 46034.99 | B98: -132.93 | C98: -134.18 | D98: -138.57 | E98: -140.93 | F98: -0.23 | G98: -139.36 | H98: -261.7 | I98: -139.35 | J98: -141.76 | K98: -118.05 | L98: -119.33 | M98: -122.26 | N98: -314.27 | O98: -423.66 | P98: -418.33 | Q98: -0.13 | R98: 0.44 | S98: 0 | T98: 0.44 | U98: -0.75 | V98: 806.39 | W98: 621.1 | X98: 312.19 | Y98: 261.7 | Z98: 655.06 | AA98: 0 | AB98: 687.09

Sheet Entitlement
A2: Entitlement Report
A4: Time Block | B4: Time Desc | C4: KGSU1AND2 | D4: KGSU1AND2 | E4: KGSU3AND4 | F4: KGSU3AND4 | G4: KKNP | H4: KKNP | I4: KKNPPU2 | J4: KKNPPU2 | K4: KUDGI | L4: KUDGI | M4: KUDGI | N4: MAPS | O4: MAPS | P4: NLCEXP | Q4: NLCEXP | R4: NLCEXP | S4: NLCIIST1 | T4: NLCIIST1 | U4: NLCIIST1 | V4: NLCIIST2 | W4: NLCIIST2 | X4: NLCIIST2 | Y4: NLCTS2EXP | Z4: NLCTS2EXP | AA4: NLCTS2EXP | AB4: NNTPP | AC4: NNTPP | AD4: NNTPP | AE4: NTPL | AF4: NTPL | AG4: NTPL | AH4: RSTPSU1TO6 | AI4: RSTPSU1TO6 | AJ4: RSTPSU1TO6 | AK4: RSTPSU7 | AL4: RSTPSU7 | AM4: RSTPSU7 | AN4: SIMHST1 | AO4: SIMHST1 | AP4: SIMHST1 | AQ4: SIMHST2 | AR4: SIMHST2 | AS4: SIMHST2 | AT4: TALST2 | AU4: TALST2 | AV4: TALST2 | AW4: TelanganaSTPP | AX4: TelanganaSTPP | AY4: TelanganaSTPP | AZ4: VALLURNTECL | BA4: VALLURNTECL | BB4: VALLURNTECL | BC4: GRAND TOTAL
A5: Time Block | B5: Time Desc | C5: APTRANSCO | D5: APTRANSCO | E5: APTRANSCO | F5: APTRANSCO | G5: APTRANSCO | H5: APTRANSCO | I5: APTRANSCO | J5: APTRANSCO | K5: APTRANSCO | L5: APTRANSCO | M5: APTRANSCO | N5: APTRANSCO | O5: APTRANSCO | P5: APTRANSCO | Q5: APTRANSCO | R5: APTRANSCO | S5: APTRANSCO | T5: APTRANSCO | U5: APTRANSCO | V5: APTRANSCO | W5: APTRANSCO | X5: APTRANSCO | Y5: APTRANSCO | Z5: APTRANSCO | AA5: APTRANSCO | AB5: APTRANSCO | AC5: APTRANSCO | AD5: APTRANSCO | AE5: APTRANSCO | AF5: APTRANSCO | AG5: APTRANSCO | AH5: APTRANSCO | AI5: APTRANSCO | AJ5: APTRANSCO | AK5: APTRANSCO | AL5: APTRANSCO | AM5: APTRANSCO | AN5: APTRANSCO | AO5: APTRANSCO | AP5: APTRANSCO | AQ5: APTRANSCO | AR5: APTRANSCO | AS5: APTRANSCO | AT5: APTRANSCO | AU5: APTRANSCO | AV5: APTRANSCO | AW5: APTRANSCO | AX5: APTRANSCO | AY5: APTRANSCO | AZ5: APTRANSCO | BA5: APTRANSCO | BB5: APTRANSCO | BC5: GRAND TOTAL
C6: ENT | D6: TOTAL_ENT | E6: ENT | F6: TOTAL_ENT | G6: ENT | H6: TOTAL_ENT | I6: ENT | J6: TOTAL_ENT | K6: ONBAR_ENT | L6: OFFBAR_ENT | M6: TOTAL_ENT | N6: ENT | O6: TOTAL_ENT | P6: ONBAR_ENT | Q6: OFFBAR_ENT | R6: TOTAL_ENT | S6: ONBAR_ENT | T6: OFFBAR_ENT | U6: TOTAL_ENT | V6: ONBAR_ENT | W6: OFFBAR_ENT | X6: TOTAL_ENT | Y6: ONBAR_ENT | Z6: OFFBAR_ENT | AA6: TOTAL_ENT | AB6: ONBAR_ENT | AC6: OFFBAR_ENT | AD6: TOTAL_ENT | AE6: ONBAR_ENT | AF6: OFFBAR_ENT | AG6: TOTAL_ENT | AH6: ONBAR_ENT | AI6: OFFBAR_ENT | AJ6: TOTAL_ENT | AK6: ONBAR_ENT | AL6: OFFBAR_ENT | AM6: TOTAL_ENT | AN6: ONBAR_ENT | AO6: OFFBAR_ENT | AP6: TOTAL_ENT | AQ6: ONBAR_ENT | AR6: OFFBAR_ENT | AS6: TOTAL_ENT | AT6: ONBAR_ENT | AU6: OFFBAR_ENT | AV6: TOTAL_ENT | AW6: ONBAR_ENT | AX6: OFFBAR_ENT | AY6: TOTAL_ENT | AZ6: ONBAR_ENT | BA6: OFFBAR_ENT | BB6: TOTAL_ENT | BC6: GRAND_TOTAL_ENT
A7: 1 | B7: 00:00-00:15 | C7: 28.61 | D7: 28.61 | E7: 64.82 | F7: 64.82 | G7: 0 | H7: 0 | I7: 0 | J7: 0 | K7: 241.28 | L7: 0 | M7: 241.28 | N7: 7.87 | O7: 7.87 | P7: 7.64 | Q7: 0 | R7: 7.64 | S7: 18.46 | T7: 17.44 | U7: 35.9 | V7: 37.11 | W7: 0 | X7: 37.11 | Y7: 6.55 | Z7: 0 | AA7: 6.55 | AB7: 40.08 | AC7: 0 | AD7: 40.08 | AE7: 127.57 | AF7: 0 | AG7: 127.57 | AH7: 295.09 | AI7: 0 | AJ7: 295.09 | AK7: 74.61 | AL7: 0 | AM7: 74.61 | AN7: 216.14 | AO7: 0 | AP7: 216.14 | AQ7: 209.05 | AR7: 0 | AS7: 209.05 | AT7: 135.28 | AU7: 0 | AV7: 135.28 | AW7: 35.32 | AX7: 0 | AY7: 35.32 | AZ7: 62.09 | BA7: 0 | BB7: 62.09 | BC7: 1625.01
A8: 2 | B8: 00:15-00:30 | C8: 28.61 | D8: 28.61 | E8: 64.82 | F8: 64.82 | G8: 0 | H8: 0 | I8: 0 | J8: 0 | K8: 241.28 | L8: 0 | M8: 241.28 | N8: 7.87 | O8: 7.87 | P8: 7.64 | Q8: 0 | R8: 7.64 | S8: 18.46 | T8: 17.44 | U8: 35.9 | V8: 37.11 | W8: 0 | X8: 37.11 | Y8: 6.55 | Z8: 0 | AA8: 6.55 | AB8: 40.08 | AC8: 0 | AD8: 40.08 | AE8: 127.57 | AF8: 0 | AG8: 127.57 | AH8: 295.09 | AI8: 0 | AJ8: 295.09 | AK8: 74.61 | AL8: 0 | AM8: 74.61 | AN8: 216.14 | AO8: 0 | AP8: 216.14 | AQ8: 209.05 | AR8: 0 | AS8: 209.05 | AT8: 135.28 | AU8: 0 | AV8: 135.28 | AW8: 35.32 | AX8: 0 | AY8: 35.32 | AZ8: 62.09 | BA8: 0 | BB8: 62.09 | BC8: 1625.01
A9: 3 | B9: 00:30-00:45 | C9: 28.61 | D9: 28.61 | E9: 64.82 | F9: 64.82 | G9: 0 | H9: 0 | I9: 0 | J9: 0 | K9: 241.28 | L9: 0 | M9: 241.28 | N9: 7.87 | O9: 7.87 | P9: 7.64 | Q9: 0 | R9: 7.64 | S9: 18.46 | T9: 17.44 | U9: 35.9 | V9: 37.11 | W9: 0 | X9: 37.11 | Y9: 6.55 | Z9: 0 | AA9: 6.55 | AB9: 40.08 | AC9: 0 | AD9: 40.08 | AE9: 127.57 | AF9: 0 | AG9: 127.57 | AH9: 295.09 | AI9: 0 | AJ9: 295.09 | AK9: 74.61 | AL9: 0 | AM9: 74.61 | AN9: 216.14 | AO9: 0 | AP9: 216.14 | AQ9: 209.05 | AR9: 0 | AS9: 209.05 | AT9: 135.28 | AU9: 0 | AV9: 135.28 | AW9: 35.32 | AX9: 0 | AY9: 35.32 | AZ9: 62.09 | BA9: 0 | BB9: 62.09 | BC9: 1625.01
A10: 4 | B10: 00:45-01:00 | C10: 28.61 | D10: 28.61 | E10: 64.82 | F10: 64.82 | G10: 0 | H10: 0 | I10: 0 | J10: 0 | K10: 241.28 | L10: 0 | M10: 241.28 | N10: 7.87 | O10: 7.87 | P10: 7.64 | Q10: 0 | R10: 7.64 | S10: 18.46 | T10: 17.44 | U10: 35.9 | V10: 37.11 | W10: 0 | X10: 37.11 | Y10: 6.55 | Z10: 0 | AA10: 6.55 | AB10: 40.08 | AC10: 0 | AD10: 40.08 | AE10: 127.57 | AF10: 0 | AG10: 127.57 | AH10: 295.09 | AI10: 0 | AJ10: 295.09 | AK10: 74.61 | AL10: 0 | AM10: 74.61 | AN10: 216.14 | AO10: 0 | AP10: 216.14 | AQ10: 209.05 | AR10: 0 | AS10: 209.05 | AT10: 135.28 | AU10: 0 | AV10: 135.28 | AW10: 35.32 | AX10: 0 | AY10: 35.32 | AZ10: 62.09 | BA10: 0 | BB10: 62.09 | BC10: 1625.01
A11: 5 | B11: 01:00-01:15 | C11: 28.61 | D11: 28.61 | E11: 64.82 | F11: 64.82 | G11: 0 | H11: 0 | I11: 0 | J11: 0 | K11: 241.28 | L11: 0 | M11: 241.28 | N11: 7.87 | O11: 7.87 | P11: 7.64 | Q11: 0 | R11: 7.64 | S11: 18.46 | T11: 17.44 | U11: 35.9 | V11: 37.11 | W11: 0 | X11: 37.11 | Y11: 6.55 | Z11: 0 | AA11: 6.55 | AB11: 40.08 | AC11: 0 | AD11: 40.08 | AE11: 127.57 | AF11: 0 | AG11: 127.57 | AH11: 295.09 | AI11: 0 | AJ11: 295.09 | AK11: 74.61 | AL11: 0 | AM11: 74.61 | AN11: 216.14 | AO11: 0 | AP11: 216.14 | AQ11: 209.05 | AR11: 0 | AS11: 209.05 | AT11: 135.28 | AU11: 0 | AV11: 135.28 | AW11: 35.32 | AX11: 0 | AY11: 35.32 | AZ11: 62.09 | BA11: 0 | BB11: 62.09 | BC11: 1625.01
A12: 6 | B12: 01:15-01:30 | C12: 28.61 | D12: 28.61 | E12: 64.82 | F12: 64.82 | G12: 0 | H12: 0 | I12: 0 | J12: 0 | K12: 241.28 | L12: 0 | M12: 241.28 | N12: 7.87 | O12: 7.87 | P12: 7.64 | Q12: 0 | R12: 7.64 | S12: 18.46 | T12: 17.44 | U12: 35.9 | V12: 37.11 | W12: 0 | X12: 37.11 | Y12: 6.55 | Z12: 0 | AA12: 6.55 | AB12: 40.08 | AC12: 0 | AD12: 40.08 | AE12: 127.57 | AF12: 0 | AG12: 127.57 | AH12: 295.09 | AI12: 0 | AJ12: 295.09 | AK12: 74.61 | AL12: 0 | AM12: 74.61 | AN12: 216.14 | AO12: 0 | AP12: 216.14 | AQ12: 209.05 | AR12: 0 | AS12: 209.05 | AT12: 135.28 | AU12: 0 | AV12: 135.28 | AW12: 35.32 | AX12: 0 | AY12: 35.32 | AZ12: 62.09 | BA12: 0 | BB12: 62.09 | BC12: 1625.01
A13: 7 | B13: 01:30-01:45 | C13: 28.61 | D13: 28.61 | E13: 64.82 | F13: 64.82 | G13: 0 | H13: 0 | I13: 0 | J13: 0 | K13: 241.28 | L13: 0 | M13: 241.28 | N13: 7.87 | O13: 7.87 | P13: 7.64 | Q13: 0 | R13: 7.64 | S13: 18.46 | T13: 17.44 | U13: 35.9 | V13: 37.11 | W13: 0 | X13: 37.11 | Y13: 6.98 | Z13: 0 | AA13: 6.98 | AB13: 40.08 | AC13: 0 | AD13: 40.08 | AE13: 127.57 | AF13: 0 | AG13: 127.57 | AH13: 295.09 | AI13: 0 | AJ13: 295.09 | AK13: 74.61 | AL13: 0 | AM13: 74.61 | AN13: 216.14 | AO13: 0 | AP13: 216.14 | AQ13: 209.05 | AR13: 0 | AS13: 209.05 | AT13: 135.28 | AU13: 0 | AV13: 135.28 | AW13: 35.32 | AX13: 0 | AY13: 35.32 | AZ13: 62.09 | BA13: 0 | BB13: 62.09 | BC13: 1625.44
A14: 8 | B14: 01:45-02:00 | C14: 28.61 | D14: 28.61 | E14: 64.82 | F14: 64.82 | G14: 0 | H14: 0 | I14: 0 | J14: 0 | K14: 241.28 | L14: 0 | M14: 241.28 | N14: 7.87 | O14: 7.87 | P14: 7.64 | Q14: 0 | R14: 7.64 | S14: 18.46 | T14: 17.44 | U14: 35.9 | V14: 37.11 | W14: 0 | X14: 37.11 | Y14: 6.98 | Z14: 0 | AA14: 6.98 | AB14: 40.08 | AC14: 0 | AD14: 40.08 | AE14: 127.57 | AF14: 0 | AG14: 127.57 | AH14: 295.09 | AI14: 0 | AJ14: 295.09 | AK14: 74.61 | AL14: 0 | AM14: 74.61 | AN14: 216.14 | AO14: 0 | AP14: 216.14 | AQ14: 209.05 | AR14: 0 | AS14: 209.05 | AT14: 135.28 | AU14: 0 | AV14: 135.28 | AW14: 35.32 | AX14: 0 | AY14: 35.32 | AZ14: 62.09 | BA14: 0 | BB14: 62.09 | BC14: 1625.44
A15: 9 | B15: 02:00-02:15 | C15: 28.61 | D15: 28.61 | E15: 64.82 | F15: 64.82 | G15: 0 | H15: 0 | I15: 0 | J15: 0 | K15: 241.28 | L15: 0 | M15: 241.28 | N15: 7.87 | O15: 7.87 | P15: 7.64 | Q15: 0 | R15: 7.64 | S15: 18.46 | T15: 17.44 | U15: 35.9 | V15: 37.11 | W15: 0 | X15: 37.11 | Y15: 6.98 | Z15: 0 | AA15: 6.98 | AB15: 40.08 | AC15: 0 | AD15: 40.08 | AE15: 127.57 | AF15: 0 | AG15: 127.57 | AH15: 295.09 | AI15: 0 | AJ15: 295.09 | AK15: 74.61 | AL15: 0 | AM15: 74.61 | AN15: 216.14 | AO15: 0 | AP15: 216.14 | AQ15: 209.05 | AR15: 0 | AS15: 209.05 | AT15: 135.28 | AU15: 0 | AV15: 135.28 | AW15: 35.32 | AX15: 0 | AY15: 35.32 | AZ15: 62.09 | BA15: 0 | BB15: 62.09 | BC15: 1625.44
A16: 10 | B16: 02:15-02:30 | C16: 28.61 | D16: 28.61 | E16: 64.82 | F16: 64.82 | G16: 0 | H16: 0 | I16: 0 | J16: 0 | K16: 241.28 | L16: 0 | M16: 241.28 | N16: 7.87 | O16: 7.87 | P16: 7.64 | Q16: 0 | R16: 7.64 | S16: 18.46 | T16: 17.44 | U16: 35.9 | V16: 37.11 | W16: 0 | X16: 37.11 | Y16: 6.98 | Z16: 0 | AA16: 6.98 | AB16: 40.08 | AC16: 0 | AD16: 40.08 | AE16: 127.57 | AF16: 0 | AG16: 127.57 | AH16: 295.09 | AI16: 0 | AJ16: 295.09 | AK16: 74.61 | AL16: 0 | AM16: 74.61 | AN16: 216.14 | AO16: 0 | AP16: 216.14 | AQ16: 209.05 | AR16: 0 | AS16: 209.05 | AT16: 135.28 | AU16: 0 | AV16: 135.28 | AW16: 35.32 | AX16: 0 | AY16: 35.32 | AZ16: 62.09 | BA16: 0 | BB16: 62.09 | BC16: 1625.44
A17: 11 | B17: 02:30-02:45 | C17: 28.61 | D17: 28.61 | E17: 64.82 | F17: 64.82 | G17: 0 | H17: 0 | I17: 0 | J17: 0 | K17: 241.28 | L17: 0 | M17: 241.28 | N17: 7.87 | O17: 7.87 | P17: 7.64 | Q17: 0 | R17: 7.64 | S17: 18.46 | T17: 17.44 | U17: 35.9 | V17: 37.11 | W17: 0 | X17: 37.11 | Y17: 6.98 | Z17: 0 | AA17: 6.98 | AB17: 40.08 | AC17: 0 | AD17: 40.08 | AE17: 127.57 | AF17: 0 | AG17: 127.57 | AH17: 295.09 | AI17: 0 | AJ17: 295.09 | AK17: 74.61 | AL17: 0 | AM17: 74.61 | AN17: 216.14 | AO17: 0 | AP17: 216.14 | AQ17: 209.05 | AR17: 0 | AS17: 209.05 | AT17: 135.28 | AU17: 0 | AV17: 135.28 | AW17: 35.32 | AX17: 0 | AY17: 35.32 | AZ17: 62.09 | BA17: 0 | BB17: 62.09 | BC17: 1625.44
A18: 12 | B18: 02:45-03:00 | C18: 28.61 | D18: 28.61 | E18: 64.82 | F18: 64.82 | G18: 0 | H18: 0 | I18: 0 | J18: 0 | K18: 241.28 | L18: 0 | M18: 241.28 | N18: 7.87 | O18: 7.87 | P18: 7.64 | Q18: 0 | R18: 7.64 | S18: 18.46 | T18: 17.44 | U18: 35.9 | V18: 37.11 | W18: 0 | X18: 37.11 | Y18: 6.98 | Z18: 0 | AA18: 6.98 | AB18: 40.08 | AC18: 0 | AD18: 40.08 | AE18: 127.57 | AF18: 0 | AG18: 127.57 | AH18: 295.09 | AI18: 0 | AJ18: 295.09 | AK18: 74.61 | AL18: 0 | AM18: 74.61 | AN18: 216.14 | AO18: 0 | AP18: 216.14 | AQ18: 209.05 | AR18: 0 | AS18: 209.05 | AT18: 135.28 | AU18: 0 | AV18: 135.28 | AW18: 35.32 | AX18: 0 | AY18: 35.32 | AZ18: 62.09 | BA18: 0 | BB18: 62.09 | BC18: 1625.44
... A102: 96 | B102: 23:45-24:00 | C102: 28.61 | D102: 28.61 | E102: 64.82 | F102: 64.82 | G102: 0 | H102: 0 | I102: 0 | J102: 0 | K102: 241.28 | L102: 0 | M102: 241.28 | N102: 7.87 | O102: 7.87 | P102: 7.2 | Q102: 0 | R102: 7.2 | S102: 29.81 | T102: 0 | U102: 29.81 | V102: 37.23 | W102: 0 | X102: 37.23 | Y102: 7.86 | Z102: 0 | AA102: 7.86 | AB102: 41.8 | AC102: 0 | AD102: 41.8 | AE102: 127.57 | AF102: 0 | AG102: 127.57 | AH102: 295.09 | AI102: 0 | AJ102: 295.09 | AK102: 74.61 | AL102: 0 | AM102: 74.61 | AN102: 216.14 | AO102: 0 | AP102: 216.14 | AQ102: 209.05 | AR102: 0 | AS102: 209.05 | AT102: 135.28 | AU102: 0 | AV102: 135.28 | AW102: 35.32 | AX102: 0 | AY102: 35.32 | AZ102: 62.09 | BA102: 0 | BB102: 62.09 | BC102: 1621.63
B103: Average | C103: 28.61 | D103: 28.61 | E103: 64.82 | F103: 64.82 | G103: 0 | H103: 0 | I103: 0 | J103: 0 | K103: 241.28 | L103: 0 | M103: 241.28 | N103: 7.87 | O103: 7.87 | P103: 7.2858333 | Q103: 0 | R103: 7.29 | S103: 26.513125 | T103: 4.7233333 | U103: 31.24 | V103: 37.6725 | W103: 0 | X103: 37.67 | Y103: 7.5741667 | Z103: 0 | AA103: 7.57 | AB103: 40.438333 | AC103: 0 | AD103: 40.44 | AE103: 127.57 | AF103: 0 | AG103: 127.57 | AH103: 295.09 | AI103: 0 | AJ103: 295.09 | AK103: 74.61 | AL103: 0 | AM103: 74.61 | AN103: 216.14 | AO103: 0 | AP103: 216.14 | AQ103: 209.05 | AR103: 0 | AS103: 209.05 | AT103: 135.28 | AU103: 0 | AV103: 135.28 | AW103: 35.32 | AX103: 0 | AY103: 35.32 | AZ103: 62.672917 | BA103: 0 | BB103: 62.67 | BC103: 1622.5202
B104: Minimum | C104: 28.61 | D104: 28.61 | E104: 64.82 | F104: 64.82 | G104: 0 | H104: 0 | I104: 0 | J104: 0 | K104: 241.28 | L104: 0 | M104: 241.28 | N104: 7.87 | O104: 7.87 | P104: 6.77 | Q104: 0 | R104: 6.77 | S104: 18.46 | T104: 0 | U104: 18.46 | V104: 37.11 | W104: 0 | X104: 37.11 | Y104: 6.55 | Z104: 0 | AA104: 6.55 | AB104: 40.08 | AC104: 0 | AD104: 40.08 | AE104: 127.57 | AF104: 0 | AG104: 127.57 | AH104: 295.09 | AI104: 0 | AJ104: 295.09 | AK104: 74.61 | AL104: 0 | AM104: 74.61 | AN104: 216.14 | AO104: 0 | AP104: 216.14 | AQ104: 209.05 | AR104: 0 | AS104: 209.05 | AT104: 135.28 | AU104: 0 | AV104: 135.28 | AW104: 35.32 | AX104: 0 | AY104: 35.32 | AZ104: 62.09 | BA104: 0 | BB104: 62.09 | BC104: 1606.7
B105: Maximum | C105: 28.61 | D105: 28.61 | E105: 64.82 | F105: 64.82 | G105: 0 | H105: 0 | I105: 0 | J105: 0 | K105: 241.28 | L105: 0 | M105: 241.28 | N105: 7.87 | O105: 7.87 | P105: 7.64 | Q105: 0 | R105: 7.64 | S105: 32.12 | T105: 17.44 | U105: 49.56 | V105: 39.87 | W105: 0 | X105: 39.87 | Y105: 7.86 | Z105: 0 | AA105: 7.86 | AB105: 41.8 | AC105: 0 | AD105: 41.8 | AE105: 127.57 | AF105: 0 | AG105: 127.57 | AH105: 295.09 | AI105: 0 | AJ105: 295.09 | AK105: 74.61 | AL105: 0 | AM105: 74.61 | AN105: 216.14 | AO105: 0 | AP105: 216.14 | AQ105: 209.05 | AR105: 0 | AS105: 209.05 | AT105: 135.28 | AU105: 0 | AV105: 135.28 | AW105: 35.32 | AX105: 0 | AY105: 35.32 | AZ105: 73.12 | BA105: 0 | BB105: 73.12 | BC105: 1655.49
B106: MWHR | C106: 686.64 | D106: 686.64 | E106: 1555.68 | F106: 1555.68 | G106: 0 | H106: 0 | I106: 0 | J106: 0 | K106: 5790.72 | L106: 0 | M106: 5790.72 | N106: 188.88 | O106: 188.88 | P106: 174.86 | Q106: 0 | R106: 174.86 | S106: 636.315 | T106: 113.36 | U106: 749.68 | V106: 904.14 | W106: 0 | X106: 904.14 | Y106: 181.78 | Z106: 0 | AA106: 181.78 | AB106: 970.52 | AC106: 0 | AD106: 970.52 | AE106: 3061.68 | AF106: 0 | AG106: 3061.68 | AH106: 7082.16 | AI106: 0 | AJ106: 7082.16 | AK106: 1790.64 | AL106: 0 | AM106: 1790.64 | AN106: 5187.36 | AO106: 0 | AP106: 5187.36 | AQ106: 5017.2 | AR106: 0 | AS106: 5017.2 | AT106: 3246.72 | AU106: 0 | AV106: 3246.72 | AW106: 847.68 | AX106: 0 | AY106: 847.68 | AZ106: 1504.15 | BA106: 0 | BB106: 1504.15 | BC106: 38940.485
A109: © 2026 - Centralized Scheduling Platform

Sheet ISGS
A2: Schedule Breakup Report
A4: Trader
A5: From State
A6: From Utility | C6: KGSU1AND2 | D6: KGSU3AND4 | E6: KKNP | F6: KKNPPU2 | G6: KUDGI | H6: MAPS | I6: NLCEXP | J6: NLCIIST1 | K6: NLCIIST2 | L6: NLCTS2EXP | M6: NNTPP | N6: NTPL | O6: RSTPSU1TO6 | P6: RSTPSU7 | Q6: SIMHST1 | R6: SIMHST2 | S6: TALST2 | T6: TelanganaSTPP | U6: VALLURNTECL
A7: To State | C7: ANDHRA_PRADESH_STATE | D7: ANDHRA_PRADESH_STATE | E7: ANDHRA_PRADESH_STATE | F7: ANDHRA_PRADESH_STATE | G7: ANDHRA_PRADESH_STATE | H7: ANDHRA_PRADESH_STATE | I7: ANDHRA_PRADESH_STATE | J7: ANDHRA_PRADESH_STATE | K7: ANDHRA_PRADESH_STATE | L7: ANDHRA_PRADESH_STATE | M7: ANDHRA_PRADESH_STATE | N7: ANDHRA_PRADESH_STATE | O7: ANDHRA_PRADESH_STATE | P7: ANDHRA_PRADESH_STATE | Q7: ANDHRA_PRADESH_STATE | R7: ANDHRA_PRADESH_STATE | S7: ANDHRA_PRADESH_STATE | T7: ANDHRA_PRADESH_STATE | U7: ANDHRA_PRADESH_STATE
A8: To Utility | C8: APTRANSCO | D8: APTRANSCO | E8: APTRANSCO | F8: APTRANSCO | G8: APTRANSCO | H8: APTRANSCO | I8: APTRANSCO | J8: APTRANSCO | K8: APTRANSCO | L8: APTRANSCO | M8: APTRANSCO | N8: APTRANSCO | O8: APTRANSCO | P8: APTRANSCO | Q8: APTRANSCO | R8: APTRANSCO | S8: APTRANSCO | T8: APTRANSCO | U8: APTRANSCO
A9: IR Link | C9: South-South | D9: South-South | E9: South-South | F9: South-South | G9: South-South | H9: South-South | I9: South-South | J9: South-South | K9: South-South | L9: South-South | M9: South-South | N9: South-South | O9: South-South | P9: South-South | Q9: South-South | R9: South-South | S9: South-South | T9: South-South | U9: South-South
A10: Appr No.
A11: Sub Type | C11: NA | D11: NA | E11: NA | F11: NA | G11: NA | H11: NA | I11: NA | J11: NA | K11: NA | L11: NA | M11: NA | N11: NA | O11: NA | P11: NA | Q11: NA | R11: NA | S11: NA | T11: NA | U11: NA
A12: Time Block | B12: Time Desc | V12: Total
A13: 1 | B13: 00:00-00:15 | C13: 27.23 | D13: 61.7 | E13: 0 | F13: 0 | G13: 0 | H13: 7.49 | I13: 7.23 | J13: 0 | K13: 0 | L13: 0 | M13: 38.15 | N13: 0 | O13: 0 | P13: 0 | Q13: 216.14 | R13: 0 | S13: 128.77 | T13: 33.62 | U13: 0 | V13: 520.33
A14: 2 | B14: 00:15-00:30 | C14: 27.23 | D14: 61.7 | E14: 0 | F14: 0 | G14: 0 | H14: 7.49 | I14: 7.27 | J14: 0 | K14: 0 | L14: 0 | M14: 38.15 | N14: 0 | O14: 0 | P14: 0 | Q14: 216.14 | R14: 0 | S14: 128.77 | T14: 33.62 | U14: 0 | V14: 520.37
A15: 3 | B15: 00:30-00:45 | C15: 27.23 | D15: 61.7 | E15: 0 | F15: 0 | G15: 0 | H15: 7.49 | I15: 7.27 | J15: 0 | K15: 0 | L15: 0 | M15: 38.15 | N15: 0 | O15: 0 | P15: 0 | Q15: 216.14 | R15: 0 | S15: 128.77 | T15: 33.62 | U15: 0 | V15: 520.37
A16: 4 | B16: 00:45-01:00 | C16: 27.23 | D16: 61.7 | E16: 0 | F16: 0 | G16: 0 | H16: 7.49 | I16: 7.27 | J16: 0 | K16: 0 | L16: 0 | M16: 38.15 | N16: 0 | O16: 0 | P16: 0 | Q16: 216.14 | R16: 0 | S16: 128.77 | T16: 33.62 | U16: 0 | V16: 520.37
A17: 5 | B17: 01:00-01:15 | C17: 27.23 | D17: 61.7 | E17: 0 | F17: 0 | G17: 0 | H17: 7.49 | I17: 7.27 | J17: 0 | K17: 0 | L17: 0 | M17: 38.15 | N17: 0 | O17: 0 | P17: 0 | Q17: 216.14 | R17: 0 | S17: 128.77 | T17: 33.62 | U17: 0 | V17: 520.37
A18: 6 | B18: 01:15-01:30 | C18: 27.23 | D18: 61.7 | E18: 0 | F18: 0 | G18: 0 | H18: 7.49 | I18: 7.27 | J18: 0 | K18: 0 | L18: 0 | M18: 38.15 | N18: 0 | O18: 0 | P18: 0 | Q18: 216.14 | R18: 0 | S18: 128.77 | T18: 33.62 | U18: 0 | V18: 520.37
A19: 7 | B19: 01:30-01:45 | C19: 27.23 | D19: 61.7 | E19: 0 | F19: 0 | G19: 0 | H19: 7.49 | I19: 5.2 | J19: 0 | K19: 0 | L19: 0 | M19: 33.07 | N19: 0 | O19: 0 | P19: 0 | Q19: 216.14 | R19: 0 | S19: 128.77 | T19: 30.51 | U19: 0 | V19: 510.11
A20: 8 | B20: 01:45-02:00 | C20: 27.23 | D20: 61.7 | E20: 0 | F20: 0 | G20: 0 | H20: 7.49 | I20: 5.2 | J20: 0 | K20: 0 | L20: 0 | M20: 30.25 | N20: 0 | O20: 0 | P20: 0 | Q20: 216.14 | R20: 0 | S20: 128.77 | T20: 18.91 | U20: 0 | V20: 495.69
A21: 9 | B21: 02:00-02:15 | C21: 27.23 | D21: 61.7 | E21: 0 | F21: 0 | G21: 0 | H21: 7.49 | I21: 5.2 | J21: 0 | K21: 0 | L21: 0 | M21: 30.25 | N21: 0 | O21: 0 | P21: 0 | Q21: 216.14 | R21: 0 | S21: 128.77 | T21: 18.91 | U21: 0 | V21: 495.69
A22: 10 | B22: 02:15-02:30 | C22: 27.23 | D22: 61.7 | E22: 0 | F22: 0 | G22: 0 | H22: 7.49 | I22: 5.2 | J22: 0 | K22: 0 | L22: 0 | M22: 30.25 | N22: 0 | O22: 0 | P22: 0 | Q22: 216.14 | R22: 0 | S22: 128.77 | T22: 18.91 | U22: 0 | V22: 495.69
A23: 11 | B23: 02:30-02:45 | C23: 27.23 | D23: 61.7 | E23: 0 | F23: 0 | G23: 0 | H23: 7.49 | I23: 5.2 | J23: 0 | K23: 0 | L23: 0 | M23: 30.25 | N23: 0 | O23: 0 | P23: 0 | Q23: 216.14 | R23: 0 | S23: 128.77 | T23: 18.91 | U23: 0 | V23: 495.69
A24: 12 | B24: 02:45-03:00 | C24: 27.23 | D24: 61.7 | E24: 0 | F24: 0 | G24: 0 | H24: 7.49 | I24: 5.2 | J24: 0 | K24: 0 | L24: 0 | M24: 30.25 | N24: 0 | O24: 0 | P24: 0 | Q24: 216.14 | R24: 0 | S24: 128.77 | T24: 18.91 | U24: 0 | V24: 495.69
... A108: 96 | B108: 23:45-24:00 | C108: 27.23 | D108: 61.7 | E108: 0 | F108: 0 | G108: 0 | H108: 7.49 | I108: 6.85 | J108: 0 | K108: 0 | L108: 0 | M108: 39.79 | N108: 0 | O108: 0 | P108: 0 | Q108: 216.14 | R108: 0 | S108: 128.77 | T108: 33.62 | U108: 0 | V108: 521.59
B109: Average | C109: 27.23 | D109: 61.7 | E109: 0 | F109: 0 | G109: 109.28 | H109: 7.49 | I109: 6.71 | J109: 20.02 | K109: 26.68 | L109: 5.29 | M109: 37.79 | N109: 66.84 | O109: 205.55 | P109: 51.83 | Q109: 216.14 | R109: 142.31 | S109: 128.77 | T109: 32.49 | U109: 38.52 | V109: 1184.64
B110: Maximum | C110: 27.23 | D110: 61.7 | E110: 0 | F110: 0 | G110: 229.67 | H110: 7.49 | I110: 7.27 | J110: 30.58 | K110: 37.95 | L110: 7.48 | M110: 39.79 | N110: 121.43 | O110: 280.9 | P110: 71.02 | Q110: 216.14 | R110: 198.99 | S110: 128.77 | T110: 33.62 | U110: 62.7 | V110: 1557.49
B111: Minimum | C111: 27.23 | D111: 61.7 | E111: 0 | F111: 0 | G111: 0 | H111: 7.49 | I111: 5.16 | J111: 0 | K111: 0 | L111: 0 | M111: 28.76 | N111: 0 | O111: 0 | P111: 0 | Q111: 216.14 | R111: 0 | S111: 128.77 | T111: 18.5 | U111: 0 | V111: 493.75
B112: MWHR | C112: 653.52 | D112: 1480.8 | E112: 0 | F112: 0 | G112: 2622.75 | H112: 179.76 | I112: 161.15 | J112: 480.37 | K112: 640.42 | L112: 126.84 | M112: 906.93 | N112: 1604.23 | O112: 4933.12 | P112: 1244 | Q112: 5187.36 | R112: 3415.55 | S112: 3090.48 | T112: 779.68 | U112: 924.44 | V112: 28431.41
A115: © 2026 - Centralized Scheduling Platform

Sheet IND-GEN
B1: GENCO-Thermal | C1: CGS(ISGS) | D1: IPP-Thermal | E1: Grid Demand | F1: HYDEL | G1: Day Ahead Market | H1: URS | I1: STOA | J1: Week Ahead/ TAM Purchases | K1: UI(OD/UD) | L1: WIND | M1: SOLAR | N1: RTM | O1: Frequency | P1: RTM SALE | Q1: OD | R1: UD | S1: DAM SALE | T1: Intra/Day Ahead Contigency | U1: DAM PUR | V1: RTM PUR
A2: ='[2]DP-DATA'!B2 -> 0 | B2: ='[2]DP-DATA'!C2 -> 2837.11 | C2: =[2]CGS!C5 -> 520.33 | D2: ='[2]ipp- thermal'!I2 -> 1225.73 | E2: ='[2]DP-DATA'!N2 -> 6773.02 | F2: ='[2]DP-DATA'!G2 -> 146.24 | G2: =[2]IEX!G11 -> 0 | H2: =[2]iex.urs.od!C2 -> 0 | I2: ='[2]DP-DATA'!J2 -> 0 | J2: ='[2]DP-DATA'!K2-T2 -> 0 | K2: ='[2]scada daily'!D4 -> 163.26 | L2: ='[2]DP-DATA'!H2 -> 786.42 | M2: =[2]solar!D2 -> 0 | N2: =[2]RTM!G12 -> 761.51 | O2: ='[2]scada daily'!C4 -> 50.04 | P2: =IF(N2>=0,0,N2) -> 0 | Q2: =IF(K2>0,K2,0) -> 163.26 | R2: =IF(K2<0,K2,0) -> 0 | S2: =IF(G2<=0,G2,0) -> 0 | T2: =[2]GNA!X13 -> 0 | U2: =IF(G2>=0,G2,0) -> 0 | V2: =IF(N2>=0,N2,0) -> 761.51
A3: ='[2]DP-DATA'!B3 -> 0.010416667 | B3: ='[2]DP-DATA'!C3 -> 2835.1 | C3: =[2]CGS!C6 -> 520.37 | D3: ='[2]ipp- thermal'!I3 -> 1269.53 | E3: ='[2]DP-DATA'!N3 -> 6777.45 | F3: ='[2]DP-DATA'!G3 -> 174.98 | G3: =[2]IEX!G12 -> 0 | H3: =[2]iex.urs.od!C3 -> 0 | I3: ='[2]DP-DATA'!J3 -> 0 | J3: ='[2]DP-DATA'!K3-T3 -> 0 | K3: ='[2]scada daily'!D5 -> -3.72 | L3: ='[2]DP-DATA'!H3 -> 760.3 | M3: =[2]solar!D3 -> 0 | N3: =[2]RTM!G13 -> 856.7 | O3: ='[2]scada daily'!C5 -> 50.03 | P3: =IF(N3>=0,0,N3) -> 0 | Q3: =IF(K3>0,K3,0) -> 0 | R3: =IF(K3<0,K3,0) -> -3.72 | S3: =IF(G3<=0,G3,0) -> 0 | T3: =[2]GNA!X14 -> 0 | U3: =IF(G3>=0,G3,0) -> 0 | V3: =IF(N3>=0,N3,0) -> 856.7 | X3: =TEXT('[2]scada daily'!A6,"dd/mm/yyyy") -> 12/01/2026
A4: ='[2]DP-DATA'!B4 -> 0.020833333 | B4: ='[2]DP-DATA'!C4 -> 2821.16 | C4: =[2]CGS!C7 -> 520.37 | D4: ='[2]ipp- thermal'!I4 -> 1263.67 | E4: ='[2]DP-DATA'!N4 -> 6745.63 | F4: ='[2]DP-DATA'!G4 -> 137.94 | G4: =[2]IEX!G13 -> 0 | H4: =[2]iex.urs.od!C4 -> 0 | I4: ='[2]DP-DATA'!J4 -> 0 | J4: ='[2]DP-DATA'!K4-T4 -> 0 | K4: ='[2]scada daily'!D6 -> -129.29 | L4: ='[2]DP-DATA'!H4 -> 711.26 | M4: =[2]solar!D4 -> 0 | N4: =[2]RTM!G14 -> 1047.08 | O4: ='[2]scada daily'!C6 -> 50.01 | P4: =IF(N4>=0,0,N4) -> 0 | Q4: =IF(K4>0,K4,0) -> 0 | R4: =IF(K4<0,K4,0) -> -129.29 | S4: =IF(G4<=0,G4,0) -> 0 | T4: =[2]GNA!X15 -> 0 | U4: =IF(G4>=0,G4,0) -> 0 | V4: =IF(N4>=0,N4,0) -> 1047.08
A5: ='[2]DP-DATA'!B5 -> 0.03125 | B5: ='[2]DP-DATA'!C5 -> 2817.61 | C5: =[2]CGS!C8 -> 520.37 | D5: ='[2]ipp- thermal'!I5 -> 1265.15 | E5: ='[2]DP-DATA'!N5 -> 6753.29 | F5: ='[2]DP-DATA'!G5 -> 132.51 | G5: =[2]IEX!G14 -> 0 | H5: =[2]iex.urs.od!C5 -> 0 | I5: ='[2]DP-DATA'!J5 -> 0 | J5: ='[2]DP-DATA'!K5-T5 -> 0 | K5: ='[2]scada daily'!D7 -> -31.77 | L5: ='[2]DP-DATA'!H5 -> 703.95 | M5: =[2]solar!D5 -> 0 | N5: =[2]RTM!G15 -> 951.89 | O5: ='[2]scada daily'!C7 -> 50.01 | P5: =IF(N5>=0,0,N5) -> 0 | Q5: =IF(K5>0,K5,0) -> 0 | R5: =IF(K5<0,K5,0) -> -31.77 | S5: =IF(G5<=0,G5,0) -> 0 | T5: =[2]GNA!X16 -> 0 | U5: =IF(G5>=0,G5,0) -> 0 | V5: =IF(N5>=0,N5,0) -> 951.89
A6: ='[2]DP-DATA'!B6 -> 0.041666667 | B6: ='[2]DP-DATA'!C6 -> 2846.37 | C6: =[2]CGS!C9 -> 520.37 | D6: ='[2]ipp- thermal'!I6 -> 1256.46 | E6: ='[2]DP-DATA'!N6 -> 6714.58 | F6: ='[2]DP-DATA'!G6 -> 132.76 | G6: =[2]IEX!G15 -> 0 | H6: =[2]iex.urs.od!C6 -> 0 | I6: ='[2]DP-DATA'!J6 -> 0 | J6: ='[2]DP-DATA'!K6-T6 -> 0 | K6: ='[2]scada daily'!D8 -> -130.85 | L6: ='[2]DP-DATA'!H6 -> 698.47 | M6: =[2]solar!D6 -> 0 | N6: =[2]RTM!G16 -> 856.68 | O6: ='[2]scada daily'!C8 -> 50.01 | P6: =IF(N6>=0,0,N6) -> 0 | Q6: =IF(K6>0,K6,0) -> 0 | R6: =IF(K6<0,K6,0) -> -130.85 | S6: =IF(G6<=0,G6,0) -> 0 | T6: =[2]GNA!X17 -> 0 | U6: =IF(G6>=0,G6,0) -> 0 | V6: =IF(N6>=0,N6,0) -> 856.68
A7: ='[2]DP-DATA'!B7 -> 0.052083333 | B7: ='[2]DP-DATA'!C7 -> 2882.78 | C7: =[2]CGS!C10 -> 520.37 | D7: ='[2]ipp- thermal'!I7 -> 1219.93 | E7: ='[2]DP-DATA'!N7 -> 6732.97 | F7: ='[2]DP-DATA'!G7 -> 133.35 | G7: =[2]IEX!G16 -> 0 | H7: =[2]iex.urs.od!C7 -> 0 | I7: ='[2]DP-DATA'!J7 -> 0 | J7: ='[2]DP-DATA'!K7-T7 -> 0 | K7: ='[2]scada daily'!D9 -> -27.25 | L7: ='[2]DP-DATA'!H7 -> 688.83 | M7: =[2]solar!D7 -> 0 | N7: =[2]RTM!G17 -> 761.48 | O7: ='[2]scada daily'!C9 -> 50.01 | P7: =IF(N7>=0,0,N7) -> 0 | Q7: =IF(K7>0,K7,0) -> 0 | R7: =IF(K7<0,K7,0) -> -27.25 | S7: =IF(G7<=0,G7,0) -> 0 | T7: =[2]GNA!X18 -> 0 | U7: =IF(G7>=0,G7,0) -> 0 | V7: =IF(N7>=0,N7,0) -> 761.48
A8: ='[2]DP-DATA'!B8 -> 0.0625 | B8: ='[2]DP-DATA'!C8 -> 2914.02 | C8: =[2]CGS!C11 -> 510.11 | D8: ='[2]ipp- thermal'!I8 -> 1066.97 | E8: ='[2]DP-DATA'!N8 -> 6671.77 | F8: ='[2]DP-DATA'!G8 -> 133.44 | G8: =[2]IEX!G17 -> 0 | H8: =[2]iex.urs.od!C8 -> 0 | I8: ='[2]DP-DATA'!J8 -> 0 | J8: ='[2]DP-DATA'!K8-T8 -> 0 | K8: ='[2]scada daily'!D10 -> -10.79 | L8: ='[2]DP-DATA'!H8 -> 661.53 | M8: =[2]solar!D8 -> 0 | N8: =[2]RTM!G18 -> 856.68 | O8: ='[2]scada daily'!C10 -> 50.02 | P8: =IF(N8>=0,0,N8) -> 0 | Q8: =IF(K8>0,K8,0) -> 0 | R8: =IF(K8<0,K8,0) -> -10.79 | S8: =IF(G8<=0,G8,0) -> 0 | T8: =[2]GNA!X19 -> 0 | U8: =IF(G8>=0,G8,0) -> 0 | V8: =IF(N8>=0,N8,0) -> 856.68
A9: ='[2]DP-DATA'!B9 -> 0.072916667 | B9: ='[2]DP-DATA'!C9 -> 2903.1 | C9: =[2]CGS!C12 -> 495.69 | D9: ='[2]ipp- thermal'!I9 -> 1019.28 | E9: ='[2]DP-DATA'!N9 -> 6668.95 | F9: ='[2]DP-DATA'!G9 -> 153.7 | G9: =[2]IEX!G18 -> 0 | H9: =[2]iex.urs.od!C9 -> 0 | I9: ='[2]DP-DATA'!J9 -> 0 | J9: ='[2]DP-DATA'!K9-T9 -> 0 | K9: ='[2]scada daily'!D11 -> 66.22 | L9: ='[2]DP-DATA'!H9 -> 622.24 | M9: =[2]solar!D9 -> 0 | N9: =[2]RTM!G19 -> 856.67 | O9: ='[2]scada daily'!C11 -> 50.03 | P9: =IF(N9>=0,0,N9) -> 0 | Q9: =IF(K9>0,K9,0) -> 66.22 | R9: =IF(K9<0,K9,0) -> 0 | S9: =IF(G9<=0,G9,0) -> 0 | T9: =[2]GNA!X20 -> 0 | U9: =IF(G9>=0,G9,0) -> 0 | V9: =IF(N9>=0,N9,0) -> 856.67
A10: ='[2]DP-DATA'!B10 -> 0.083333333 | B10: ='[2]DP-DATA'!C10 -> 2912.17 | C10: =[2]CGS!C13 -> 495.69 | D10: ='[2]ipp- thermal'!I10 -> 1008.39 | E10: ='[2]DP-DATA'!N10 -> 6605.17 | F10: ='[2]DP-DATA'!G10 -> 181.48 | G10: =[2]IEX!G19 -> 0 | H10: =[2]iex.urs.od!C10 -> 0 | I10: ='[2]DP-DATA'!J10 -> 0 | J10: ='[2]DP-DATA'!K10-T10 -> 0 | K10: ='[2]scada daily'!D12 -> -79.6 | L10: ='[2]DP-DATA'!H10 -> 584.73 | M10: =[2]solar!D10 -> 0 | N10: =[2]RTM!G20 -> 951.86 | O10: ='[2]scada daily'!C12 -> 50.02 | P10: =IF(N10>=0,0,N10) -> 0 | Q10: =IF(K10>0,K10,0) -> 0 | R10: =IF(K10<0,K10,0) -> -79.6 | S10: =IF(G10<=0,G10,0) -> 0 | T10: =[2]GNA!X21 -> 0 | U10: =IF(G10>=0,G10,0) -> 0 | V10: =IF(N10>=0,N10,0) -> 951.86
A11: ='[2]DP-DATA'!B11 -> 0.09375 | B11: ='[2]DP-DATA'!C11 -> 2916.93 | C11: =[2]CGS!C14 -> 495.69 | D11: ='[2]ipp- thermal'!I11 -> 1011.33 | E11: ='[2]DP-DATA'!N11 -> 6572.42 | F11: ='[2]DP-DATA'!G11 -> 137.59 | G11: =[2]IEX!G20 -> 0 | H11: =[2]iex.urs.od!C11 -> 0 | I11: ='[2]DP-DATA'!J11 -> 0 | J11: ='[2]DP-DATA'!K11-T11 -> 0 | K11: ='[2]scada daily'!D13 -> -33.92 | L11: ='[2]DP-DATA'!H11 -> 539.05 | M11: =[2]solar!D11 -> 0 | N11: =[2]RTM!G21 -> 951.86 | O11: ='[2]scada daily'!C13 -> 49.99 | P11: =IF(N11>=0,0,N11) -> 0 | Q11: =IF(K11>0,K11,0) -> 0 | R11: =IF(K11<0,K11,0) -> -33.92 | S11: =IF(G11<=0,G11,0) -> 0 | T11: =[2]GNA!X22 -> 0 | U11: =IF(G11>=0,G11,0) -> 0 | V11: =IF(N11>=0,N11,0) -> 951.86
A12: ='[2]DP-DATA'!B12 -> 0.10416667 | B12: ='[2]DP-DATA'!C12 -> 2926.05 | C12: =[2]CGS!C15 -> 495.69 | D12: ='[2]ipp- thermal'!I12 -> 1010.89 | E12: ='[2]DP-DATA'!N12 -> 6594.23 | F12: ='[2]DP-DATA'!G12 -> 134.24 | G12: =[2]IEX!G21 -> 0 | H12: =[2]iex.urs.od!C12 -> 0 | I12: ='[2]DP-DATA'!J12 -> 0 | J12: ='[2]DP-DATA'!K12-T12 -> 0 | K12: ='[2]scada daily'!D14 -> 24.62 | L12: ='[2]DP-DATA'!H12 -> 498.16 | M12: =[2]solar!D12 -> 0 | N12: =[2]RTM!G22 -> 951.86 | O12: ='[2]scada daily'!C14 -> 50 | P12: =IF(N12>=0,0,N12) -> 0 | Q12: =IF(K12>0,K12,0) -> 24.62 | R12: =IF(K12<0,K12,0) -> 0 | S12: =IF(G12<=0,G12,0) -> 0 | T12: =[2]GNA!X23 -> 0 | U12: =IF(G12>=0,G12,0) -> 0 | V12: =IF(N12>=0,N12,0) -> 951.86
A13: ='[2]DP-DATA'!B13 -> 0.11458333 | B13: ='[2]DP-DATA'!C13 -> 2921.47 | C13: =[2]CGS!C16 -> 495.69 | D13: ='[2]ipp- thermal'!I13 -> 1010.98 | E13: ='[2]DP-DATA'!N13 -> 6568.3 | F13: ='[2]DP-DATA'!G13 -> 134.45 | G13: =[2]IEX!G22 -> 0 | H13: =[2]iex.urs.od!C13 -> 0 | I13: ='[2]DP-DATA'!J13 -> 0 | J13: ='[2]DP-DATA'!K13-T13 -> 0 | K13: ='[2]scada daily'!D15 -> 39.24 | L13: ='[2]DP-DATA'!H13 -> 457.62 | M13: =[2]solar!D13 -> 0 | N13: =[2]RTM!G23 -> 951.85 | O13: ='[2]scada daily'!C15 -> 49.98 | P13: =IF(N13>=0,0,N13) -> 0 | Q13: =IF(K13>0,K13,0) -> 39.24 | R13: =IF(K13<0,K13,0) -> 0 | S13: =IF(G13<=0,G13,0) -> 0 | T13: =[2]GNA!X24 -> 0 | U13: =IF(G13>=0,G13,0) -> 0 | V13: =IF(N13>=0,N13,0) -> 951.85
A14: ='[2]DP-DATA'!B14 -> 0.125 | B14: ='[2]DP-DATA'!C14 -> 2917.63 | C14: =[2]CGS!C17 -> 493.75 | D14: ='[2]ipp- thermal'!I14 -> 1014.13 | E14: ='[2]DP-DATA'!N14 -> 6602.05 | F14: ='[2]DP-DATA'!G14 -> 134.67 | G14: =[2]IEX!G23 -> 0 | H14: =[2]iex.urs.od!C14 -> 0 | I14: ='[2]DP-DATA'!J14 -> 0 | J14: ='[2]DP-DATA'!K14-T14 -> 0 | K14: ='[2]scada daily'!D16 -> 44.96 | L14: ='[2]DP-DATA'!H14 -> 399.4 | M14: =[2]solar!D14 -> 0 | N14: =[2]RTM!G24 -> 1047.05 | O14: ='[2]scada daily'!C16 -> 49.97 | P14: =IF(N14>=0,0,N14) -> 0 | Q14: =IF(K14>0,K14,0) -> 44.96 | R14: =IF(K14<0,K14,0) -> 0 | S14: =IF(G14<=0,G14,0) -> 0 | T14: =[2]GNA!X25 -> 0 | U14: =IF(G14>=0,G14,0) -> 0 | V14: =IF(N14>=0,N14,0) -> 1047.05
A15: ='[2]DP-DATA'!B15 -> 0.13541667 | B15: ='[2]DP-DATA'!C15 -> 2940.23 | C15: =[2]CGS!C18 -> 493.75 | D15: ='[2]ipp- thermal'!I15 -> 1015.88 | E15: ='[2]DP-DATA'!N15 -> 6670.43 | F15: ='[2]DP-DATA'!G15 -> 186.19 | G15: =[2]IEX!G24 -> 0 | H15: =[2]iex.urs.od!C15 -> 0 | I15: ='[2]DP-DATA'!J15 -> 0 | J15: ='[2]DP-DATA'!K15-T15 -> 0 | K15: ='[2]scada daily'!D17 -> -6.18 | L15: ='[2]DP-DATA'!H15 -> 359.95 | M15: =[2]solar!D15 -> 0 | N15: =[2]RTM!G25 -> 1142.24 | O15: ='[2]scada daily'!C17 -> 49.97 | P15: =IF(N15>=0,0,N15) -> 0 | Q15: =IF(K15>0,K15,0) -> 0 | R15: =IF(K15<0,K15,0) -> -6.18 | S15: =IF(G15<=0,G15,0) -> 0 | T15: =[2]GNA!X26 -> 0 | U15: =IF(G15>=0,G15,0) -> 0 | V15: =IF(N15>=0,N15,0) -> 1142.24
... A71: ='[2]DP-DATA'!B71 -> 0.71875 | B71: ='[2]DP-DATA'!C71 -> 4346.87 | C71: =[2]CGS!C74 -> 1551.66 | D71: ='[2]ipp- thermal'!I71 -> 1480.77 | E71: ='[2]DP-DATA'!N71 -> 8701.99 | F71: ='[2]DP-DATA'!G71 -> 122.61 | G71: =[2]IEX!G80 -> 0 | H71: =[2]iex.urs.od!C71 -> 0 | I71: ='[2]DP-DATA'!J71 -> 0 | J71: ='[2]DP-DATA'!K71-T71 -> 0 | K71: ='[2]scada daily'!D73 -> -212.17 | L71: ='[2]DP-DATA'!H71 -> 955.65 | M71: =[2]solar!D71 -> 190.83 | N71: =[2]RTM!G81 -> 280.81 | O71: ='[2]scada daily'!C73 -> 50.07 | P71: =IF(N71>=0,0,N71) -> 0 | Q71: =IF(K71>0,K71,0) -> 0 | R71: =IF(K71<0,K71,0) -> -212.17 | S71: =IF(G71<=0,G71,0) -> 0 | T71: =[2]GNA!X82 -> 0 | U71: =IF(G71>=0,G71,0) -> 0 | V71: =IF(N71>=0,N71,0) -> 280.81
A72: ='[2]DP-DATA'!B72 -> 0.72916667 | B72: ='[2]DP-DATA'!C72 -> 4375.92 | C72: =[2]CGS!C75 -> 1551.66 | D72: ='[2]ipp- thermal'!I72 -> 1481.72 | E72: ='[2]DP-DATA'!N72 -> 8731.07 | F72: ='[2]DP-DATA'!G72 -> 120.16 | G72: =[2]IEX!G81 -> 0 | H72: =[2]iex.urs.od!C72 -> 0 | I72: ='[2]DP-DATA'!J72 -> 407.08 | J72: 0 | K72: ='[2]scada daily'!D74 -> -279.2 | L72: ='[2]DP-DATA'!H72 -> 971.97 | M72: =[2]solar!D72 -> 81.15 | N72: =[2]RTM!G82 -> 53.65 | O72: ='[2]scada daily'!C74 -> 50 | P72: =IF(N72>=0,0,N72) -> 0 | Q72: =IF(K72>0,K72,0) -> 0 | R72: =IF(K72<0,K72,0) -> -279.2 | S72: =IF(G72<=0,G72,0) -> 0 | T72: =[2]GNA!X83 -> 0 | U72: =IF(G72>=0,G72,0) -> 0 | V72: =IF(N72>=0,N72,0) -> 53.65
A73: ='[2]DP-DATA'!B73 -> 0.73958333 | B73: ='[2]DP-DATA'!C73 -> 4393.22 | C73: =[2]CGS!C76 -> 1551.66 | D73: ='[2]ipp- thermal'!I73 -> 1465.42 | E73: ='[2]DP-DATA'!N73 -> 8817.3 | F73: ='[2]DP-DATA'!G73 -> 116.32 | G73: =[2]IEX!G82 -> 0 | H73: =[2]iex.urs.od!C73 -> 0 | I73: ='[2]DP-DATA'!J73 -> 407.08 | J73: 0 | K73: ='[2]scada daily'!D75 -> -122.23 | L73: ='[2]DP-DATA'!H73 -> 963.44 | M73: =[2]solar!D73 -> 20.85 | N73: =[2]RTM!G83 -> 53.53 | O73: ='[2]scada daily'!C75 -> 49.92 | P73: =IF(N73>=0,0,N73) -> 0 | Q73: =IF(K73>0,K73,0) -> 0 | R73: =IF(K73<0,K73,0) -> -122.23 | S73: =IF(G73<=0,G73,0) -> 0 | T73: =[2]GNA!X84 -> 0 | U73: =IF(G73>=0,G73,0) -> 0 | V73: =IF(N73>=0,N73,0) -> 53.53
A74: ='[2]DP-DATA'!B74 -> 0.75 | B74: ='[2]DP-DATA'!C74 -> 4437.48 | C74: =[2]CGS!C77 -> 1551.66 | D74: ='[2]ipp- thermal'!I74 -> 1452.82 | E74: ='[2]DP-DATA'!N74 -> 8445.63 | F74: ='[2]DP-DATA'!G74 -> 112.63 | G74: =[2]IEX!G83 -> 0 | H74: =[2]iex.urs.od!C74 -> 0 | I74: ='[2]DP-DATA'!J74 -> 407.08 | J74: 0 | K74: ='[2]scada daily'!D76 -> -216.33 | L74: ='[2]DP-DATA'!H74 -> 912.17 | M74: =[2]solar!D74 -> 5.44 | N74: =[2]RTM!G84 -> -200 | O74: ='[2]scada daily'!C76 -> 50.01 | P74: =IF(N74>=0,0,N74) -> -200 | Q74: =IF(K74>0,K74,0) -> 0 | R74: =IF(K74<0,K74,0) -> -216.33 | S74: =IF(G74<=0,G74,0) -> 0 | T74: =[2]GNA!X85 -> 0 | U74: =IF(G74>=0,G74,0) -> 0 | V74: =IF(N74>=0,N74,0) -> 0
A75: ='[2]DP-DATA'!B75 -> 0.76041667 | B75: ='[2]DP-DATA'!C75 -> 4445.4 | C75: =[2]CGS!C78 -> 1551.66 | D75: ='[2]ipp- thermal'!I75 -> 1462.61 | E75: ='[2]DP-DATA'!N75 -> 8592.46 | F75: ='[2]DP-DATA'!G75 -> 113.12 | G75: =[2]IEX!G84 -> 0 | H75: =[2]iex.urs.od!C75 -> 0 | I75: ='[2]DP-DATA'!J75 -> 407.08 | J75: 0 | K75: ='[2]scada daily'!D77 -> -190.71 | L75: ='[2]DP-DATA'!H75 -> 937.7 | M75: =[2]solar!D75 -> 3.2 | N75: =[2]RTM!G85 -> -100 | O75: ='[2]scada daily'!C77 -> 49.96 | P75: =IF(N75>=0,0,N75) -> -100 | Q75: =IF(K75>0,K75,0) -> 0 | R75: =IF(K75<0,K75,0) -> -190.71 | S75: =IF(G75<=0,G75,0) -> 0 | T75: =[2]GNA!X86 -> 0 | U75: =IF(G75>=0,G75,0) -> 0 | V75: =IF(N75>=0,N75,0) -> 0
A76: ='[2]DP-DATA'!B76 -> 0.77083333 | B76: ='[2]DP-DATA'!C76 -> 4408.73 | C76: =[2]CGS!C79 -> 1551.66 | D76: ='[2]ipp- thermal'!I76 -> 1468.63 | E76: ='[2]DP-DATA'!N76 -> 8718.81 | F76: ='[2]DP-DATA'!G76 -> 112.62 | G76: =[2]IEX!G85 -> 0 | H76: =[2]iex.urs.od!C76 -> 0 | I76: ='[2]DP-DATA'!J76 -> 407.08 | J76: 0 | K76: ='[2]scada daily'!D78 -> 3.69 | L76: ='[2]DP-DATA'!H76 -> 997.35 | M76: =[2]solar!D76 -> 0.31 | N76: =[2]RTM!G86 -> -200 | O76: ='[2]scada daily'!C78 -> 50.03 | P76: =IF(N76>=0,0,N76) -> -200 | Q76: =IF(K76>0,K76,0) -> 3.69 | R76: =IF(K76<0,K76,0) -> 0 | S76: =IF(G76<=0,G76,0) -> 0 | T76: =[2]GNA!X87 -> 0 | U76: =IF(G76>=0,G76,0) -> 0 | V76: =IF(N76>=0,N76,0) -> 0
A77: ='[2]DP-DATA'!B77 -> 0.78125 | B77: ='[2]DP-DATA'!C77 -> 4430.14 | C77: =[2]CGS!C80 -> 1551.66 | D77: ='[2]ipp- thermal'!I77 -> 1451.59 | E77: ='[2]DP-DATA'!N77 -> 8706.46 | F77: ='[2]DP-DATA'!G77 -> 112.94 | G77: =[2]IEX!G86 -> 0 | H77: =[2]iex.urs.od!C77 -> 0 | I77: ='[2]DP-DATA'!J77 -> 407.08 | J77: 0 | K77: ='[2]scada daily'!D79 -> -14.02 | L77: ='[2]DP-DATA'!H77 -> 1002.63 | M77: =[2]solar!D77 -> 0.09 | N77: =[2]RTM!G87 -> -200 | O77: ='[2]scada daily'!C79 -> 50.02 | P77: =IF(N77>=0,0,N77) -> -200 | Q77: =IF(K77>0,K77,0) -> 0 | R77: =IF(K77<0,K77,0) -> -14.02 | S77: =IF(G77<=0,G77,0) -> 0 | T77: =[2]GNA!X88 -> 0 | U77: =IF(G77>=0,G77,0) -> 0 | V77: =IF(N77>=0,N77,0) -> 0
A78: ='[2]DP-DATA'!B78 -> 0.79166667 | B78: ='[2]DP-DATA'!C78 -> 4492.4 | C78: =[2]CGS!C81 -> 1553.13 | D78: ='[2]ipp- thermal'!I78 -> 1473.04 | E78: ='[2]DP-DATA'!N78 -> 8605.48 | F78: ='[2]DP-DATA'!G78 -> 114.12 | G78: =[2]IEX!G87 -> 0 | H78: =[2]iex.urs.od!C78 -> 0 | I78: ='[2]DP-DATA'!J78 -> 407.08 | J78: 0 | K78: ='[2]scada daily'!D80 -> -123.27 | L78: ='[2]DP-DATA'!H78 -> 1018.61 | M78: =[2]solar!D78 -> 0 | N78: =[2]RTM!G88 -> -300 | O78: ='[2]scada daily'!C80 -> 50.01 | P78: =IF(N78>=0,0,N78) -> -300 | Q78: =IF(K78>0,K78,0) -> 0 | R78: =IF(K78<0,K78,0) -> -123.27 | S78: =IF(G78<=0,G78,0) -> 0 | T78: =[2]GNA!X89 -> 0 | U78: =IF(G78>=0,G78,0) -> 0 | V78: =IF(N78>=0,N78,0) -> 0
A79: ='[2]DP-DATA'!B79 -> 0.80208333 | B79: ='[2]DP-DATA'!C79 -> 4537.46 | C79: =[2]CGS!C82 -> 1553.3 | D79: ='[2]ipp- thermal'!I79 -> 1473.51 | E79: ='[2]DP-DATA'!N79 -> 8460.63 | F79: ='[2]DP-DATA'!G79 -> 114.7 | G79: =[2]IEX!G88 -> 0 | H79: =[2]iex.urs.od!C79 -> 0 | I79: ='[2]DP-DATA'!J79 -> 407.08 | J79: 0 | K79: ='[2]scada daily'!D81 -> -350.88 | L79: ='[2]DP-DATA'!H79 -> 1062.11 | M79: =[2]solar!D79 -> 0 | N79: =[2]RTM!G89 -> -300 | O79: ='[2]scada daily'!C81 -> 50.03 | P79: =IF(N79>=0,0,N79) -> -300 | Q79: =IF(K79>0,K79,0) -> 0 | R79: =IF(K79<0,K79,0) -> -350.88 | S79: =IF(G79<=0,G79,0) -> 0 | T79: =[2]GNA!X90 -> 0 | U79: =IF(G79>=0,G79,0) -> 0 | V79: =IF(N79>=0,N79,0) -> 0
A80: ='[2]DP-DATA'!B80 -> 0.8125 | B80: ='[2]DP-DATA'!C80 -> 4511.78 | C80: =[2]CGS!C83 -> 1553.3 | D80: ='[2]ipp- thermal'!I80 -> 1483.34 | E80: ='[2]DP-DATA'!N80 -> 8390.58 | F80: ='[2]DP-DATA'!G80 -> 115.09 | G80: =[2]IEX!G89 -> 0 | H80: =[2]iex.urs.od!C80 -> 0 | I80: ='[2]DP-DATA'!J80 -> 0 | J80: 0 | K80: ='[2]scada daily'!D82 -> -181.01 | L80: ='[2]DP-DATA'!H80 -> 1123.51 | M80: =[2]solar!D80 -> 0 | N80: =[2]RTM!G90 -> -200 | O80: ='[2]scada daily'!C82 -> 50.05 | P80: =IF(N80>=0,0,N80) -> -200 | Q80: =IF(K80>0,K80,0) -> 0 | R80: =IF(K80<0,K80,0) -> -181.01 | S80: =IF(G80<=0,G80,0) -> 0 | T80: =[2]GNA!X91 -> 0 | U80: =IF(G80>=0,G80,0) -> 0 | V80: =IF(N80>=0,N80,0) -> 0
A81: ='[2]DP-DATA'!B81 -> 0.82291667 | B81: ='[2]DP-DATA'!C81 -> 4467.87 | C81: =[2]CGS!C84 -> 1553.3 | D81: ='[2]ipp- thermal'!I81 -> 1478.88 | E81: ='[2]DP-DATA'!N81 -> 8349.72 | F81: ='[2]DP-DATA'!G81 -> 116.32 | G81: =[2]IEX!G90 -> 0 | H81: =[2]iex.urs.od!C81 -> 0 | I81: ='[2]DP-DATA'!J81 -> 0 | J81: 0 | K81: ='[2]scada daily'!D83 -> -87.33 | L81: ='[2]DP-DATA'!H81 -> 1146.57 | M81: =[2]solar!D81 -> 0 | N81: =[2]RTM!G91 -> -300 | O81: ='[2]scada daily'!C83 -> 50.07 | P81: =IF(N81>=0,0,N81) -> -300 | Q81: =IF(K81>0,K81,0) -> 0 | R81: =IF(K81<0,K81,0) -> -87.33 | S81: =IF(G81<=0,G81,0) -> 0 | T81: =[2]GNA!X92 -> 0 | U81: =IF(G81>=0,G81,0) -> 0 | V81: =IF(N81>=0,N81,0) -> 0
A82: ='[2]DP-DATA'!B82 -> 0.83333333 | B82: ='[2]DP-DATA'!C82 -> 4461.54 | C82: =[2]CGS!C85 -> 1553.3 | D82: ='[2]ipp- thermal'!I82 -> 1478.99 | E82: ='[2]DP-DATA'!N82 -> 8244.96 | F82: ='[2]DP-DATA'!G82 -> 117.51 | G82: =[2]IEX!G91 -> 0 | H82: =[2]iex.urs.od!C82 -> 0 | I82: ='[2]DP-DATA'!J82 -> 0 | J82: 0 | K82: ='[2]scada daily'!D84 -> -186.96 | L82: ='[2]DP-DATA'!H82 -> 1140.73 | M82: =[2]solar!D82 -> 0 | N82: =[2]RTM!G92 -> -300 | O82: ='[2]scada daily'!C84 -> 50.07 | P82: =IF(N82>=0,0,N82) -> -300 | Q82: =IF(K82>0,K82,0) -> 0 | R82: =IF(K82<0,K82,0) -> -186.96 | S82: =IF(G82<=0,G82,0) -> 0 | T82: =[2]GNA!X93 -> 0 | U82: =IF(G82>=0,G82,0) -> 0 | V82: =IF(N82>=0,N82,0) -> 0
A83: ='[2]DP-DATA'!B83 -> 0.84375 | B83: ='[2]DP-DATA'!C83 -> 4468 | C83: =[2]CGS!C86 -> 1553.3 | D83: ='[2]ipp- thermal'!I83 -> 1479.54 | E83: ='[2]DP-DATA'!N83 -> 8174.31 | F83: ='[2]DP-DATA'!G83 -> 119.02 | G83: =[2]IEX!G92 -> 0 | H83: =[2]iex.urs.od!C83 -> 0 | I83: ='[2]DP-DATA'!J83 -> 0 | J83: 0 | K83: ='[2]scada daily'!D85 -> -263.27 | L83: ='[2]DP-DATA'!H83 -> 1137.72 | M83: =[2]solar!D83 -> 0 | N83: =[2]RTM!G93 -> -300 | O83: ='[2]scada daily'!C85 -> 50.03 | P83: =IF(N83>=0,0,N83) -> -300 | Q83: =IF(K83>0,K83,0) -> 0 | R83: =IF(K83<0,K83,0) -> -263.27 | S83: =IF(G83<=0,G83,0) -> 0 | T83: =[2]GNA!X94 -> 0 | U83: =IF(G83>=0,G83,0) -> 0 | V83: =IF(N83>=0,N83,0) -> 0
A84: ='[2]DP-DATA'!B84 -> 0.85416667 | B84: ='[2]DP-DATA'!C84 -> 4454 | C84: =[2]CGS!C87 -> 1471.26 | D84: ='[2]ipp- thermal'!I84 -> 1465.36 | E84: ='[2]DP-DATA'!N84 -> 8073.3 | F84: ='[2]DP-DATA'!G84 -> 120.17 | G84: =[2]IEX!G93 -> -100 | H84: =[2]iex.urs.od!C84 -> 0 | I84: ='[2]DP-DATA'!J84 -> 0 | J84: ='[2]DP-DATA'!K84-T84 -> 0 | K84: ='[2]scada daily'!D86 -> -40.18 | L84: ='[2]DP-DATA'!H84 -> 1156.14 | M84: =[2]solar!D84 -> 0 | N84: =[2]RTM!G94 -> -500 | O84: ='[2]scada daily'!C86 -> 50.01 | P84: =IF(N84>=0,0,N84) -> -500 | Q84: =IF(K84>0,K84,0) -> 0 | R84: =IF(K84<0,K84,0) -> -40.18 | S84: =IF(G84<=0,G84,0) -> -100 | T84: =[2]GNA!X95 -> 0 | U84: =IF(G84>=0,G84,0) -> 0 | V84: =IF(N84>=0,N84,0) -> 0
A85: ='[2]DP-DATA'!B85 -> 0.86458333 | B85: ='[2]DP-DATA'!C85 -> 4337.09 | C85: =[2]CGS!C88 -> 1430.69 | D85: ='[2]ipp- thermal'!I85 -> 1454.85 | E85: ='[2]DP-DATA'!N85 -> 7987.58 | F85: ='[2]DP-DATA'!G85 -> 165.34 | G85: =[2]IEX!G94 -> -200 | H85: =[2]iex.urs.od!C85 -> 0 | I85: ='[2]DP-DATA'!J85 -> 0 | J85: ='[2]DP-DATA'!K85-T85 -> 0 | K85: ='[2]scada daily'!D87 -> 139.14 | L85: ='[2]DP-DATA'!H85 -> 1137.05 | M85: =[2]solar!D85 -> 0 | N85: =[2]RTM!G95 -> -600 | O85: ='[2]scada daily'!C87 -> 50 | P85: =IF(N85>=0,0,N85) -> -600 | Q85: =IF(K85>0,K85,0) -> 139.14 | R85: =IF(K85<0,K85,0) -> 0 | S85: =IF(G85<=0,G85,0) -> -200 | T85: =[2]GNA!X96 -> 0 | U85: =IF(G85>=0,G85,0) -> 0 | V85: =IF(N85>=0,N85,0) -> 0
A86: ='[2]DP-DATA'!B86 -> 0.875 | B86: ='[2]DP-DATA'!C86 -> 4202.36 | C86: =[2]CGS!C89 -> 1430.69 | D86: ='[2]ipp- thermal'!I86 -> 1467.78 | E86: ='[2]DP-DATA'!N86 -> 8047.44 | F86: ='[2]DP-DATA'!G86 -> 178.91 | G86: =[2]IEX!G95 -> -400 | H86: =[2]iex.urs.od!C86 -> 0 | I86: ='[2]DP-DATA'!J86 -> 0 | J86: ='[2]DP-DATA'!K86-T86 -> 0 | K86: ='[2]scada daily'!D88 -> -114.7 | L86: ='[2]DP-DATA'!H86 -> 1141.31 | M86: =[2]solar!D86 -> 0 | N86: =[2]RTM!G96 -> 0 | O86: ='[2]scada daily'!C88 -> 50.01 | P86: =IF(N86>=0,0,N86) -> 0 | Q86: =IF(K86>0,K86,0) -> 0 | R86: =IF(K86<0,K86,0) -> -114.7 | S86: =IF(G86<=0,G86,0) -> -400 | T86: =[2]GNA!X97 -> 0 | U86: =IF(G86>=0,G86,0) -> 0 | V86: =IF(N86>=0,N86,0) -> 0
A87: ='[2]DP-DATA'!B87 -> 0.88541667 | B87: ='[2]DP-DATA'!C87 -> 4116.88 | C87: =[2]CGS!C90 -> 1430.69 | D87: ='[2]ipp- thermal'!I87 -> 1473.53 | E87: ='[2]DP-DATA'!N87 -> 7965.99 | F87: ='[2]DP-DATA'!G87 -> 155.54 | G87: =[2]IEX!G96 -> -400 | H87: =[2]iex.urs.od!C87 -> 0 | I87: ='[2]DP-DATA'!J87 -> 0 | J87: ='[2]DP-DATA'!K87-T87 -> 0 | K87: ='[2]scada daily'!D89 -> -210.55 | L87: ='[2]DP-DATA'!H87 -> 1125.66 | M87: =[2]solar!D87 -> 0 | N87: =[2]RTM!G97 -> 0 | O87: ='[2]scada daily'!C89 -> 50.03 | P87: =IF(N87>=0,0,N87) -> 0 | Q87: =IF(K87>0,K87,0) -> 0 | R87: =IF(K87<0,K87,0) -> -210.55 | S87: =IF(G87<=0,G87,0) -> -400 | T87: =[2]GNA!X98 -> 0 | U87: =IF(G87>=0,G87,0) -> 0 | V87: =IF(N87>=0,N87,0) -> 0
A88: ='[2]DP-DATA'!B88 -> 0.89583333 | B88: ='[2]DP-DATA'!C88 -> 4035.85 | C88: =[2]CGS!C91 -> 1439.04 | D88: ='[2]ipp- thermal'!I88 -> 1482.35 | E88: ='[2]DP-DATA'!N88 -> 7843.97 | F88: ='[2]DP-DATA'!G88 -> 126.78 | G88: =[2]IEX!G97 -> -400 | H88: =[2]iex.urs.od!C88 -> 0 | I88: ='[2]DP-DATA'!J88 -> 0 | J88: ='[2]DP-DATA'!K88-T88 -> 0 | K88: ='[2]scada daily'!D90 -> -258.25 | L88: ='[2]DP-DATA'!H88 -> 1082.07 | M88: =[2]solar!D88 -> 0 | N88: =[2]RTM!G98 -> 0 | O88: ='[2]scada daily'!C90 -> 50 | P88: =IF(N88>=0,0,N88) -> 0 | Q88: =IF(K88>0,K88,0) -> 0 | R88: =IF(K88<0,K88,0) -> -258.25 | S88: =IF(G88<=0,G88,0) -> -400 | T88: =[2]GNA!X99 -> 0 | U88: =IF(G88>=0,G88,0) -> 0 | V88: =IF(N88>=0,N88,0) -> 0
A89: ='[2]DP-DATA'!B89 -> 0.90625 | B89: ='[2]DP-DATA'!C89 -> 3840.72 | C89: =[2]CGS!C92 -> 1294.4 | D89: ='[2]ipp- thermal'!I89 -> 1477.86 | E89: ='[2]DP-DATA'!N89 -> 7699.22 | F89: ='[2]DP-DATA'!G89 -> 128.42 | G89: =[2]IEX!G98 -> -273.7 | H89: =[2]iex.urs.od!C89 -> 0 | I89: ='[2]DP-DATA'!J89 -> 0 | J89: ='[2]DP-DATA'!K89-T89 -> 0 | K89: ='[2]scada daily'!D91 -> -199.57 | L89: ='[2]DP-DATA'!H89 -> 1024.22 | M89: =[2]solar!D89 -> 0 | N89: =[2]RTM!G99 -> 0 | O89: ='[2]scada daily'!C91 -> 50.04 | P89: =IF(N89>=0,0,N89) -> 0 | Q89: =IF(K89>0,K89,0) -> 0 | R89: =IF(K89<0,K89,0) -> -199.57 | S89: =IF(G89<=0,G89,0) -> -273.7 | T89: =[2]GNA!X100 -> 0 | U89: =IF(G89>=0,G89,0) -> 0 | V89: =IF(N89>=0,N89,0) -> 0
A90: ='[2]DP-DATA'!B90 -> 0.91666667 | B90: ='[2]DP-DATA'!C90 -> 3624.23 | C90: =[2]CGS!C93 -> 1203.36 | D90: ='[2]ipp- thermal'!I90 -> 1478.76 | E90: ='[2]DP-DATA'!N90 -> 7578.66 | F90: ='[2]DP-DATA'!G90 -> 119.94 | G90: =[2]IEX!G99 -> 0 | H90: =[2]iex.urs.od!C90 -> 0 | I90: ='[2]DP-DATA'!J90 -> 0 | J90: ='[2]DP-DATA'!K90-T90 -> 0 | K90: ='[2]scada daily'!D92 -> -29.49 | L90: ='[2]DP-DATA'!H90 -> 984.19 | M90: =[2]solar!D90 -> 0 | N90: =[2]RTM!G100 -> 0 | O90: ='[2]scada daily'!C92 -> 49.98 | P90: =IF(N90>=0,0,N90) -> 0 | Q90: =IF(K90>0,K90,0) -> 0 | R90: =IF(K90<0,K90,0) -> -29.49 | S90: =IF(G90<=0,G90,0) -> 0 | T90: =[2]GNA!X101 -> 0 | U90: =IF(G90>=0,G90,0) -> 0 | V90: =IF(N90>=0,N90,0) -> 0
A91: ='[2]DP-DATA'!B91 -> 0.92708333 | B91: ='[2]DP-DATA'!C91 -> 3534.53 | C91: =[2]CGS!C94 -> 1145.81 | D91: ='[2]ipp- thermal'!I91 -> 1462.48 | E91: ='[2]DP-DATA'!N91 -> 7461.54 | F91: ='[2]DP-DATA'!G91 -> 107.52 | G91: =[2]IEX!G100 -> 0 | H91: =[2]iex.urs.od!C91 -> 0 | I91: ='[2]DP-DATA'!J91 -> 0 | J91: ='[2]DP-DATA'!K91-T91 -> 0 | K91: ='[2]scada daily'!D93 -> 10.38 | L91: ='[2]DP-DATA'!H91 -> 944.12 | M91: =[2]solar!D91 -> 0 | N91: =[2]RTM!G101 -> 0 | O91: ='[2]scada daily'!C93 -> 49.99 | P91: =IF(N91>=0,0,N91) -> 0 | Q91: =IF(K91>0,K91,0) -> 10.38 | R91: =IF(K91<0,K91,0) -> 0 | S91: =IF(G91<=0,G91,0) -> 0 | T91: =[2]GNA!X102 -> 0 | U91: =IF(G91>=0,G91,0) -> 0 | V91: =IF(N91>=0,N91,0) -> 0
A92: ='[2]DP-DATA'!B92 -> 0.9375 | B92: ='[2]DP-DATA'!C92 -> 3541.83 | C92: =[2]CGS!C95 -> 1145.81 | D92: ='[2]ipp- thermal'!I92 -> 1450.41 | E92: ='[2]DP-DATA'!N92 -> 7383.75 | F92: ='[2]DP-DATA'!G92 -> 112.38 | G92: =[2]IEX!G101 -> 0 | H92: =[2]iex.urs.od!C92 -> 0 | I92: ='[2]DP-DATA'!J92 -> 0 | J92: ='[2]DP-DATA'!K92-T92 -> 0 | K92: ='[2]scada daily'!D94 -> -103.63 | L92: ='[2]DP-DATA'!H92 -> 915.76 | M92: =[2]solar!D92 -> 0 | N92: =[2]RTM!G102 -> 0 | O92: ='[2]scada daily'!C94 -> 50.04 | P92: =IF(N92>=0,0,N92) -> 0 | Q92: =IF(K92>0,K92,0) -> 0 | R92: =IF(K92<0,K92,0) -> -103.63 | S92: =IF(G92<=0,G92,0) -> 0 | T92: =[2]GNA!X103 -> 0 | U92: =IF(G92>=0,G92,0) -> 0 | V92: =IF(N92>=0,N92,0) -> 0
A93: ='[2]DP-DATA'!B93 -> 0.94791667 | B93: ='[2]DP-DATA'!C93 -> 3531.27 | C93: =[2]CGS!C96 -> 1143.8 | D93: ='[2]ipp- thermal'!I93 -> 1382.17 | E93: ='[2]DP-DATA'!N93 -> 7298.31 | F93: ='[2]DP-DATA'!G93 -> 115.21 | G93: =[2]IEX!G102 -> 0 | H93: =[2]iex.urs.od!C93 -> 0 | I93: ='[2]DP-DATA'!J93 -> 0 | J93: ='[2]DP-DATA'!K93-T93 -> 0 | K93: ='[2]scada daily'!D95 -> -269.5 | L93: ='[2]DP-DATA'!H93 -> 894.35 | M93: =[2]solar!D93 -> 0 | N93: =[2]RTM!G103 -> 0 | O93: ='[2]scada daily'!C95 -> 50.06 | P93: =IF(N93>=0,0,N93) -> 0 | Q93: =IF(K93>0,K93,0) -> 0 | R93: =IF(K93<0,K93,0) -> -269.5 | S93: =IF(G93<=0,G93,0) -> 0 | T93: =[2]GNA!X104 -> 0 | U93: =IF(G93>=0,G93,0) -> 0 | V93: =IF(N93>=0,N93,0) -> 0
A94: ='[2]DP-DATA'!B94 -> 0.95833333 | B94: ='[2]DP-DATA'!C94 -> 3406.44 | C94: =[2]CGS!C97 -> 935.74 | D94: ='[2]ipp- thermal'!I94 -> 1305.57 | E94: ='[2]DP-DATA'!N94 -> 7228.26 | F94: ='[2]DP-DATA'!G94 -> 117.43 | G94: =[2]IEX!G103 -> 0 | H94: =[2]iex.urs.od!C94 -> 0 | I94: ='[2]DP-DATA'!J94 -> 0 | J94: ='[2]DP-DATA'!K94-T94 -> 0 | K94: ='[2]scada daily'!D96 -> -38.62 | L94: ='[2]DP-DATA'!H94 -> 881.15 | M94: =[2]solar!D94 -> 0 | N94: =[2]RTM!G104 -> 190.33 | O94: ='[2]scada daily'!C96 -> 50.06 | P94: =IF(N94>=0,0,N94) -> 0 | Q94: =IF(K94>0,K94,0) -> 0 | R94: =IF(K94<0,K94,0) -> -38.62 | S94: =IF(G94<=0,G94,0) -> 0 | T94: =[2]GNA!X105 -> 0 | U94: =IF(G94>=0,G94,0) -> 0 | V94: =IF(N94>=0,N94,0) -> 190.33
A95: ='[2]DP-DATA'!B95 -> 0.96875 | B95: ='[2]DP-DATA'!C95 -> 3335.5 | C95: =[2]CGS!C98 -> 649.48 | D95: ='[2]ipp- thermal'!I95 -> 1238.26 | E95: ='[2]DP-DATA'!N95 -> 7126.41 | F95: ='[2]DP-DATA'!G95 -> 118.88 | G95: =[2]IEX!G104 -> 0 | H95: =[2]iex.urs.od!C95 -> 0 | I95: ='[2]DP-DATA'!J95 -> 0 | J95: ='[2]DP-DATA'!K95-T95 -> 0 | K95: ='[2]scada daily'!D97 -> 4.27 | L95: ='[2]DP-DATA'!H95 -> 873.31 | M95: =[2]solar!D95 -> 0 | N95: =[2]RTM!G105 -> 475.91 | O95: ='[2]scada daily'!C97 -> 50.05 | P95: =IF(N95>=0,0,N95) -> 0 | Q95: =IF(K95>0,K95,0) -> 4.27 | R95: =IF(K95<0,K95,0) -> 0 | S95: =IF(G95<=0,G95,0) -> 0 | T95: =[2]GNA!X106 -> 0 | U95: =IF(G95>=0,G95,0) -> 0 | V95: =IF(N95>=0,N95,0) -> 475.91
... A97: ='[2]DP-DATA'!B97 -> 0.98958333 | B97: ='[2]DP-DATA'!C97 -> 3343.27 | C97: =[2]CGS!C100 -> 521.59 | D97: ='[2]ipp- thermal'!I97 -> 1263.78 | E97: ='[2]DP-DATA'!N97 -> 6978.37 | F97: ='[2]DP-DATA'!G97 -> 121.07 | G97: =[2]IEX!G106 -> 0 | H97: =[2]iex.urs.od!C97 -> 0 | I97: ='[2]DP-DATA'!J97 -> 0 | J97: ='[2]DP-DATA'!K97-T97 -> 0 | K97: ='[2]scada daily'!D99 -> -170.41 | L97: ='[2]DP-DATA'!H97 -> 854.79 | M97: =[2]solar!D97 -> 0 | N97: =[2]RTM!G107 -> 571.1 | O97: ='[2]scada daily'!C99 -> 50.03 | P97: =IF(N97>=0,0,N97) -> 0 | Q97: =IF(K97>0,K97,0) -> 0 | R97: =IF(K97<0,K97,0) -> -170.41 | S97: =IF(G97<=0,G97,0) -> 0 | T97: =[2]GNA!X108 -> 0 | U97: =IF(G97>=0,G97,0) -> 0 | V97: =IF(N97>=0,N97,0) -> 571.1
B98: =SUM(B2:B97)/4000 -> 88.453165 | C98: =SUM(C2:C97)/4000 -> 28.43141 | D98: =SUM(D2:D97)/4000 -> 33.283545 | E98: 212.032 | F98: =SUM(F2:F97)/4000 -> 3.596845 | G98: =SUM(G2:G97)/4000 -> 5.6373225 | H98: =SUM(H2:H97)/4000 -> 0 | I98: =SUM(I2:I97)/4000 -> 1.62832 | J98: =SUM(J2:J97)/4000 -> 0 | K98: =SUM(K2:K97)/4000 -> -1.856135 | L98: =SUM(L2:L97)/4000 -> 18.18753 | M98: =SUM(M2:M97)/4000 -> 20.611262 | ... V98: =SUM(V2:V97)/4000 -> 9.375805
A99: Average | B99: =AVERAGE(B2:B97) -> 3685.5485 | C99: =AVERAGE(C2:C97) -> 1184.6421 | D99: =AVERAGE(D2:D97) -> 1386.8144 | E99: =(E98*4000)/96 -> 8834.6667 | F99: =AVERAGE(F2:F97) -> 149.86854 | G99: =AVERAGE(G2:G97) -> 234.88844 | H99: =AVERAGE(H2:H97) -> 0 | I99: =AVERAGE(I2:I97) -> 67.846667 | J99: =AVERAGE(J2:J97) -> 0 | K99: =AVERAGE(K2:K97) -> -77.338958 | L99: =AVERAGE(L2:L97) -> 757.81375 | M99: =AVERAGE(M2:M97) -> 858.8026 | ... V99: =AVERAGE(V2:V97) -> 390.65854
T104: =+T98/0.953 -> 0

Sheet DATA-CMD
A1: REPORT FOR AP Demand_cmd FROM 1/12/2026 TO 1/13/2026
A2: Time | B2: SYSCA_AT.SYSTEM.GEN_SOLAR.MW | C2: SYSCA_AT.SYSTEM.GEN_WIND.MW | D2: HNJA4_AG.STTN.X_BUS_GEN.MW | E2: SYSCA_AT.SYSTEM.GRID_DMD_TOT.MW | F2: SCHED_PG.SYSTEM.AP_UI.MW | G2: SYSCA_AT.SYSTEM.GEN_INTRA.MW | H2: UCALC_AT.SYSTEM.THEG_XB.MW | I2: UCALC_AT.SYSTEM.IPXB_TOT.MW | J2: UCALC_AT.SYSTEM.TOT_GAS.MW | K2: UCALC_AT.SYSTEM.HYDL_TOT.MW | L2: SEIL4_AG.STTN.X_BUS_GEN.MW
A3: 46034 | B3: 0.98 | C3: 786.42 | D3: 547.1 | E3: 6773.02 | F3: 163.26 | G3: 73.48 | H3: 2837.11 | I3: 1235.51 | J3: 0.08 | K3: 128.84 | L3: 459.09
A4: 46034.01 | B4: 0.97 | C4: 760.3 | D4: 548.7 | E4: 6777.45 | F4: -3.72 | G4: 73.23 | H4: 2835.1 | I4: 1280.5 | J4: 0.1 | K4: 156.98 | L4: 501.27
A5: 46034.021 | B5: 0.94 | C5: 711.26 | D5: 541.94 | E5: 6745.63 | F5: -129.29 | G5: 72.93 | H5: 2821.16 | I5: 1274.76 | J5: 0.06 | K5: 119.84 | L5: 502.21
A6: 46034.031 | B6: 0.86 | C6: 703.95 | D6: 543.13 | E6: 6753.29 | F6: -31.77 | G6: 73.43 | H6: 2817.61 | I6: 1276.09 | J6: 0.12 | K6: 113.72 | L6: 502.44
A7: 46034.042 | B7: 0.89 | C7: 698.47 | D7: 547.94 | E7: 6714.58 | F7: -130.85 | G7: 72.28 | H7: 2846.37 | I7: 1267.76 | J7: 0.09 | K7: 113.59 | L7: 488.97
A8: 46034.052 | B8: 0.96 | C8: 688.83 | D8: 546.02 | E8: 6732.97 | F8: -27.25 | G8: 72.18 | H8: 2882.78 | I8: 1231.11 | J8: 0.09 | K8: 113.95 | L8: 454.36
A9: 46034.062 | B9: 0.94 | C9: 661.53 | D9: 547.54 | E9: 6671.77 | F9: -10.79 | G9: 73.46 | H9: 2914.02 | I9: 1177.12 | J9: 0.06 | K9: 113.78 | L9: 398.67
A10: 46034.073 | B10: 0.96 | C10: 622.24 | D10: 545.77 | E10: 6668.95 | F10: 66.22 | G10: 72.98 | H10: 2903.1 | I10: 1129.24 | J10: 0.09 | K10: 133.81 | L10: 352.72
A11: 46034.083 | B11: 0.97 | C11: 584.73 | D11: 543.11 | E11: 6605.17 | F11: -79.6 | G11: 74.41 | H11: 2912.17 | I11: 1118.17 | J11: 0.06 | K11: 161.23 | L11: 344.52
A12: 46034.094 | B12: 0.91 | C12: 539.05 | D12: 543.6 | E12: 6572.42 | F12: -33.92 | G12: 74.71 | H12: 2916.93 | I12: 1120.81 | J12: 0.08 | K12: 117.04 | L12: 346.95
A13: 46034.104 | B13: 0.86 | C13: 498.16 | D13: 543.22 | E13: 6594.23 | F13: 24.62 | G13: 73.25 | H13: 2926.05 | I13: 1120.83 | J13: 0.06 | K13: 113.51 | L13: 346.91
A14: 46034.115 | B14: 0.87 | C14: 457.62 | D14: 544.4 | E14: 6568.3 | F14: 39.24 | G14: 73.64 | H14: 2921.47 | I14: 1121.08 | J14: 0.05 | K14: 113.79 | L14: 345.83
... A98: 46034.99 | B98: 2.05 | C98: 854.79 | D98: 544.07 | E98: 6978.37 | F98: -170.41 | G98: 74.15 | H98: 3343.27 | I98: 1351.96 | J98: -0.13 | K98: 105.14 | L98: 575.38

Sheet SCADA Grid
A1: Station Name - AP GRID_DAILY_REPORT
A2: REPORT FOR AP GRID_DAILY REPORT FROM 1/12/2026 TO 1/13/2026
A3: Time | B3: SYSCA_AT.SYSTEM.GRID_DMD_TOT.MW | C3: SCHED_PG.SYSTEM.SR_FREQ.HZ | D3: SCHED_PG.SYSTEM.AP_UI.MW | E3: SYSCA_AT.SYSTEM.GEN_SOLAR.MW | F3: SYSCA_AT.SYSTEM.GEN_WIND.MW | G3: SCHED_PG.SYSTEM.BLOCK_NO.BNO
A4: 46034 | B4: 6773.02 | C4: 50.04 | D4: 163.26 | E4: 0.98 | F4: 786.42 | G4: 7.44
A5: 46034.01 | B5: 6777.45 | C5: 50.03 | D5: -3.72 | E5: 0.97 | F5: 760.3 | G5: 1.93
A6: 46034.021 | B6: 6745.63 | C6: 50.01 | D6: -129.29 | E6: 0.94 | F6: 711.26 | G6: 2.93
A7: 46034.031 | B7: 6753.29 | C7: 50.01 | D7: -31.77 | E7: 0.86 | F7: 703.95 | G7: 3.93
A8: 46034.042 | B8: 6714.58 | C8: 50.01 | D8: -130.85 | E8: 0.89 | F8: 698.47 | G8: 4.93
A9: 46034.052 | B9: 6732.97 | C9: 50.01 | D9: -27.25 | E9: 0.96 | F9: 688.83 | G9: 5.93
A10: 46034.062 | B10: 6671.77 | C10: 50.02 | D10: -10.79 | E10: 0.94 | F10: 661.53 | G10: 6.93
A11: 46034.073 | B11: 6668.95 | C11: 50.03 | D11: 66.22 | E11: 0.96 | F11: 622.24 | G11: 7.93
A12: 46034.083 | B12: 6605.17 | C12: 50.02 | D12: -79.6 | E12: 0.97 | F12: 584.73 | G12: 8.93
A13: 46034.094 | B13: 6572.42 | C13: 49.99 | D13: -33.92 | E13: 0.91 | F13: 539.05 | G13: 9.93
A14: 46034.104 | B14: 6594.23 | C14: 50 | D14: 24.62 | E14: 0.86 | F14: 498.16 | G14: 10.93
A15: 46034.115 | B15: 6568.3 | C15: 49.98 | D15: 39.24 | E15: 0.87 | F15: 457.62 | G15: 11.93
... A99: 46034.99 | B99: 6978.37 | C99: 50.03 | D99: -170.41 | E99: 2.05 | F99: 854.79 | G99: 95.93
A100: Average | B100: 8820.74 | C100: 49.98 | D100: -77.34 | E100: 622.91 | F100: 757.81 | G100: 48.02
A101: Minimum | B101: 0 | C101: 0 | D101: -751.2 | E101: 0 | F101: 0 | G101: 0
A102: Maximum | B102: 11750.74 | C102: 50.36 | D102: 614.57 | E102: 2246.91 | F102: 1296.24 | G102: 96

Sheet GNA
A2: Schedule Breakup Report
A4: Trader | C4: APTRANSCO | D4: TGSPDCL | E4: SEIL | F4: APTRANSCO | G4: TELANGANA | H4: UPPCL | I4: UPPCL
A5: From State | C5: ANDHRA_PRADESH_STATE | D5: ANDHRA_PRADESH_STATE | G5: TELANGANA_State | H5: UTTARPRADESH_STATE | I5: UTTARPRADESH_STATE
A6: From Utility | C6: APTRANSCO | D6: NVVN_SOLAR_AP | E6: SEIL | F6: SEIL | G6: TELANGANA | H6: UPPCL | I6: UPPCL
A7: To State | C7: TELANGANA_State | D7: TELANGANA_State | E7: ANDHRA_PRADESH_STATE | F7: ANDHRA_PRADESH_STATE | G7: ANDHRA_PRADESH_STATE | H7: ANDHRA_PRADESH_STATE | I7: ANDHRA_PRADESH_STATE
A8: To Utility | C8: TELANGANA | D8: TGSPDCL | E8: APCPDCL | F8: APTRANSCO | G8: APTRANSCO | H8: APCPDCL | I8: APCPDCL
A9: IR Link | C9: South-South | D9: South-South | E9: South-South | F9: South-South | G9: South-South | H9: North-West-South | I9: North-West-South
A10: Appr No. | C10: AP_to_TG_Shared | D10: SR/27052024/31122033/L_SR_2014_01_S01 | E10: GNA/SR/2026/01/01/3064 | F10: SR/01102023/19042040/L_SR_2017_01 | G10: TG_to_AP_Shared | H10: GNA/SR/2026/01/01/4568 | I10: GNA/SR/2026/01/01/6943
A11: Sub Type | C11: NA | D11: NA | E11: NA | F11: NA | G11: NA | H11: NA | I11: NA
A12: Time Block | B12: Time Desc | J12: Total
A13: 1 | B13: 00:00-00:15 | C13: 0 | D13: 0 | E13: 0 | F13: 219.46 | G13: 0 | H13: 0 | I13: 0 | J13: 219.46
A14: 2 | B14: 00:15-00:30 | C14: 0 | D14: 0 | E14: 0 | F14: 219.46 | G14: 0 | H14: 0 | I14: 0 | J14: 219.46
A15: 3 | B15: 00:30-00:45 | C15: 0 | D15: 0 | E15: 0 | F15: 219.46 | G15: 0 | H15: 0 | I15: 0 | J15: 219.46
A16: 4 | B16: 00:45-01:00 | C16: 0 | D16: 0 | E16: 0 | F16: 219.46 | G16: 0 | H16: 0 | I16: 0 | J16: 219.46
A17: 5 | B17: 01:00-01:15 | C17: 0 | D17: 0 | E17: 0 | F17: 219.46 | G17: 0 | H17: 0 | I17: 0 | J17: 219.46
A18: 6 | B18: 01:15-01:30 | C18: 0 | D18: 0 | E18: 0 | F18: 219.46 | G18: 0 | H18: 0 | I18: 0 | J18: 219.46
A19: 7 | B19: 01:30-01:45 | C19: 0 | D19: 0 | E19: 0 | F19: 120.7 | G19: 0 | H19: 0 | I19: 0 | J19: 120.7
A20: 8 | B20: 01:45-02:00 | C20: 0 | D20: 0 | E20: 0 | F20: 120.7 | G20: 0 | H20: 0 | I20: 0 | J20: 120.7
A21: 9 | B21: 02:00-02:15 | C21: 0 | D21: 0 | E21: 0 | F21: 120.7 | G21: 0 | H21: 0 | I21: 0 | J21: 120.7
A22: 10 | B22: 02:15-02:30 | C22: 0 | D22: 0 | E22: 0 | F22: 120.7 | G22: 0 | H22: 0 | I22: 0 | J22: 120.7
A23: 11 | B23: 02:30-02:45 | C23: 0 | D23: 0 | E23: 0 | F23: 120.7 | G23: 0 | H23: 0 | I23: 0 | J23: 120.7
A24: 12 | B24: 02:45-03:00 | C24: 0 | D24: 0 | E24: 0 | F24: 120.7 | G24: 0 | H24: 0 | I24: 0 | J24: 120.7
... A108: 96 | B108: 23:45-24:00 | C108: 0 | D108: 0 | E108: 0 | F108: 219.46 | G108: 0 | H108: 0 | I108: 0 | J108: 219.46
B109: Average | C109: 0 | D109: -2.67 | E109: 0 | F109: 209.17 | G109: 0 | H109: 36.43 | I109: 31.41 | J109: 274.35
B110: Maximum | C110: 0 | D110: 0 | E110: 0 | F110: 219.46 | G110: 0 | H110: 218.6 | I110: 188.48 | J110: 626.54
B111: Minimum | C111: 0 | D111: -9.15 | E111: 0 | F111: 120.7 | G111: 0 | H111: 0 | I111: 0 | J111: 120.7
B112: MWHR | C112: 0 | D112: -64.12 | E112: 0 | F112: 5020.14 | G112: 0 | H112: 874.4 | I112: 753.92 | J112: 6584.34
A115: © 2026 - Centralized Scheduling Platform

Sheet TGNA
A2: Schedule Breakup Report
A4: Trader | C4: ITCLH | D4: ITCMS | E4: ITCFBD_RANJANGAON_MH | F4: ITC_Kolkata | G4: IEXL | H4: IEXL | I4: IEXL | J4: IEXL | K4: NACL_Odisha | L4: IEXL | M4: PXIL | N4: HPXL
A5: From State | C5: ANDHRA_PRADESH_STATE | D5: ANDHRA_PRADESH_STATE | E5: ANDHRA_PRADESH_STATE | F5: ANDHRA_PRADESH_STATE | G5: ANDHRA_PRADESH_STATE | H5: ANDHRA_PRADESH_STATE | I5: ANDHRA_PRADESH_STATE | J5: ANDHRA_PRADESH_STATE | K5: ANDHRA_PRADESH_STATE | L5: ANDHRA_PRADESH_STATE | M5: ANDHRA_PRADESH_STATE | N5: ANDHRA_PRADESH_STATE
A6: From Utility | C6: HOTELSAPWIND16 | D6: HOTELSAPWIND16 | E6: ITCWIND | F6: ITCWIND | G6: KMPOWERPVTLTDU3 | H6: KMPOWERPVTLTDU3 | I6: KMPPLU2AP | J6: KM_Power_AP | K6: NALCOAP | L6: SEILP2U2_AP | M6: SEILP2U2_AP | N6: SEILP2U2_AP
A7: To State | C7: DELHI_UT | D7: UTTARPRADESH_STATE | E7: MSEB_State | F7: WB_STATE | G7: GOA_State | H7: DELHI_UT | I7: DELHI_UT | J7: DELHI_UT | K7: ODISHA_STATE | L7: TAMILNADU_State | M7: TAMILNADU_State | N7: TAMILNADU_State
A8: To Utility | C8: ITCLH | D8: ITCMS | E8: ITCFBD_RANJANGAON_MH | F8: ITC_Kolkata | G8: GOA_Beneficiary | H8: MES_Delhi | I8: MES_Delhi | J8: MES_Delhi | K8: NACL_Odisha | L8: TANGEDCO | M8: TANGEDCO | N8: TANGEDCO
A9: IR Link | C9: South-West-North | D9: South-West-North | E9: South-West | F9: South-East | G9: South-West | H9: South-West-North | I9: South-West-North | J9: South-West-North | K9: South-East | L9: South-South | M9: South-South | N9: South-South
A10: Appr No. | C10: NR/2025/37897/A/131392 | D10: NR/2025/39322/A/131751 | E10: WR/2025/36733/A/131390 | F10: ER/2025/21327/A/131639 | G10: WR/2025/36927/A/131297 | H10: NR/2025/39274/A/131279 | I10: NR/2025/39273/A/131261 | J10: NR/2025/39275/A/131280 | K10: ER/2026/24104/C | L10: SR/2025/25692/A/131290 | M10: SR/2025/25697/A/131275 | N10: SR/2026/26385/C
A11: Sub Type | C11: NA | D11: NA | E11: NA | F11: NA | G11: NA | H11: NA | I11: NA | J11: NA | K11: NA | L11: NA | M11: NA | N11: NA
A12: Time Block | B12: Time Desc | O12: Total
A13: 1 | B13: 00:00-00:15 | C13: -0.4 | D13: -0.7 | E13: -0.6 | F13: -0.26 | G13: 0 | H13: -2 | I13: -2 | J13: -3 | K13: -7.9 | L13: 0 | M13: 0 | N13: 0 | O13: -16.86
A14: 2 | B14: 00:15-00:30 | C14: -0.4 | D14: -0.7 | E14: -0.6 | F14: -0.26 | G14: 0 | H14: -2 | I14: -2 | J14: -3 | K14: -7.8 | L14: 0 | M14: 0 | N14: 0 | O14: -16.76
A15: 3 | B15: 00:30-00:45 | C15: -0.4 | D15: -0.7 | E15: -0.6 | F15: -0.26 | G15: 0 | H15: -2 | I15: -2 | J15: -3 | K15: -7.61 | L15: 0 | M15: 0 | N15: 0 | O15: -16.57
A16: 4 | B16: 00:45-01:00 | C16: -0.4 | D16: -0.7 | E16: -0.6 | F16: -0.26 | G16: 0 | H16: -2 | I16: -2 | J16: -3 | K16: -7.24 | L16: 0 | M16: 0 | N16: 0 | O16: -16.2
A17: 5 | B17: 01:00-01:15 | C17: -0.4 | D17: -0.7 | E17: -0.6 | F17: -0.26 | G17: 0 | H17: -2 | I17: -2 | J17: -3 | K17: -6.77 | L17: 0 | M17: 0 | N17: 0 | O17: -15.73
A18: 6 | B18: 01:15-01:30 | C18: -0.4 | D18: -0.7 | E18: -0.6 | F18: -0.26 | G18: 0 | H18: -2 | I18: -2 | J18: -3 | K18: -6.49 | L18: 0 | M18: 0 | N18: 0 | O18: -15.45
A19: 7 | B19: 01:30-01:45 | C19: -0.4 | D19: -0.7 | E19: -0.6 | F19: -0.26 | G19: 0 | H19: -2 | I19: -2 | J19: -3 | K19: -6.11 | L19: 0 | M19: 0 | N19: 0 | O19: -15.07
A20: 8 | B20: 01:45-02:00 | C20: -0.4 | D20: -0.63 | E20: -0.6 | F20: -0.26 | G20: 0 | H20: -2 | I20: -2 | J20: -3 | K20: -5.73 | L20: 0 | M20: 0 | N20: 0 | O20: -14.62
A21: 9 | B21: 02:00-02:15 | C21: -0.4 | D21: -0.63 | E21: -0.6 | F21: -0.26 | G21: 0 | H21: -2 | I21: -2 | J21: -3 | K21: -5.36 | L21: 0 | M21: 0 | N21: 0 | O21: -14.25
A22: 10 | B22: 02:15-02:30 | C22: -0.4 | D22: -0.63 | E22: -0.6 | F22: -0.26 | G22: 0 | H22: -2 | I22: -2 | J22: -3 | K22: -5.26 | L22: 0 | M22: 0 | N22: 0 | O22: -14.15
A23: 11 | B23: 02:30-02:45 | C23: -0.4 | D23: -0.63 | E23: -0.6 | F23: -0.26 | G23: 0 | H23: -2 | I23: -2 | J23: -3 | K23: -5.17 | L23: 0 | M23: 0 | N23: 0 | O23: -14.06
A24: 12 | B24: 02:45-03:00 | C24: -0.4 | D24: -0.63 | E24: -0.6 | F24: -0.26 | G24: 0 | H24: -2 | I24: -2 | J24: -3 | K24: -5.17 | L24: 0 | M24: 0 | N24: 0 | O24: -14.06
... A108: 96 | B108: 23:45-24:00 | C108: -0.5 | D108: -0.68 | E108: -0.6 | F108: -0.26 | G108: -1.6 | H108: -2 | I108: -2 | J108: -3 | K108: -11 | L108: 0 | M108: -75 | N108: 0 | O108: -96.64
B109: Average | C109: -0.65 | D109: -0.5 | E109: -0.6 | F109: -0.3 | G109: -0.53 | H109: -2 | I109: -2 | J109: -3 | K109: -6.67 | L109: -12.5 | M109: -21.1 | N109: -22.86 | O109: -72.71
B110: Maximum | C110: -0.4 | D110: -0.1 | E110: -0.6 | F110: -0.26 | G110: 0 | H110: -2 | I110: -2 | J110: -3 | K110: -2.63 | L110: 0 | M110: 0 | N110: 0 | O110: -11.64
B111: Minimum | C111: -1 | D111: -0.98 | E111: -0.6 | F111: -0.35 | G111: -1.6 | H111: -2 | I111: -2 | J111: -3 | K111: -17.39 | L111: -50 | M111: -75 | N111: -121.9 | O111: -150.1
B112: MWHR | C112: -15.7 | D112: -12.06 | E112: -14.4 | F112: -7.08 | G112: -12.8 | H112: -48 | I112: -48 | J112: -72 | K112: -160.08 | L112: -300 | M112: -506.4 | N112: -548.55 | O112: -1745.08
A115: © 2026 - Centralized Scheduling Platform

Sheet RTM
A1: Name of Regional Entity: | C1: ANDHRA PRADESH
A2: Code of Regional Entity: | C2: S0RAP0
A4: Issue Date: | C4: 46034
A5: Issue Time: | C5: 0.94444444
A6: Scheduling Request for: | C6: 46034
A7: Upto Session: | C7: 48
A8: *All figures are in MW
A10: Summary of injection/drawal for scheduling of Collective transaction through Power Exchange with Regional Losses (At Regional Entity Periphery) | E10: Portfoliowise Details of injection(-)/ Drawal(+) with Regional losses (At Regional Entity Periphery) | BU10: Portfoliowise Details of injection(-)/ Drawal(+) with Regional and State losses* | EK10: Portfoliowise Details of injection(-)/ Drawal(+) with Area losses*
A11: Time Period | B11: Sum of Injection(-) by all entities within the state | C11: Sum of Drawal(+) by all entities within the state | E11: Time Period | F11: Balaji_Energy_Private_Limited_NLR891 | G11: CP_Andhra_Pradesh_Central_Power_Distribution_Corporation_Limited | H11: CP_CCL_PRODUCTS_INDIA_LIMITED | I11: CP_M/s_Shree_Cement_Limited_Guntur | J11: CP_NSL_Textiles_Limited_EDLAPADU | K11: CP_NSL_Textiles_Limited_Inkollu | L11: CP_NSL_Textiles_Limited_Kunchalavaripalem | M11: Dalmia_Laminators_Ltd_TPT3332 | N11: EP_AMNS_Ports_Vizag_Limited_VSP_1523 | O11: EP_Apitoria_Pharma_Private_Limited_SKL139 | P11: EP_Apitoria_Pharma_Private_Limited_VSP_1159 | Q11: EP_Aurobindo_Pharma_Limited_VSP1295 | R11: EP_Coromandel_International_Limited | S11: EP_Coromandel_International_Ltd_(VSP_166) | T11: EP_E_I_D_PARRY_(INDIA)_LIMITED_SKL_619 | U11: EP_Grasim_Industries_Limited_RJY1693 | V11: EP_Hira_Electro_Smelters_Limited | W11: EP_Laurus_Labs_Pvt_Ltd_VSP_1202 | X11: EP_Lauruslabs_Unit_4_(VSP_1509) | Y11: EP_Lyfius_Pharma_Private_Limited_RJY1906 | Z11: EP_Metrochem_API_Private_Limited_VSP1120 | AA11: EP_Novopor_Advanced_Science_Private_Limited | AB11: EP_ONGC_Ltd_(HTSC_No_RJY_1619) | AC11: EP_Pfizer_Healthcare_India_Private_Limited | AD11: EP_RUSHIL_DECOR_LIMITED_VSP_1845 | AE11: EP_Ravali_Spinners_Pvt_Ltd_ELR_505 | AF11: EP_SVR_Spinning_Mills_Private_Limited_ELR_747 | AG11: EP_Sanvira_Industries_Limited_VSP_1200 | AH11: EP_Sarda_Metals_&_Alloys_Limited | AI11: EP_Sundaram_Alloys_Limited_(VSP_1205) | AJ11: EP_Tagoor_Laboratories_Private_Limited | AK11: EP_The_Andhra_Petrochemicals_Ltd | AL11: EP_The_Andhra_Sugars_Limited_(ELR_357) | AM11: EP_The_Ramco_Cements_Limited_THESLDCD04_VSP1405 | AN11: EP_Vishnu_Chemicals_Ltd_VSP_512 | AO11: Growel_Processors_Private_Limited_VJA3669 | AP11: SP_A_One_Ispat_Pvt_Limited_(ATP_461) | AQ11: SP_Amara_Raja_Energy_And_Mobility_Limited_Unit_01 | AR11: SP_Amara_Raja_Energy_And_Mobility_Limited_Unit_02 | AS11: SP_Apl_Healthcare_Ltd_TPT3324 | AT11: SP_Apollo_Tyres_Limited_TPT_2568 | AU11: SP_Balaji_Energy_Private_Limited_NLR_2159 | AV11: SP_Balaji_Energy_Private_Limited_NLR_2160 | AW11: SP_Balaji_Energy_Pvt_Ltd_(NLR_888) | AX11: SP_CCL_Food_And_Beverages_Private_Limited | AY11: SP_C_C_L_Products_India_Limited_TPT_2350 | AZ11: SP_Electrosteel_Castings_Limited_(Ferro_Alloys_Division)_TPT_2547 | BA11: SP_Electrosteel_Castings_Limited_TPT_230 | BB11: SP_Greenpanel_Industries_Limited_TPT_523 | BC11: SP_Grindwell_Norton_Ltd_TPT051 | BD11: SP_Hindusthan_National_Glasses_&_Industries_Ltd_TPT3265 | BE11: SP_Jai_Raj_Ispat_Limited_KNL1133 | BF11: SP_MS_Agarwal_Foundries_Private_Limited_TPT3228 | BG11: SP_Maruti_Ispat_and_Energy_Pvt_Ltd_KNL_822 | BH11: SP_Mondelez_India_Foods_Private_Limited | BI11: SP_NSL_Textiles_Limited_Pulivendula | BJ11: SP_Pushpit_Steels_Private_Limited | BK11: SP_SKJ_POWER_Projects_Private_Limited | BL11: SP_SNJ_Sugars_and_Products_Limited | BM11: SP_Shri_Tirupati_Steelcast_Limited_SSS_459 | BN11: SP_Sree_Rayalaseema_Alkalies_And_Allied_Chemicals_Ltd_(KNL_179) | BO11: SP_Tadas_Wind_Energy_Private_Limited | BP11: SP_The_India_Cements_Ltd_CDP_048 | BQ11: SP_Toray_Industries_(India)_Private_Limited_TPT2536 | BR11: SP_Vishnu_Barium_Pvt_Limited_TPT_225 | BS11: Shreas_Industries_Limited_SKL_717 | BU11: Time Period | BV11: Balaji_Energy_Private_Limited_NLR891 | BW11: CP_Andhra_Pradesh_Central_Power_Distribution_Corporation_Limited | BX11: CP_CCL_PRODUCTS_INDIA_LIMITED | BY11: CP_M/s_Shree_Cement_Limited_Guntur | BZ11: CP_NSL_Textiles_Limited_EDLAPADU | CA11: CP_NSL_Textiles_Limited_Inkollu | CB11: CP_NSL_Textiles_Limited_Kunchalavaripalem | CC11: Dalmia_Laminators_Ltd_TPT3332 | CD11: EP_AMNS_Ports_Vizag_Limited_VSP_1523 | CE11: EP_Apitoria_Pharma_Private_Limited_SKL139 | CF11: EP_Apitoria_Pharma_Private_Limited_VSP_1159 | CG11: EP_Aurobindo_Pharma_Limited_VSP1295 | CH11: EP_Coromandel_International_Limited | CI11: EP_Coromandel_International_Ltd_(VSP_166) | CJ11: EP_E_I_D_PARRY_(INDIA)_LIMITED_SKL_619 | CK11: EP_Grasim_Industries_Limited_RJY1693 | CL11: EP_Hira_Electro_Smelters_Limited | CM11: EP_Laurus_Labs_Pvt_Ltd_VSP_1202 | CN11: EP_Lauruslabs_Unit_4_(VSP_1509) | CO11: EP_Lyfius_Pharma_Private_Limited_RJY1906 | CP11: EP_Metrochem_API_Private_Limited_VSP1120 | CQ11: EP_Novopor_Advanced_Science_Private_Limited | CR11: EP_ONGC_Ltd_(HTSC_No_RJY_1619) | CS11: EP_Pfizer_Healthcare_India_Private_Limited | CT11: EP_RUSHIL_DECOR_LIMITED_VSP_1845 | CU11: EP_Ravali_Spinners_Pvt_Ltd_ELR_505 | CV11: EP_SVR_Spinning_Mills_Private_Limited_ELR_747 | CW11: EP_Sanvira_Industries_Limited_VSP_1200 | CX11: EP_Sarda_Metals_&_Alloys_Limited | CY11: EP_Sundaram_Alloys_Limited_(VSP_1205) | CZ11: EP_Tagoor_Laboratories_Private_Limited | DA11: EP_The_Andhra_Petrochemicals_Ltd | DB11: EP_The_Andhra_Sugars_Limited_(ELR_357) | DC11: EP_The_Ramco_Cements_Limited_THESLDCD04_VSP1405 | DD11: EP_Vishnu_Chemicals_Ltd_VSP_512 | DE11: Growel_Processors_Private_Limited_VJA3669 | DF11: SP_A_One_Ispat_Pvt_Limited_(ATP_461) | DG11: SP_Amara_Raja_Energy_And_Mobility_Limited_Unit_01 | DH11: SP_Amara_Raja_Energy_And_Mobility_Limited_Unit_02 | DI11: SP_Apl_Healthcare_Ltd_TPT3324 | DJ11: SP_Apollo_Tyres_Limited_TPT_2568 | DK11: SP_Balaji_Energy_Private_Limited_NLR_2159 | DL11: SP_Balaji_Energy_Private_Limited_NLR_2160 | DM11: SP_Balaji_Energy_Pvt_Ltd_(NLR_888) | DN11: SP_CCL_Food_And_Beverages_Private_Limited | DO11: SP_C_C_L_Products_India_Limited_TPT_2350 | DP11: SP_Electrosteel_Castings_Limited_(Ferro_Alloys_Division)_TPT_2547 | DQ11: SP_Electrosteel_Castings_Limited_TPT_230 | DR11: SP_Greenpanel_Industries_Limited_TPT_523 | DS11: SP_Grindwell_Norton_Ltd_TPT051 | DT11: SP_Hindusthan_National_Glasses_&_Industries_Ltd_TPT3265 | DU11: SP_Jai_Raj_Ispat_Limited_KNL1133 | DV11: SP_MS_Agarwal_Foundries_Private_Limited_TPT3228 | DW11: SP_Maruti_Ispat_and_Energy_Pvt_Ltd_KNL_822 | DX11: SP_Mondelez_India_Foods_Private_Limited | DY11: SP_NSL_Textiles_Limited_Pulivendula | DZ11: SP_Pushpit_Steels_Private_Limited | EA11: SP_SKJ_POWER_Projects_Private_Limited | EB11: SP_SNJ_Sugars_and_Products_Limited | EC11: SP_Shri_Tirupati_Steelcast_Limited_SSS_459 | ED11: SP_Sree_Rayalaseema_Alkalies_And_Allied_Chemicals_Ltd_(KNL_179) | EE11: SP_Tadas_Wind_Energy_Private_Limited | EF11: SP_The_India_Cements_Ltd_CDP_048 | EG11: SP_Toray_Industries_(India)_Private_Limited_TPT2536 | EH11: SP_Vishnu_Barium_Pvt_Limited_TPT_225 | EI11: Shreas_Industries_Limited_SKL_717 | EK11: Time Period | EL11: Balaji_Energy_Private_Limited_NLR891 | EM11: CP_CCL_PRODUCTS_INDIA_LIMITED | EN11: CP_NSL_Textiles_Limited_EDLAPADU | EO11: CP_NSL_Textiles_Limited_Kunchalavaripalem | EP11: Dalmia_Laminators_Ltd_TPT3332 | EQ11: EP_Apitoria_Pharma_Private_Limited_VSP_1159 | ER11: EP_Aurobindo_Pharma_Limited_VSP1295 | ES11: EP_Laurus_Labs_Pvt_Ltd_VSP_1202 | ET11: EP_Lauruslabs_Unit_4_(VSP_1509) | EU11: EP_Metrochem_API_Private_Limited_VSP1120 | EV11: EP_Novopor_Advanced_Science_Private_Limited | EW11: EP_ONGC_Ltd_(HTSC_No_RJY_1619) | EX11: EP_Pfizer_Healthcare_India_Private_Limited | EY11: EP_SVR_Spinning_Mills_Private_Limited_ELR_747 | EZ11: EP_Tagoor_Laboratories_Private_Limited | FA11: EP_Vishnu_Chemicals_Ltd_VSP_512 | FB11: Growel_Processors_Private_Limited_VJA3669 | FC11: SP_A_One_Ispat_Pvt_Limited_(ATP_461) | FD11: SP_Apl_Healthcare_Ltd_TPT3324 | FE11: SP_Balaji_Energy_Private_Limited_NLR_2159 | FF11: SP_Balaji_Energy_Private_Limited_NLR_2160 | FG11: SP_Balaji_Energy_Pvt_Ltd_(NLR_888) | FH11: SP_CCL_Food_And_Beverages_Private_Limited | FI11: SP_C_C_L_Products_India_Limited_TPT_2350 | FJ11: SP_NSL_Textiles_Limited_Pulivendula | FK11: SP_SKJ_POWER_Projects_Private_Limited | FL11: SP_Vishnu_Barium_Pvt_Limited_TPT_225
A12: 00:00 - 00:15 | B12: -20.2 | C12: 859.66 | E12: 00:00 - 00:15 | F12: -7.6 | G12: 761.51 | H12: 0 | I12: 0 | J12: 0 | K12: 0 | L12: 0 | M12: 0 | N12: 0 | O12: 0 | P12: 0 | Q12: 0 | R12: 0 | S12: 0 | T12: 0 | U12: 0 | V12: 24.27 | W12: 0 | X12: 5.71 | Y12: 0 | Z12: 0 | AA12: 0 | AB12: 0 | AC12: 0 | AD12: 0 | AE12: 0 | AF12: 1.05 | AG12: -0.6 | AH12: 0 | AI12: 14.28 | AJ12: 0 | AK12: 0 | AL12: 0 | AM12: 0 | AN12: 0 | AO12: 0 | AP12: 0 | AQ12: 0 | AR12: 0 | AS12: 0 | AT12: 0 | AU12: -4.9 | AV12: -4.8 | AW12: -2.3 | AX12: 0 | AY12: 0 | AZ12: 13.52 | BA12: 0 | BB12: 0 | BC12: 2.67 | BD12: 0 | BE12: 0 | BF12: 0 | BG12: 0 | BH12: 5.71 | BI12: 0 | BJ12: 14.28 | BK12: 0 | BL12: 0 | BM12: 0 | BN12: 14.28 | BO12: 0 | BP12: 0 | BQ12: 0 | BR12: 2.38 | BS12: 0 | BU12: 00:00 - 00:15 | BV12: -7.79 | BW12: 742.78 | BX12: 0 | BY12: 0 | BZ12: 0 | CA12: 0 | CB12: 0 | CC12: 0 | CD12: 0 | CE12: 0 | CF12: 0 | CG12: 0 | CH12: 0 | CI12: 0 | CJ12: 0 | CK12: 0 | CL12: 23.67 | CM12: 0 | CN12: 5.57 | CO12: 0 | CP12: 0 | CQ12: 0 | CR12: 0 | CS12: 0 | CT12: 0 | CU12: 0 | CV12: 1.02 | CW12: -0.62 | CX12: 0 | CY12: 13.93 | CZ12: 0 | DA12: 0 | DB12: 0 | DC12: 0 | DD12: 0 | DE12: 0 | DF12: 0 | DG12: 0 | DH12: 0 | DI12: 0 | DJ12: 0 | DK12: -5.02 | DL12: -4.92 | DM12: -2.36 | DN12: 0 | DO12: 0 | DP12: 13.19 | DQ12: 0 | DR12: 0 | DS12: 2.6 | DT12: 0 | DU12: 0 | DV12: 0 | DW12: 0 | DX12: 5.57 | DY12: 0 | DZ12: 13.93 | EA12: 0 | EB12: 0 | EC12: 0 | ED12: 13.93 | EE12: 0 | EF12: 0 | EG12: 0 | EH12: 2.32 | EI12: 0 | EK12: 00:00 - 00:15 | EL12: -8.03 | EM12: 0 | EN12: 0 | EO12: 0 | EP12: 0 | EQ12: 0 | ER12: 0 | ES12: 0 | ET12: 5.42 | EU12: 0 | EV12: 0 | EW12: 0 | EX12: 0 | EY12: 0.99 | EZ12: 0 | FA12: 0 | FB12: 0 | FC12: 0 | FD12: 0 | FE12: -5.17 | FF12: -5.07 | FG12: -2.43 | FH12: 0 | FI12: 0 | FJ12: 0 | FK12: 0 | FL12: 2.25
A13: 00:15 - 00:30 | B13: -20.2 | C13: 999.59 | E13: 00:15 - 00:30 | F13: -7.6 | G13: 856.7 | H13: 0 | I13: 0 | J13: 0 | K13: 0 | L13: 0 | M13: 0 | N13: 0 | O13: 0 | P13: 0 | Q13: 0 | R13: 0 | S13: 0 | T13: 0 | U13: 0 | V13: 24.27 | W13: 7.14 | X13: 5.71 | Y13: 0 | Z13: 0 | AA13: 0 | AB13: 0 | AC13: 2.86 | AD13: 0 | AE13: 4.28 | AF13: 1.05 | AG13: -0.6 | AH13: 0 | AI13: 14.28 | AJ13: 0 | AK13: 0 | AL13: 0 | AM13: 0 | AN13: 0 | AO13: 0.95 | AP13: 0 | AQ13: 10.66 | AR13: 13.14 | AS13: 0 | AT13: 0 | AU13: -4.9 | AV13: -4.8 | AW13: -2.3 | AX13: 0 | AY13: 0 | AZ13: 13.52 | BA13: 5.71 | BB13: 0 | BC13: 2.67 | BD13: 0 | BE13: 0 | BF13: 0 | BG13: 0 | BH13: 5.71 | BI13: 0 | BJ13: 14.28 | BK13: 0 | BL13: 0 | BM13: 0 | BN13: 14.28 | BO13: 0 | BP13: 0 | BQ13: 0 | BR13: 2.38 | BS13: 0 | BU13: 00:15 - 00:30 | BV13: -7.79 | BW13: 835.63 | BX13: 0 | BY13: 0 | BZ13: 0 | CA13: 0 | CB13: 0 | CC13: 0 | CD13: 0 | CE13: 0 | CF13: 0 | CG13: 0 | CH13: 0 | CI13: 0 | CJ13: 0 | CK13: 0 | CL13: 23.67 | CM13: 6.96 | CN13: 5.57 | CO13: 0 | CP13: 0 | CQ13: 0 | CR13: 0 | CS13: 2.79 | CT13: 0 | CU13: 4.17 | CV13: 1.02 | CW13: -0.62 | CX13: 0 | CY13: 13.93 | CZ13: 0 | DA13: 0 | DB13: 0 | DC13: 0 | DD13: 0 | DE13: 0.93 | DF13: 0 | DG13: 10.4 | DH13: 12.82 | DI13: 0 | DJ13: 0 | DK13: -5.02 | DL13: -4.92 | DM13: -2.36 | DN13: 0 | DO13: 0 | DP13: 13.19 | DQ13: 5.57 | DR13: 0 | DS13: 2.6 | DT13: 0 | DU13: 0 | DV13: 0 | DW13: 0 | DX13: 5.57 | DY13: 0 | DZ13: 13.93 | EA13: 0 | EB13: 0 | EC13: 0 | ED13: 13.93 | EE13: 0 | EF13: 0 | EG13: 0 | EH13: 2.32 | EI13: 0 | EK13: 00:15 - 00:30 | EL13: -8.03 | EM13: 0 | EN13: 0 | EO13: 0 | EP13: 0 | EQ13: 0 | ER13: 0 | ES13: 6.77 | ET13: 5.42 | EU13: 0 | EV13: 0 | EW13: 0 | EX13: 2.71 | EY13: 0.99 | EZ13: 0 | FA13: 0 | FB13: 0.9 | FC13: 0 | FD13: 0 | FE13: -5.17 | FF13: -5.07 | FG13: -2.43 | FH13: 0 | FI13: 0 | FJ13: 0 | FK13: 0 | FL13: 2.25
A14: 00:30 - 00:45 | B14: -20.2 | C14: 1201.49 | E14: 00:30 - 00:45 | F14: -7.6 | G14: 1047.08 | H14: 0 | I14: 0 | J14: 0 | K14: 0 | L14: 0 | M14: 0 | N14: 2.38 | O14: 0 | P14: 0 | Q14: 0 | R14: 0 | S14: 3.21 | T14: 0 | U14: 0 | V14: 24.27 | W14: 7.14 | X14: 5.71 | Y14: 0 | Z14: 1.17 | AA14: 0 | AB14: 0 | AC14: 2.86 | AD14: 0 | AE14: 4.28 | AF14: 1.05 | AG14: -0.6 | AH14: 0 | AI14: 14.28 | AJ14: 0 | AK14: 0 | AL14: 0 | AM14: 0 | AN14: 4.76 | AO14: 0.95 | AP14: 0 | AQ14: 10.66 | AR14: 13.14 | AS14: 0 | AT14: 0 | AU14: -4.9 | AV14: -4.8 | AW14: -2.3 | AX14: 0 | AY14: 0 | AZ14: 13.52 | BA14: 5.71 | BB14: 0 | BC14: 2.67 | BD14: 0 | BE14: 0 | BF14: 0 | BG14: 0 | BH14: 5.71 | BI14: 0 | BJ14: 14.28 | BK14: 0 | BL14: 0 | BM14: 0 | BN14: 14.28 | BO14: 0 | BP14: 0 | BQ14: 0 | BR14: 2.38 | BS14: 0 | BU14: 00:30 - 00:45 | BV14: -7.79 | BW14: 1021.32 | BX14: 0 | BY14: 0 | BZ14: 0 | CA14: 0 | CB14: 0 | CC14: 0 | CD14: 2.32 | CE14: 0 | CF14: 0 | CG14: 0 | CH14: 0 | CI14: 3.13 | CJ14: 0 | CK14: 0 | CL14: 23.67 | CM14: 6.96 | CN14: 5.57 | CO14: 0 | CP14: 1.14 | CQ14: 0 | CR14: 0 | CS14: 2.79 | CT14: 0 | CU14: 4.17 | CV14: 1.02 | CW14: -0.62 | CX14: 0 | CY14: 13.93 | CZ14: 0 | DA14: 0 | DB14: 0 | DC14: 0 | DD14: 4.64 | DE14: 0.93 | DF14: 0 | DG14: 10.4 | DH14: 12.82 | DI14: 0 | DJ14: 0 | DK14: -5.02 | DL14: -4.92 | DM14: -2.36 | DN14: 0 | DO14: 0 | DP14: 13.19 | DQ14: 5.57 | DR14: 0 | DS14: 2.6 | DT14: 0 | DU14: 0 | DV14: 0 | DW14: 0 | DX14: 5.57 | DY14: 0 | DZ14: 13.93 | EA14: 0 | EB14: 0 | EC14: 0 | ED14: 13.93 | EE14: 0 | EF14: 0 | EG14: 0 | EH14: 2.32 | EI14: 0 | EK14: 00:30 - 00:45 | EL14: -8.03 | EM14: 0 | EN14: 0 | EO14: 0 | EP14: 0 | EQ14: 0 | ER14: 0 | ES14: 6.77 | ET14: 5.42 | EU14: 1.11 | EV14: 0 | EW14: 0 | EX14: 2.71 | EY14: 0.99 | EZ14: 0 | FA14: 4.51 | FB14: 0.9 | FC14: 0 | FD14: 0 | FE14: -5.17 | FF14: -5.07 | FG14: -2.43 | FH14: 0 | FI14: 0 | FJ14: 0 | FK14: 0 | FL14: 2.25
A15: 00:45 - 01:00 | B15: -20.2 | C15: 1109.06 | E15: 00:45 - 01:00 | F15: -7.6 | G15: 951.89 | H15: 0 | I15: 0 | J15: 0 | K15: 0 | L15: 0 | M15: 0 | N15: 2.38 | O15: 0 | P15: 0 | Q15: 0 | R15: 0 | S15: 5.24 | T15: 0 | U15: 0 | V15: 24.27 | W15: 7.14 | X15: 5.71 | Y15: 0 | Z15: 1.9 | AA15: 0 | AB15: 0 | AC15: 2.86 | AD15: 0 | AE15: 4.28 | AF15: 1.05 | AG15: -0.6 | AH15: 0 | AI15: 14.28 | AJ15: 0 | AK15: 0 | AL15: 0 | AM15: 0 | AN15: 4.76 | AO15: 0.95 | AP15: 0 | AQ15: 10.66 | AR15: 13.14 | AS15: 0 | AT15: 0 | AU15: -4.9 | AV15: -4.8 | AW15: -2.3 | AX15: 0 | AY15: 0 | AZ15: 13.52 | BA15: 5.71 | BB15: 0 | BC15: 2.67 | BD15: 0 | BE15: 0 | BF15: 0 | BG15: 0 | BH15: 5.71 | BI15: 0 | BJ15: 14.28 | BK15: 0 | BL15: 0 | BM15: 0 | BN15: 14.28 | BO15: 0 | BP15: 0 | BQ15: 0 | BR15: 2.38 | BS15: 0 | BU15: 00:45 - 01:00 | BV15: -7.79 | BW15: 928.47 | BX15: 0 | BY15: 0 | BZ15: 0 | CA15: 0 | CB15: 0 | CC15: 0 | CD15: 2.32 | CE15: 0 | CF15: 0 | CG15: 0 | CH15: 0 | CI15: 5.11 | CJ15: 0 | CK15: 0 | CL15: 23.67 | CM15: 6.96 | CN15: 5.57 | CO15: 0 | CP15: 1.85 | CQ15: 0 | CR15: 0 | CS15: 2.79 | CT15: 0 | CU15: 4.17 | CV15: 1.02 | CW15: -0.62 | CX15: 0 | CY15: 13.93 | CZ15: 0 | DA15: 0 | DB15: 0 | DC15: 0 | DD15: 4.64 | DE15: 0.93 | DF15: 0 | DG15: 10.4 | DH15: 12.82 | DI15: 0 | DJ15: 0 | DK15: -5.02 | DL15: -4.92 | DM15: -2.36 | DN15: 0 | DO15: 0 | DP15: 13.19 | DQ15: 5.57 | DR15: 0 | DS15: 2.6 | DT15: 0 | DU15: 0 | DV15: 0 | DW15: 0 | DX15: 5.57 | DY15: 0 | DZ15: 13.93 | EA15: 0 | EB15: 0 | EC15: 0 | ED15: 13.93 | EE15: 0 | EF15: 0 | EG15: 0 | EH15: 2.32 | EI15: 0 | EK15: 00:45 - 01:00 | EL15: -8.03 | EM15: 0 | EN15: 0 | EO15: 0 | EP15: 0 | EQ15: 0 | ER15: 0 | ES15: 6.77 | ET15: 5.42 | EU15: 1.8 | EV15: 0 | EW15: 0 | EX15: 2.71 | EY15: 0.99 | EZ15: 0 | FA15: 4.51 | FB15: 0.9 | FC15: 0 | FD15: 0 | FE15: -5.17 | FF15: -5.07 | FG15: -2.43 | FH15: 0 | FI15: 0 | FJ15: 0 | FK15: 0 | FL15: 2.25
A16: 01:00 - 01:15 | B16: -20.2 | C16: 1160.56 | E16: 01:00 - 01:15 | F16: -7.6 | G16: 856.68 | H16: 4 | I16: 0 | J16: 8.38 | K16: 5.05 | L16: 2.67 | M16: 0.76 | N16: 2.38 | O16: 8.57 | P16: 0 | Q16: 0 | R16: 5.71 | S16: 5.24 | T16: 0 | U16: 0 | V16: 24.27 | W16: 7.14 | X16: 5.71 | Y16: 6.66 | Z16: 1.9 | AA16: 3.81 | AB16: 0 | AC16: 2.86 | AD16: 5.52 | AE16: 4.28 | AF16: 1.05 | AG16: -0.6 | AH16: 0 | AI16: 14.28 | AJ16: 0 | AK16: 0.38 | AL16: 0 | AM16: 9.52 | AN16: 4.76 | AO16: 1.14 | AP16: 0 | AQ16: 10.66 | AR16: 13.14 | AS16: 0 | AT16: 0 | AU16: -4.9 | AV16: -4.8 | AW16: -2.3 | AX16: 1.43 | AY16: 1.62 | AZ16: 13.52 | BA16: 5.71 | BB16: 9.52 | BC16: 2.67 | BD16: 0 | BE16: 16.18 | BF16: 19.04 | BG16: 7.62 | BH16: 5.71 | BI16: 2 | BJ16: 14.28 | BK16: 0 | BL16: 0 | BM16: 12.37 | BN16: 14.28 | BO16: 0 | BP16: 13.33 | BQ16: 2.38 | BR16: 2.38 | BS16: 0 | BU16: 01:00 - 01:15 | BV16: -7.79 | BW16: 835.61 | BX16: 3.9 | BY16: 0 | BZ16: 8.17 | CA16: 4.93 | CB16: 2.6 | CC16: 0.74 | CD16: 2.32 | CE16: 8.36 | CF16: 0 | CG16: 0 | CH16: 5.57 | CI16: 5.11 | CJ16: 0 | CK16: 0 | CL16: 23.67 | CM16: 6.96 | CN16: 5.57 | CO16: 6.5 | CP16: 1.85 | CQ16: 3.72 | CR16: 0 | CS16: 2.79 | CT16: 5.38 | CU16: 4.17 | CV16: 1.02 | CW16: -0.62 | CX16: 0 | CY16: 13.93 | CZ16: 0 | DA16: 0.37 | DB16: 0 | DC16: 9.29 | DD16: 4.64 | DE16: 1.11 | DF16: 0 | DG16: 10.4 | DH16: 12.82 | DI16: 0 | DJ16: 0 | DK16: -5.02 | DL16: -4.92 | DM16: -2.36 | DN16: 1.39 | DO16: 1.58 | DP16: 13.19 | DQ16: 5.57 | DR16: 9.29 | DS16: 2.6 | DT16: 0 | DU16: 15.78 | DV16: 18.57 | DW16: 7.43 | DX16: 5.57 | DY16: 1.95 | DZ16: 13.93 | EA16: 0 | EB16: 0 | EC16: 12.07 | ED16: 13.93 | EE16: 0 | EF16: 13 | EG16: 2.32 | EH16: 2.32 | EI16: 0 | EK16: 01:00 - 01:15 | EL16: -8.03 | EM16: 3.78 | EN16: 7.93 | EO16: 2.52 | EP16: 0.72 | EQ16: 0 | ER16: 0 | ES16: 6.77 | ET16: 5.42 | EU16: 1.8 | EV16: 3.62 | EW16: 0 | EX16: 2.71 | EY16: 0.99 | EZ16: 0 | FA16: 4.51 | FB16: 1.08 | FC16: 0 | FD16: 0 | FE16: -5.17 | FF16: -5.07 | FG16: -2.43 | FH16: 1.35 | FI16: 1.53 | FJ16: 1.89 | FK16: 0 | FL16: 2.25
A17: 01:15 - 01:30 | B17: -20.2 | C17: 1078.98 | E17: 01:15 - 01:30 | F17: -7.6 | G17: 761.48 | H17: 4 | I17: 0 | J17: 8.38 | K17: 5.05 | L17: 2.67 | M17: 0.76 | N17: 2.38 | O17: 8.57 | P17: 0 | Q17: 2.67 | R17: 5.71 | S17: 5.24 | T17: 0 | U17: 0 | V17: 24.27 | W17: 7.14 | X17: 5.71 | Y17: 6.66 | Z17: 1.9 | AA17: 3.81 | AB17: 0 | AC17: 2.86 | AD17: 5.52 | AE17: 4.28 | AF17: 1.05 | AG17: -0.6 | AH17: 0 | AI17: 14.28 | AJ17: 1.43 | AK17: 0.38 | AL17: 9.52 | AM17: 9.52 | AN17: 4.76 | AO17: 1.14 | AP17: 0 | AQ17: 10.66 | AR17: 13.14 | AS17: 0 | AT17: 0 | AU17: -4.9 | AV17: -4.8 | AW17: -2.3 | AX17: 1.43 | AY17: 1.62 | AZ17: 13.52 | BA17: 5.71 | BB17: 9.52 | BC17: 2.67 | BD17: 0 | BE17: 16.18 | BF17: 19.04 | BG17: 7.62 | BH17: 5.71 | BI17: 2 | BJ17: 14.28 | BK17: 0 | BL17: 0 | BM17: 12.37 | BN17: 14.28 | BO17: 0 | BP17: 13.33 | BQ17: 2.38 | BR17: 2.38 | BS17: 0 | BU17: 01:15 - 01:30 | BV17: -7.79 | BW17: 742.75 | BX17: 3.9 | BY17: 0 | BZ17: 8.17 | CA17: 4.93 | CB17: 2.6 | CC17: 0.74 | CD17: 2.32 | CE17: 8.36 | CF17: 0 | CG17: 2.6 | CH17: 5.57 | CI17: 5.11 | CJ17: 0 | CK17: 0 | CL17: 23.67 | CM17: 6.96 | CN17: 5.57 | CO17: 6.5 | CP17: 1.85 | CQ17: 3.72 | CR17: 0 | CS17: 2.79 | CT17: 5.38 | CU17: 4.17 | CV17: 1.02 | CW17: -0.62 | CX17: 0 | CY17: 13.93 | CZ17: 1.39 | DA17: 0.37 | DB17: 9.29 | DC17: 9.29 | DD17: 4.64 | DE17: 1.11 | DF17: 0 | DG17: 10.4 | DH17: 12.82 | DI17: 0 | DJ17: 0 | DK17: -5.02 | DL17: -4.92 | DM17: -2.36 | DN17: 1.39 | DO17: 1.58 | DP17: 13.19 | DQ17: 5.57 | DR17: 9.29 | DS17: 2.6 | DT17: 0 | DU17: 15.78 | DV17: 18.57 | DW17: 7.43 | DX17: 5.57 | DY17: 1.95 | DZ17: 13.93 | EA17: 0 | EB17: 0 | EC17: 12.07 | ED17: 13.93 | EE17: 0 | EF17: 13 | EG17: 2.32 | EH17: 2.32 | EI17: 0 | EK17: 01:15 - 01:30 | EL17: -8.03 | EM17: 3.78 | EN17: 7.93 | EO17: 2.52 | EP17: 0.72 | EQ17: 0 | ER17: 2.53 | ES17: 6.77 | ET17: 5.42 | EU17: 1.8 | EV17: 3.62 | EW17: 0 | EX17: 2.71 | EY17: 0.99 | EZ17: 1.35 | FA17: 4.51 | FB17: 1.08 | FC17: 0 | FD17: 0 | FE17: -5.17 | FF17: -5.07 | FG17: -2.43 | FH17: 1.35 | FI17: 1.53 | FJ17: 1.89 | FK17: 0 | FL17: 2.25
A18: 01:30 - 01:45 | B18: -20.2 | C18: 1160.56 | E18: 01:30 - 01:45 | F18: -7.6 | G18: 856.68 | H18: 4 | I18: 0 | J18: 8.38 | K18: 5.05 | L18: 2.67 | M18: 0.76 | N18: 2.38 | O18: 8.57 | P18: 0 | Q18: 0 | R18: 5.71 | S18: 5.24 | T18: 0 | U18: 0 | V18: 24.27 | W18: 7.14 | X18: 5.71 | Y18: 6.66 | Z18: 1.9 | AA18: 3.81 | AB18: 0 | AC18: 2.86 | AD18: 5.52 | AE18: 4.28 | AF18: 1.05 | AG18: -0.6 | AH18: 0 | AI18: 14.28 | AJ18: 0 | AK18: 0.38 | AL18: 0 | AM18: 9.52 | AN18: 4.76 | AO18: 1.14 | AP18: 0 | AQ18: 10.66 | AR18: 13.14 | AS18: 0 | AT18: 0 | AU18: -4.9 | AV18: -4.8 | AW18: -2.3 | AX18: 1.43 | AY18: 1.62 | AZ18: 13.52 | BA18: 5.71 | BB18: 9.52 | BC18: 2.67 | BD18: 0 | BE18: 16.18 | BF18: 19.04 | BG18: 7.62 | BH18: 5.71 | BI18: 2 | BJ18: 14.28 | BK18: 0 | BL18: 0 | BM18: 12.37 | BN18: 14.28 | BO18: 0 | BP18: 13.33 | BQ18: 2.38 | BR18: 2.38 | BS18: 0 | BU18: 01:30 - 01:45 | BV18: -7.79 | BW18: 835.61 | BX18: 3.9 | BY18: 0 | BZ18: 8.17 | CA18: 4.93 | CB18: 2.6 | CC18: 0.74 | CD18: 2.32 | CE18: 8.36 | CF18: 0 | CG18: 0 | CH18: 5.57 | CI18: 5.11 | CJ18: 0 | CK18: 0 | CL18: 23.67 | CM18: 6.96 | CN18: 5.57 | CO18: 6.5 | CP18: 1.85 | CQ18: 3.72 | CR18: 0 | CS18: 2.79 | CT18: 5.38 | CU18: 4.17 | CV18: 1.02 | CW18: -0.62 | CX18: 0 | CY18: 13.93 | CZ18: 0 | DA18: 0.37 | DB18: 0 | DC18: 9.29 | DD18: 4.64 | DE18: 1.11 | DF18: 0 | DG18: 10.4 | DH18: 12.82 | DI18: 0 | DJ18: 0 | DK18: -5.02 | DL18: -4.92 | DM18: -2.36 | DN18: 1.39 | DO18: 1.58 | DP18: 13.19 | DQ18: 5.57 | DR18: 9.29 | DS18: 2.6 | DT18: 0 | DU18: 15.78 | DV18: 18.57 | DW18: 7.43 | DX18: 5.57 | DY18: 1.95 | DZ18: 13.93 | EA18: 0 | EB18: 0 | EC18: 12.07 | ED18: 13.93 | EE18: 0 | EF18: 13 | EG18: 2.32 | EH18: 2.32 | EI18: 0 | EK18: 01:30 - 01:45 | EL18: -8.03 | EM18: 3.78 | EN18: 7.93 | EO18: 2.52 | EP18: 0.72 | EQ18: 0 | ER18: 0 | ES18: 6.77 | ET18: 5.42 | EU18: 1.8 | EV18: 3.62 | EW18: 0 | EX18: 2.71 | EY18: 0.99 | EZ18: 0 | FA18: 4.51 | FB18: 1.08 | FC18: 0 | FD18: 0 | FE18: -5.17 | FF18: -5.07 | FG18: -2.43 | FH18: 1.35 | FI18: 1.53 | FJ18: 1.89 | FK18: 0 | FL18: 2.25
A19: 01:45 - 02:00 | B19: -20.2 | C19: 1174.17 | E19: 01:45 - 02:00 | F19: -7.6 | G19: 856.67 | H19: 4 | I19: 0 | J19: 8.38 | K19: 5.05 | L19: 2.67 | M19: 0.76 | N19: 2.38 | O19: 8.57 | P19: 0 | Q19: 2.67 | R19: 5.71 | S19: 5.24 | T19: 0 | U19: 0 | V19: 24.27 | W19: 7.14 | X19: 5.71 | Y19: 6.66 | Z19: 1.9 | AA19: 3.81 | AB19: 0 | AC19: 2.86 | AD19: 5.52 | AE19: 4.28 | AF19: 1.05 | AG19: -0.6 | AH19: 0 | AI19: 14.28 | AJ19: 1.43 | AK19: 0.38 | AL19: 9.52 | AM19: 9.52 | AN19: 4.76 | AO19: 1.14 | AP19: 0 | AQ19: 10.66 | AR19: 13.14 | AS19: 0 | AT19: 0 | AU19: -4.9 | AV19: -4.8 | AW19: -2.3 | AX19: 1.43 | AY19: 1.62 | AZ19: 13.52 | BA19: 5.71 | BB19: 9.52 | BC19: 2.67 | BD19: 0 | BE19: 16.18 | BF19: 19.04 | BG19: 7.62 | BH19: 5.71 | BI19: 2 | BJ19: 14.28 | BK19: 0 | BL19: 0 | BM19: 12.37 | BN19: 14.28 | BO19: 0 | BP19: 13.33 | BQ19: 2.38 | BR19: 2.38 | BS19: 0 | BU19: 01:45 - 02:00 | BV19: -7.79 | BW19: 835.6 | BX19: 3.9 | BY19: 0 | BZ19: 8.17 | CA19: 4.93 | CB19: 2.6 | CC19: 0.74 | CD19: 2.32 | CE19: 8.36 | CF19: 0 | CG19: 2.6 | CH19: 5.57 | CI19: 5.11 | CJ19: 0 | CK19: 0 | CL19: 23.67 | CM19: 6.96 | CN19: 5.57 | CO19: 6.5 | CP19: 1.85 | CQ19: 3.72 | CR19: 0 | CS19: 2.79 | CT19: 5.38 | CU19: 4.17 | CV19: 1.02 | CW19: -0.62 | CX19: 0 | CY19: 13.93 | CZ19: 1.39 | DA19: 0.37 | DB19: 9.29 | DC19: 9.29 | DD19: 4.64 | DE19: 1.11 | DF19: 0 | DG19: 10.4 | DH19: 12.82 | DI19: 0 | DJ19: 0 | DK19: -5.02 | DL19: -4.92 | DM19: -2.36 | DN19: 1.39 | DO19: 1.58 | DP19: 13.19 | DQ19: 5.57 | DR19: 9.29 | DS19: 2.6 | DT19: 0 | DU19: 15.78 | DV19: 18.57 | DW19: 7.43 | DX19: 5.57 | DY19: 1.95 | DZ19: 13.93 | EA19: 0 | EB19: 0 | EC19: 12.07 | ED19: 13.93 | EE19: 0 | EF19: 13 | EG19: 2.32 | EH19: 2.32 | EI19: 0 | EK19: 01:45 - 02:00 | EL19: -8.03 | EM19: 3.78 | EN19: 7.93 | EO19: 2.52 | EP19: 0.72 | EQ19: 0 | ER19: 2.53 | ES19: 6.77 | ET19: 5.42 | EU19: 1.8 | EV19: 3.62 | EW19: 0 | EX19: 2.71 | EY19: 0.99 | EZ19: 1.35 | FA19: 4.51 | FB19: 1.08 | FC19: 0 | FD19: 0 | FE19: -5.17 | FF19: -5.07 | FG19: -2.43 | FH19: 1.35 | FI19: 1.53 | FJ19: 1.89 | FK19: 0 | FL19: 2.25
A20: 02:00 - 02:15 | B20: -20.2 | C20: 1270.79 | E20: 02:00 - 02:15 | F20: -7.6 | G20: 951.86 | H20: 4 | I20: 0 | J20: 8.38 | K20: 5.05 | L20: 2.67 | M20: 0.76 | N20: 2.38 | O20: 8.57 | P20: 0 | Q20: 2.67 | R20: 5.71 | S20: 5.24 | T20: 0 | U20: 0 | V20: 24.27 | W20: 7.14 | X20: 5.71 | Y20: 6.66 | Z20: 1.9 | AA20: 3.81 | AB20: 0 | AC20: 2.86 | AD20: 5.52 | AE20: 4.28 | AF20: 1.05 | AG20: -0.6 | AH20: 0 | AI20: 14.28 | AJ20: 1.43 | AK20: 0.38 | AL20: 9.52 | AM20: 9.52 | AN20: 4.76 | AO20: 1.14 | AP20: 0 | AQ20: 10.66 | AR20: 13.14 | AS20: 0 | AT20: 0 | AU20: -4.9 | AV20: -4.8 | AW20: -2.3 | AX20: 1.43 | AY20: 1.62 | AZ20: 13.52 | BA20: 5.71 | BB20: 9.52 | BC20: 2.67 | BD20: 0 | BE20: 19.04 | BF20: 19.04 | BG20: 7.62 | BH20: 5.71 | BI20: 2 | BJ20: 14.28 | BK20: 0 | BL20: 0 | BM20: 12.37 | BN20: 14.28 | BO20: 0 | BP20: 13.33 | BQ20: 0.95 | BR20: 2.38 | BS20: 0 | BU20: 02:00 - 02:15 | BV20: -7.79 | BW20: 928.44 | BX20: 3.9 | BY20: 0 | BZ20: 8.17 | CA20: 4.93 | CB20: 2.6 | CC20: 0.74 | CD20: 2.32 | CE20: 8.36 | CF20: 0 | CG20: 2.6 | CH20: 5.57 | CI20: 5.11 | CJ20: 0 | CK20: 0 | CL20: 23.67 | CM20: 6.96 | CN20: 5.57 | CO20: 6.5 | CP20: 1.85 | CQ20: 3.72 | CR20: 0 | CS20: 2.79 | CT20: 5.38 | CU20: 4.17 | CV20: 1.02 | CW20: -0.62 | CX20: 0 | CY20: 13.93 | CZ20: 1.39 | DA20: 0.37 | DB20: 9.29 | DC20: 9.29 | DD20: 4.64 | DE20: 1.11 | DF20: 0 | DG20: 10.4 | DH20: 12.82 | DI20: 0 | DJ20: 0 | DK20: -5.02 | DL20: -4.92 | DM20: -2.36 | DN20: 1.39 | DO20: 1.58 | DP20: 13.19 | DQ20: 5.57 | DR20: 9.29 | DS20: 2.6 | DT20: 0 | DU20: 18.57 | DV20: 18.57 | DW20: 7.43 | DX20: 5.57 | DY20: 1.95 | DZ20: 13.93 | EA20: 0 | EB20: 0 | EC20: 12.07 | ED20: 13.93 | EE20: 0 | EF20: 13 | EG20: 0.93 | EH20: 2.32 | EI20: 0 | EK20: 02:00 - 02:15 | EL20: -8.03 | EM20: 3.78 | EN20: 7.93 | EO20: 2.52 | EP20: 0.72 | EQ20: 0 | ER20: 2.53 | ES20: 6.77 | ET20: 5.42 | EU20: 1.8 | EV20: 3.62 | EW20: 0 | EX20: 2.71 | EY20: 0.99 | EZ20: 1.35 | FA20: 4.51 | FB20: 1.08 | FC20: 0 | FD20: 0 | FE20: -5.17 | FF20: -5.07 | FG20: -2.43 | FH20: 1.35 | FI20: 1.53 | FJ20: 1.89 | FK20: 0 | FL20: 2.25
A21: 02:15 - 02:30 | B21: -21.2 | C21: 1270.79 | E21: 02:15 - 02:30 | F21: -7.6 | G21: 951.86 | H21: 4 | I21: 0 | J21: 8.38 | K21: 5.05 | L21: 2.67 | M21: 0.76 | N21: 2.38 | O21: 8.57 | P21: 0 | Q21: 2.67 | R21: 5.71 | S21: 5.24 | T21: 0 | U21: 0 | V21: 24.27 | W21: 7.14 | X21: 5.71 | Y21: 6.66 | Z21: 1.9 | AA21: 3.81 | AB21: 0 | AC21: 2.86 | AD21: 5.52 | AE21: 4.28 | AF21: 1.05 | AG21: -0.6 | AH21: 0 | AI21: 14.28 | AJ21: 1.43 | AK21: 0.38 | AL21: 9.52 | AM21: 9.52 | AN21: 4.76 | AO21: 1.14 | AP21: 0 | AQ21: 10.66 | AR21: 13.14 | AS21: 0 | AT21: 0 | AU21: -4.9 | AV21: -4.8 | AW21: -2.3 | AX21: 1.43 | AY21: 1.62 | AZ21: 13.52 | BA21: 5.71 | BB21: 9.52 | BC21: 2.67 | BD21: 0 | BE21: 19.04 | BF21: 19.04 | BG21: 7.62 | BH21: 5.71 | BI21: 2 | BJ21: 14.28 | BK21: 0 | BL21: 0 | BM21: 12.37 | BN21: 14.28 | BO21: -1 | BP21: 13.33 | BQ21: 0.95 | BR21: 2.38 | BS21: 0 | BU21: 02:15 - 02:30 | BV21: -7.79 | BW21: 928.44 | BX21: 3.9 | BY21: 0 | BZ21: 8.17 | CA21: 4.93 | CB21: 2.6 | CC21: 0.74 | CD21: 2.32 | CE21: 8.36 | CF21: 0 | CG21: 2.6 | CH21: 5.57 | CI21: 5.11 | CJ21: 0 | CK21: 0 | CL21: 23.67 | CM21: 6.96 | CN21: 5.57 | CO21: 6.5 | CP21: 1.85 | CQ21: 3.72 | CR21: 0 | CS21: 2.79 | CT21: 5.38 | CU21: 4.17 | CV21: 1.02 | CW21: -0.62 | CX21: 0 | CY21: 13.93 | CZ21: 1.39 | DA21: 0.37 | DB21: 9.29 | DC21: 9.29 | DD21: 4.64 | DE21: 1.11 | DF21: 0 | DG21: 10.4 | DH21: 12.82 | DI21: 0 | DJ21: 0 | DK21: -5.02 | DL21: -4.92 | DM21: -2.36 | DN21: 1.39 | DO21: 1.58 | DP21: 13.19 | DQ21: 5.57 | DR21: 9.29 | DS21: 2.6 | DT21: 0 | DU21: 18.57 | DV21: 18.57 | DW21: 7.43 | DX21: 5.57 | DY21: 1.95 | DZ21: 13.93 | EA21: 0 | EB21: 0 | EC21: 12.07 | ED21: 13.93 | EE21: -1.03 | EF21: 13 | EG21: 0.93 | EH21: 2.32 | EI21: 0 | EK21: 02:15 - 02:30 | EL21: -8.03 | EM21: 3.78 | EN21: 7.93 | EO21: 2.52 | EP21: 0.72 | EQ21: 0 | ER21: 2.53 | ES21: 6.77 | ET21: 5.42 | EU21: 1.8 | EV21: 3.62 | EW21: 0 | EX21: 2.71 | EY21: 0.99 | EZ21: 1.35 | FA21: 4.51 | FB21: 1.08 | FC21: 0 | FD21: 0 | FE21: -5.17 | FF21: -5.07 | FG21: -2.43 | FH21: 1.35 | FI21: 1.53 | FJ21: 1.89 | FK21: 0 | FL21: 2.25
A22: 02:30 - 02:45 | B22: -21.7 | C22: 1270.79 | E22: 02:30 - 02:45 | F22: -7.6 | G22: 951.86 | H22: 4 | I22: 0 | J22: 8.38 | K22: 5.05 | L22: 2.67 | M22: 0.76 | N22: 2.38 | O22: 8.57 | P22: 0 | Q22: 2.67 | R22: 5.71 | S22: 5.24 | T22: 0 | U22: 0 | V22: 24.27 | W22: 7.14 | X22: 5.71 | Y22: 6.66 | Z22: 1.9 | AA22: 3.81 | AB22: 0 | AC22: 2.86 | AD22: 5.52 | AE22: 4.28 | AF22: 1.05 | AG22: -0.6 | AH22: 0 | AI22: 14.28 | AJ22: 1.43 | AK22: 0.38 | AL22: 9.52 | AM22: 9.52 | AN22: 4.76 | AO22: 1.14 | AP22: 0 | AQ22: 10.66 | AR22: 13.14 | AS22: 0 | AT22: 0 | AU22: -4.9 | AV22: -4.8 | AW22: -2.3 | AX22: 1.43 | AY22: 1.62 | AZ22: 13.52 | BA22: 5.71 | BB22: 9.52 | BC22: 2.67 | BD22: 0 | BE22: 19.04 | BF22: 19.04 | BG22: 7.62 | BH22: 5.71 | BI22: 2 | BJ22: 14.28 | BK22: 0 | BL22: 0 | BM22: 12.37 | BN22: 14.28 | BO22: -1.5 | BP22: 13.33 | BQ22: 0.95 | BR22: 2.38 | BS22: 0 | BU22: 02:30 - 02:45 | BV22: -7.79 | BW22: 928.44 | BX22: 3.9 | BY22: 0 | BZ22: 8.17 | CA22: 4.93 | CB22: 2.6 | CC22: 0.74 | CD22: 2.32 | CE22: 8.36 | CF22: 0 | CG22: 2.6 | CH22: 5.57 | CI22: 5.11 | CJ22: 0 | CK22: 0 | CL22: 23.67 | CM22: 6.96 | CN22: 5.57 | CO22: 6.5 | CP22: 1.85 | CQ22: 3.72 | CR22: 0 | CS22: 2.79 | CT22: 5.38 | CU22: 4.17 | CV22: 1.02 | CW22: -0.62 | CX22: 0 | CY22: 13.93 | CZ22: 1.39 | DA22: 0.37 | DB22: 9.29 | DC22: 9.29 | DD22: 4.64 | DE22: 1.11 | DF22: 0 | DG22: 10.4 | DH22: 12.82 | DI22: 0 | DJ22: 0 | DK22: -5.02 | DL22: -4.92 | DM22: -2.36 | DN22: 1.39 | DO22: 1.58 | DP22: 13.19 | DQ22: 5.57 | DR22: 9.29 | DS22: 2.6 | DT22: 0 | DU22: 18.57 | DV22: 18.57 | DW22: 7.43 | DX22: 5.57 | DY22: 1.95 | DZ22: 13.93 | EA22: 0 | EB22: 0 | EC22: 12.07 | ED22: 13.93 | EE22: -1.54 | EF22: 13 | EG22: 0.93 | EH22: 2.32 | EI22: 0 | EK22: 02:30 - 02:45 | EL22: -8.03 | EM22: 3.78 | EN22: 7.93 | EO22: 2.52 | EP22: 0.72 | EQ22: 0 | ER22: 2.53 | ES22: 6.77 | ET22: 5.42 | EU22: 1.8 | EV22: 3.62 | EW22: 0 | EX22: 2.71 | EY22: 0.99 | EZ22: 1.35 | FA22: 4.51 | FB22: 1.08 | FC22: 0 | FD22: 0 | FE22: -5.17 | FF22: -5.07 | FG22: -2.43 | FH22: 1.35 | FI22: 1.53 | FJ22: 1.89 | FK22: 0 | FL22: 2.25
A23: 02:45 - 03:00 | B23: -21.9 | C23: 1274.59 | E23: 02:45 - 03:00 | F23: -7.6 | G23: 951.85 | H23: 4 | I23: 0 | J23: 8.38 | K23: 5.05 | L23: 2.67 | M23: 0.76 | N23: 2.38 | O23: 8.57 | P23: 0 | Q23: 2.67 | R23: 5.71 | S23: 5.24 | T23: 0 | U23: 0 | V23: 24.27 | W23: 7.14 | X23: 5.71 | Y23: 6.66 | Z23: 1.9 | AA23: 3.81 | AB23: 0 | AC23: 2.86 | AD23: 5.52 | AE23: 4.28 | AF23: 1.05 | AG23: -0.6 | AH23: 0 | AI23: 14.28 | AJ23: 1.43 | AK23: 0.38 | AL23: 9.52 | AM23: 9.52 | AN23: 4.76 | AO23: 1.14 | AP23: 0 | AQ23: 10.66 | AR23: 13.14 | AS23: 3.81 | AT23: 0 | AU23: -4.9 | AV23: -4.8 | AW23: -2.3 | AX23: 1.43 | AY23: 1.62 | AZ23: 13.52 | BA23: 5.71 | BB23: 9.52 | BC23: 2.67 | BD23: 0 | BE23: 19.04 | BF23: 19.04 | BG23: 7.62 | BH23: 5.71 | BI23: 2 | BJ23: 14.28 | BK23: 0 | BL23: 0 | BM23: 12.37 | BN23: 14.28 | BO23: -1.7 | BP23: 13.33 | BQ23: 0.95 | BR23: 2.38 | BS23: 0 | BU23: 02:45 - 03:00 | BV23: -7.79 | BW23: 928.43 | BX23: 3.9 | BY23: 0 | BZ23: 8.17 | CA23: 4.93 | CB23: 2.6 | CC23: 0.74 | CD23: 2.32 | CE23: 8.36 | CF23: 0 | CG23: 2.6 | CH23: 5.57 | CI23: 5.11 | CJ23: 0 | CK23: 0 | CL23: 23.67 | CM23: 6.96 | CN23: 5.57 | CO23: 6.5 | CP23: 1.85 | CQ23: 3.72 | CR23: 0 | CS23: 2.79 | CT23: 5.38 | CU23: 4.17 | CV23: 1.02 | CW23: -0.62 | CX23: 0 | CY23: 13.93 | CZ23: 1.39 | DA23: 0.37 | DB23: 9.29 | DC23: 9.29 | DD23: 4.64 | DE23: 1.11 | DF23: 0 | DG23: 10.4 | DH23: 12.82 | DI23: 3.72 | DJ23: 0 | DK23: -5.02 | DL23: -4.92 | DM23: -2.36 | DN23: 1.39 | DO23: 1.58 | DP23: 13.19 | DQ23: 5.57 | DR23: 9.29 | DS23: 2.6 | DT23: 0 | DU23: 18.57 | DV23: 18.57 | DW23: 7.43 | DX23: 5.57 | DY23: 1.95 | DZ23: 13.93 | EA23: 0 | EB23: 0 | EC23: 12.07 | ED23: 13.93 | EE23: -1.74 | EF23: 13 | EG23: 0.93 | EH23: 2.32 | EI23: 0 | EK23: 02:45 - 03:00 | EL23: -8.03 | EM23: 3.78 | EN23: 7.93 | EO23: 2.52 | EP23: 0.72 | EQ23: 0 | ER23: 2.53 | ES23: 6.77 | ET23: 5.42 | EU23: 1.8 | EV23: 3.62 | EW23: 0 | EX23: 2.71 | EY23: 0.99 | EZ23: 1.35 | FA23: 4.51 | FB23: 1.08 | FC23: 0 | FD23: 3.61 | FE23: -5.17 | FF23: -5.07 | FG23: -2.43 | FH23: 1.35 | FI23: 1.53 | FJ23: 1.89 | FK23: 0 | FL23: 2.25
... A108: Total(In MWh) | B108: -1441.25 | C108: 11963.653 | E108: Total Buy(In MWh) | F108: 0 | G108: 9375.805 | H108: 11 | I108: 0 | J108: 50.28 | K108: 32.825 | L108: 16.02 | M108: 4.21 | N108: 21.6275 | O108: 38.565 | P108: 0.6675 | Q108: 5.34 | R108: 21.9725 | S108: 42.835 | T108: 0 | U108: 4.925 | V108: 292.5525 | W108: 57.12 | X108: 74.0925 | Y108: 29.97 | Z108: 11.5675 | AA108: 13.335 | AB108: 0 | AC108: 30.795 | AD108: 18.48 | AE108: 46.01 | AF108: 13.885 | AG108: 0 | AH108: 0 | AI108: 181.5825 | AJ108: 4.29 | AK108: 1.9 | AL108: 19.04 | AM108: 61.88 | AN108: 77.935 | AO108: 9.1725 | AP108: 10.56 | AQ108: 108.6275 | AR108: 154.47 | AS108: 2.0225 | AT108: 2.38 | AU108: 0 | AV108: 0 | AW108: 0 | AX108: 3.9325 | AY108: 5.265 | AZ108: 112.215 | BA108: 52.47 | BB108: 61.88 | BC108: 36.5825 | BD108: 17.5875 | BE108: 92.5775 | BF108: 110.195 | BG108: 38.1 | BH108: 69.545 | BI108: 12 | BJ108: 139.23 | BK108: 0 | BL108: 0 | BM108: 37.11 | BN108: 234.125 | BO108: 0 | BP108: 49.9875 | BQ108: 6.9525 | BR108: 26.4125 | BS108: 9.745 | BU108: Total Buy(In MWh) | BV108: 0 | BW108: 9145.155 | BX108: 10.725 | BY108: 0 | BZ108: 49.02 | CA108: 32.045 | CB108: 15.6 | CC108: 4.1 | CD108: 21.1 | CE108: 37.62 | CF108: 0.65 | CG108: 5.2 | CH108: 21.4325 | CI108: 41.7775 | CJ108: 0 | CK108: 4.805 | CL108: 285.3225 | CM108: 55.68 | CN108: 72.275 | CO108: 29.25 | CP108: 11.265 | CQ108: 13.02 | CR108: 0 | CS108: 30.0375 | CT108: 18.0125 | CU108: 44.8275 | CV108: 13.49 | CW108: 0 | CX108: 0 | CY108: 177.14 | CZ108: 4.17 | DA108: 1.85 | DB108: 18.58 | DC108: 60.385 | DD108: 75.97 | DE108: 8.9375 | DF108: 10.305 | DG108: 105.9725 | DH108: 150.68 | DI108: 1.9725 | DJ108: 2.3225 | DK108: 0 | DL108: 0 | DM108: 0 | DN108: 3.8225 | DO108: 5.135 | DP108: 109.465 | DQ108: 51.165 | DR108: 60.385 | DS108: 35.665 | DT108: 17.145 | DU108: 90.2925 | DV108: 107.475 | DW108: 37.15 | DX108: 67.84 | DY108: 11.7 | DZ108: 135.8175 | EA108: 0 | EB108: 0 | EC108: 36.21 | ED108: 228.37 | EE108: 0 | EF108: 48.75 | EG108: 6.7825 | EH108: 25.7525 | EI108: 9.505 | EK108: Total Buy(In MWh) | EL108: 0 | EM108: 10.395 | EN108: 47.58 | EO108: 15.12 | EP108: 3.9825 | EQ108: 0.6325 | ER108: 5.06 | ES108: 54.16 | ET108: 70.3275 | EU108: 10.96 | EV108: 12.67 | EW108: 0 | EX108: 29.2025 | EY108: 13.0925 | EZ108: 4.05 | FA108: 73.8425 | FB108: 8.695 | FC108: 10.005 | FD108: 1.915 | FE108: 0 | FF108: 0 | FG108: 0 | FH108: 3.7125 | FI108: 4.9725 | FJ108: 11.34 | FK108: 0 | FL108: 24.985
E109: Total Sell(In MWh) | F109: -182.4 | G109: -875 | H109: 0 | I109: -14.05 | J109: 0 | K109: 0 | L109: 0 | M109: 0 | N109: 0 | O109: 0 | P109: 0 | Q109: 0 | R109: 0 | S109: 0 | T109: -0.25 | U109: 0 | V109: 0 | W109: 0 | X109: 0 | Y109: 0 | Z109: 0 | AA109: 0 | AB109: -7.925 | AC109: 0 | AD109: 0 | AE109: 0 | AF109: 0 | AG109: -11.15 | AH109: -11.7 | AI109: 0 | AJ109: 0 | AK109: 0 | AL109: 0 | AM109: 0 | AN109: 0 | AO109: 0 | AP109: 0 | AQ109: 0 | AR109: 0 | AS109: 0 | AT109: 0 | AU109: -117.6 | AV109: -115.2 | AW109: -55.2 | AX109: 0 | AY109: 0 | AZ109: 0 | BA109: 0 | BB109: 0 | BC109: 0 | BD109: 0 | BE109: 0 | BF109: 0 | BG109: 0 | BH109: 0 | BI109: 0 | BJ109: 0 | BK109: -0.6 | BL109: -33.75 | BM109: 0 | BN109: 0 | BO109: -16.425 | BP109: 0 | BQ109: 0 | BR109: 0 | BS109: 0 | BU109: Total Sell(In MWh) | BV109: -186.96 | BW109: -897.0675 | BX109: 0 | BY109: -14.4075 | BZ109: 0 | CA109: 0 | CB109: 0 | CC109: 0 | CD109: 0 | CE109: 0 | CF109: 0 | CG109: 0 | CH109: 0 | CI109: 0 | CJ109: -0.2625 | CK109: 0 | CL109: 0 | CM109: 0 | CN109: 0 | CO109: 0 | CP109: 0 | CQ109: 0 | CR109: -8.1325 | CS109: 0 | CT109: 0 | CU109: 0 | CV109: 0 | CW109: -11.495 | CX109: -12 | CY109: 0 | CZ109: 0 | DA109: 0 | DB109: 0 | DC109: 0 | DD109: 0 | DE109: 0 | DF109: 0 | DG109: 0 | DH109: 0 | DI109: 0 | DJ109: 0 | DK109: -120.48 | DL109: -118.08 | DM109: -56.64 | DN109: 0 | DO109: 0 | DP109: 0 | DQ109: 0 | DR109: 0 | DS109: 0 | DT109: 0 | DU109: 0 | DV109: 0 | DW109: 0 | DX109: 0 | DY109: 0 | DZ109: 0 | EA109: -0.6 | EB109: -34.56 | EC109: 0 | ED109: 0 | EE109: -16.85 | EF109: 0 | EG109: 0 | EH109: 0 | EI109: 0 | EK109: Total Sell(In MWh) | EL109: -192.72 | EM109: 0 | EN109: 0 | EO109: 0 | EP109: 0 | EQ109: 0 | ER109: 0 | ES109: 0 | ET109: 0 | EU109: 0 | EV109: 0 | EW109: -8.355 | EX109: 0 | EY109: 0 | EZ109: 0 | FA109: 0 | FB109: 0 | FC109: 0 | FD109: 0 | FE109: -124.08 | FF109: -121.68 | FG109: -58.32 | FH109: 0 | FI109: 0 | FJ109: 0 | FK109: -0.6 | FL109: 0
E110: Region Injection Loss : | F110: 0.00 -% | G110: 0.00 -% | H110: 0.00 -% | I110: 0.00 -% | J110: 0.00 -% | K110: 0.00 -% | L110: 0.00 -% | M110: 0.00 -% | N110: 0.00 -% | O110: 0.00 -% | P110: 0.00 -% | Q110: 0.00 -% | R110: 0.00 -% | S110: 0.00 -% | T110: 0.00 -% | U110: 0.00 -% | V110: 0.00 -% | W110: 0.00 -% | X110: 0.00 -% | Y110: 0.00 -% | Z110: 0.00 -% | AA110: 0.00 -% | AB110: 0.00 -% | AC110: 0.00 -% | AD110: 0.00 -% | AE110: 0.00 -% | AF110: 0.00 -% | AG110: 0.00 -% | AH110: 0.00 -% | AI110: 0.00 -% | AJ110: 0.00 -% | AK110: 0.00 -% | AL110: 0.00 -% | AM110: 0.00 -% | AN110: 0.00 -% | AO110: 0.00 -% | AP110: 0.00 -% | AQ110: 0.00 -% | AR110: 0.00 -% | AS110: 0.00 -% | AT110: 0.00 -% | AU110: 0.00 -% | AV110: 0.00 -% | AW110: 0.00 -% | AX110: 0.00 -% | AY110: 0.00 -% | AZ110: 0.00 -% | BA110: 0.00 -% | BB110: 0.00 -% | BC110: 0.00 -% | BD110: 0.00 -% | BE110: 0.00 -% | BF110: 0.00 -% | BG110: 0.00 -% | BH110: 0.00 -% | BI110: 0.00 -% | BJ110: 0.00 -% | BK110: 0.00 -% | BL110: 0.00 -% | BM110: 0.00 -% | BN110: 0.00 -% | BO110: 0.00 -% | BP110: 0.00 -% | BQ110: 0.00 -% | BR110: 0.00 -% | BS110: 0.00 -% | BU110: State Injection Loss : | BV110: 2.46 -% | BW110: 2.46 -% | BX110: 2.46 -% | BY110: 2.46 -% | BZ110: 2.46 -% | CA110: 2.46 -% | CB110: 2.46 -% | CC110: 2.46 -% | CD110: 2.46 -% | CE110: 2.46 -% | CF110: 2.46 -% | CG110: 2.46 -% | CH110: 2.46 -% | CI110: 2.46 -% | CJ110: 2.46 -% | CK110: 2.46 -% | CL110: 2.46 -% | CM110: 2.46 -% | CN110: 2.46 -% | CO110: 2.46 -% | CP110: 2.46 -% | CQ110: 2.46 -% | CR110: 2.46 -% | CS110: 2.46 -% | CT110: 2.46 -% | CU110: 2.46 -% | CV110: 2.46 -% | CW110: 2.46 -% | CX110: 2.46 -% | CY110: 2.46 -% | CZ110: 2.46 -% | DA110: 2.46 -% | DB110: 2.46 -% | DC110: 2.46 -% | DD110: 2.46 -% | DE110: 2.46 -% | DF110: 2.46 -% | DG110: 2.46 -% | DH110: 2.46 -% | DI110: 2.46 -% | DJ110: 2.46 -% | DK110: 2.46 -% | DL110: 2.46 -% | DM110: 2.46 -% | DN110: 2.46 -% | DO110: 2.46 -% | DP110: 2.46 -% | DQ110: 2.46 -% | DR110: 2.46 -% | DS110: 2.46 -% | DT110: 2.46 -% | DU110: 2.46 -% | DV110: 2.46 -% | DW110: 2.46 -% | DX110: 2.46 -% | DY110: 2.46 -% | DZ110: 2.46 -% | EA110: 2.46 -% | EB110: 2.46 -% | EC110: 2.46 -% | ED110: 2.46 -% | EE110: 2.46 -% | EF110: 2.46 -% | EG110: 2.46 -% | EH110: 2.46 -% | EI110: 2.46 -% | EK110: Area Injection Loss : | EL110: 2.98 -% | EM110: 2.98 -% | EN110: 2.98 -% | EO110: 2.98 -% | EP110: 2.98 -% | EQ110: 2.73 -% | ER110: 2.73 -% | ES110: 2.73 -% | ET110: 2.73 -% | EU110: 2.73 -% | EV110: 2.73 -% | EW110: 2.73 -% | EX110: 2.73 -% | EY110: 2.73 -% | EZ110: 2.73 -% | FA110: 2.73 -% | FB110: 2.98 -% | FC110: 2.98 -% | FD110: 2.98 -% | FE110: 2.98 -% | FF110: 2.98 -% | FG110: 2.98 -% | FH110: 2.98 -% | FI110: 2.98 -% | FJ110: 2.98 -% | FK110: 2.98 -% | FL110: 2.98 -%
E111: Region Drawal Loss : | F111: 4.81 -% | G111: 4.81 -% | H111: 4.81 -% | I111: 4.81 -% | J111: 4.81 -% | K111: 4.81 -% | L111: 4.81 -% | M111: 4.81 -% | N111: 4.81 -% | O111: 4.81 -% | P111: 4.81 -% | Q111: 4.81 -% | R111: 4.81 -% | S111: 4.81 -% | T111: 4.81 -% | U111: 4.81 -% | V111: 4.81 -% | W111: 4.81 -% | X111: 4.81 -% | Y111: 4.81 -% | Z111: 4.81 -% | AA111: 4.81 -% | AB111: 4.81 -% | AC111: 4.81 -% | AD111: 4.81 -% | AE111: 4.81 -% | AF111: 4.81 -% | AG111: 4.81 -% | AH111: 4.81 -% | AI111: 4.81 -% | AJ111: 4.81 -% | AK111: 4.81 -% | AL111: 4.81 -% | AM111: 4.81 -% | AN111: 4.81 -% | AO111: 4.81 -% | AP111: 4.81 -% | AQ111: 4.81 -% | AR111: 4.81 -% | AS111: 4.81 -% | AT111: 4.81 -% | AU111: 4.81 -% | AV111: 4.81 -% | AW111: 4.81 -% | AX111: 4.81 -% | AY111: 4.81 -% | AZ111: 4.81 -% | BA111: 4.81 -% | BB111: 4.81 -% | BC111: 4.81 -% | BD111: 4.81 -% | BE111: 4.81 -% | BF111: 4.81 -% | BG111: 4.81 -% | BH111: 4.81 -% | BI111: 4.81 -% | BJ111: 4.81 -% | BK111: 4.81 -% | BL111: 4.81 -% | BM111: 4.81 -% | BN111: 4.81 -% | BO111: 4.81 -% | BP111: 4.81 -% | BQ111: 4.81 -% | BR111: 4.81 -% | BS111: 4.81 -% | BU111: State Drawal Loss : | BV111: 2.46 -% | BW111: 2.46 -% | BX111: 2.46 -% | BY111: 2.46 -% | BZ111: 2.46 -% | CA111: 2.46 -% | CB111: 2.46 -% | CC111: 2.46 -% | CD111: 2.46 -% | CE111: 2.46 -% | CF111: 2.46 -% | CG111: 2.46 -% | CH111: 2.46 -% | CI111: 2.46 -% | CJ111: 2.46 -% | CK111: 2.46 -% | CL111: 2.46 -% | CM111: 2.46 -% | CN111: 2.46 -% | CO111: 2.46 -% | CP111: 2.46 -% | CQ111: 2.46 -% | CR111: 2.46 -% | CS111: 2.46 -% | CT111: 2.46 -% | CU111: 2.46 -% | CV111: 2.46 -% | CW111: 2.46 -% | CX111: 2.46 -% | CY111: 2.46 -% | CZ111: 2.46 -% | DA111: 2.46 -% | DB111: 2.46 -% | DC111: 2.46 -% | DD111: 2.46 -% | DE111: 2.46 -% | DF111: 2.46 -% | DG111: 2.46 -% | DH111: 2.46 -% | DI111: 2.46 -% | DJ111: 2.46 -% | DK111: 2.46 -% | DL111: 2.46 -% | DM111: 2.46 -% | DN111: 2.46 -% | DO111: 2.46 -% | DP111: 2.46 -% | DQ111: 2.46 -% | DR111: 2.46 -% | DS111: 2.46 -% | DT111: 2.46 -% | DU111: 2.46 -% | DV111: 2.46 -% | DW111: 2.46 -% | DX111: 2.46 -% | DY111: 2.46 -% | DZ111: 2.46 -% | EA111: 2.46 -% | EB111: 2.46 -% | EC111: 2.46 -% | ED111: 2.46 -% | EE111: 2.46 -% | EF111: 2.46 -% | EG111: 2.46 -% | EH111: 2.46 -% | EI111: 2.46 -% | EK111: Area Drawal Loss : | EL111: 2.98 -% | EM111: 2.98 -% | EN111: 2.98 -% | EO111: 2.98 -% | EP111: 2.98 -% | EQ111: 2.73 -% | ER111: 2.73 -% | ES111: 2.73 -% | ET111: 2.73 -% | EU111: 2.73 -% | EV111: 2.73 -% | EW111: 2.73 -% | EX111: 2.73 -% | EY111: 2.73 -% | EZ111: 2.73 -% | FA111: 2.73 -% | FB111: 2.98 -% | FC111: 2.98 -% | FD111: 2.98 -% | FE111: 2.98 -% | FF111: 2.98 -% | FG111: 2.98 -% | FH111: 2.98 -% | FI111: 2.98 -% | FJ111: 2.98 -% | FK111: 2.98 -% | FL111: 2.98 -%
BU112: Only for Portfolios where state losses are externalised | EK112: Only for Portfolios where Area losses are externalised
A113: *Note: This information is only for indicative purposes.

Sheet IEX
A1: Name of Regional Entity: | C1: ANDHRA PRADESH
A2: Code of Regional Entity: | C2: S0RAP0
A4: Issue Date: | C4: 46033
A5: Issue Time: | C5: 0.51319444
A6: Scheduling Request for: | C6: 46034
A7: *All figures are in MW
A9: Summary of injection/drawal for scheduling of Collective transaction through Power Exchange with Regional Losses (At Regional Entity Periphery) | E9: Portfoliowise Details of injection(-)/ Drawal(+) with Regional losses (At Regional Entity Periphery) | BG9: Portfoliowise Details of injection(-)/ Drawal(+) with Regional and State losses* | DI9: Portfoliowise Details of injection(-)/ Drawal(+) with Area losses*
A10: Time Period | B10: Sum of Injection(-) by all entities within the state | C10: Sum of Drawal(+) by all entities within the state | E10: Time Period | F10: SP_Zuari_Cement_Limited_Kadapa | G10: CP_Andhra_Pradesh_Central_Power_Distribution_Corporation_Limited | H10: CP_Bhagiradha_Chemicals_&_Industries_Ltd_ONG_192 | I10: CP_JC_Biotech_Private_Limited_(ONG_352) | J10: CP_The_K_C_P_Limited_VJA_3035 | K10: EP_Andhra_Organics_Limited_SKL247 | L10: EP_Apitoria_Pharma_Private_Limited_SKL139 | M10: EP_Coromandel_International_Limited | N10: EP_Coromandel_International_Ltd_(VSP_166) | O10: EP_Gland_Pharma_Limited_(VSP_576) | P10: EP_HBL_Power_Systems_Ltd_(VZM_156) | Q10: EP_Laurus_Labs_Limited_VSP_1267 | R10: EP_Laurus_Labs_Pvt_Ltd_(VSP_554) | S10: EP_Lyfius_Pharma_Private_Limited_RJY1906 | T10: EP_Matrix_Pharmacorp_Private_Limited | U10: EP_Matrix_Pharmacorp_Private_Limited_Unit_8_G_Chodavaram | V10: EP_NACL_Industries_Ltd_SKL_099 | W10: EP_Parry_Sugars_Refinery_India_Pvt_Ltd_RJY_848 | X10: EP_Sanvira_Industries_Limited_VSP_1200 | Y10: EP_Sarda_Metals_&_Alloys_Limited | Z10: EP_Steel_Exchange_India_Limited_VZM_124 | AA10: EP_Sundaram_Alloys_Limited_(VSP_1205) | AB10: EP_Tagoor_Laboratories_Private_Limited | AC10: SP_A_One_Ispat_Pvt_Limited_(ATP_461) | AD10: SP_Amara_Raja_Energy_And_Mobility_Limited_Unit_01 | AE10: SP_Amara_Raja_Energy_And_Mobility_Limited_Unit_02 | AF10: SP_Electrosteel_Castings_Limited_(Ferro_Alloys_Division)_TPT_2547 | AG10: SP_Electrosteel_Castings_Limited_TPT_230 | AH10: SP_Grindwell_Norton_Ltd_TPT051 | AI10: SP_Hindustan_Petroleum_Corporation_Limited_VSP_2123 | AJ10: SP_Hindusthan_National_Glasses_&_Industries_Ltd_TPT3265 | AK10: SP_Mangal_Industries_Limited_TPT288 | AL10: SP_Ramya_Spinning_Mills_Pvt_Ltd_Ganapavaram_CRD_663 | AM10: SP_SEIL_Energy_India_Limited_Project_2_(Unit 2 STU) | AN10: SP_Sagar_Grandhi_Exports_Private_Limited | AO10: SP_Sree_Rayalaseema_Alkalies_And_Allied_Chemicals_Ltd_(KNL_179) | AP10: SP_Sree_Rayalaseema_HI_Strength_Hypo_Limited_KNL_1181 | AQ10: SP_Sugna_Sponge_And_Power_Private_Limited_NDL382 | AR10: SP_Tadas_Wind_Energy_Private_Limited | AS10: SP_Vaayu_India_Power_Corporation_Private_Limited_Phase_I | AT10: SP_Vaayu_India_Power_Corporation_Private_Limited_Phase_II | AU10: SP_Vaayu_India_Power_Corporation_Private_Limited_Phase_III | AV10: SP_Vaayu_India_Power_Corporation_Private_Limited_Phase_IV | AW10: SP_Vaayu_India_Power_Corporation_Private_Limited_Phase_V | AX10: SP_Vaayu_India_Power_Corporation_Private_Limited_Phase_VI | AY10: SP_Vaayu_India_Power_Corporation_Private_Limited_Phase_VII | AZ10: SP_Vish_Wind_Infrastrukture_LLP_Phase_1 | BA10: SP_Vish_Wind_Infrastrukture_LLP_Phase_2 | BB10: SP_Vish_Wind_Infrastrukture_LLP_Phase_3 | BC10: SP_Vish_Wind_Infrastrukture_LLP_Phase_III_Ankireddypalli | BD10: SP_Vish_Wind_Infrastrukture_LLP_Phase_II_Ankireddypalli | BE10: SP_Vish_Wind_Infrastrukture_LLP_Phase_IV_Ankireddypalli | BG10: Time Period | BH10: SP_Zuari_Cement_Limited_Kadapa | BI10: CP_Andhra_Pradesh_Central_Power_Distribution_Corporation_Limited | BJ10: CP_Bhagiradha_Chemicals_&_Industries_Ltd_ONG_192 | BK10: CP_JC_Biotech_Private_Limited_(ONG_352) | BL10: CP_The_K_C_P_Limited_VJA_3035 | BM10: EP_Andhra_Organics_Limited_SKL247 | BN10: EP_Apitoria_Pharma_Private_Limited_SKL139 | BO10: EP_Coromandel_International_Limited | BP10: EP_Coromandel_International_Ltd_(VSP_166) | BQ10: EP_Gland_Pharma_Limited_(VSP_576) | BR10: EP_HBL_Power_Systems_Ltd_(VZM_156) | BS10: EP_Laurus_Labs_Limited_VSP_1267 | BT10: EP_Laurus_Labs_Pvt_Ltd_(VSP_554) | BU10: EP_Lyfius_Pharma_Private_Limited_RJY1906 | BV10: EP_Matrix_Pharmacorp_Private_Limited | BW10: EP_Matrix_Pharmacorp_Private_Limited_Unit_8_G_Chodavaram | BX10: EP_NACL_Industries_Ltd_SKL_099 | BY10: EP_Parry_Sugars_Refinery_India_Pvt_Ltd_RJY_848 | BZ10: EP_Sanvira_Industries_Limited_VSP_1200 | CA10: EP_Sarda_Metals_&_Alloys_Limited | CB10: EP_Steel_Exchange_India_Limited_VZM_124 | CC10: EP_Sundaram_Alloys_Limited_(VSP_1205) | CD10: EP_Tagoor_Laboratories_Private_Limited | CE10: SP_A_One_Ispat_Pvt_Limited_(ATP_461) | CF10: SP_Amara_Raja_Energy_And_Mobility_Limited_Unit_01 | CG10: SP_Amara_Raja_Energy_And_Mobility_Limited_Unit_02 | CH10: SP_Electrosteel_Castings_Limited_(Ferro_Alloys_Division)_TPT_2547 | CI10: SP_Electrosteel_Castings_Limited_TPT_230 | CJ10: SP_Grindwell_Norton_Ltd_TPT051 | CK10: SP_Hindustan_Petroleum_Corporation_Limited_VSP_2123 | CL10: SP_Hindusthan_National_Glasses_&_Industries_Ltd_TPT3265 | CM10: SP_Mangal_Industries_Limited_TPT288 | CN10: SP_Ramya_Spinning_Mills_Pvt_Ltd_Ganapavaram_CRD_663 | CO10: SP_SEIL_Energy_India_Limited_Project_2_(Unit 2 STU) | CP10: SP_Sagar_Grandhi_Exports_Private_Limited | CQ10: SP_Sree_Rayalaseema_Alkalies_And_Allied_Chemicals_Ltd_(KNL_179) | CR10: SP_Sree_Rayalaseema_HI_Strength_Hypo_Limited_KNL_1181 | CS10: SP_Sugna_Sponge_And_Power_Private_Limited_NDL382 | CT10: SP_Tadas_Wind_Energy_Private_Limited | CU10: SP_Vaayu_India_Power_Corporation_Private_Limited_Phase_I | CV10: SP_Vaayu_India_Power_Corporation_Private_Limited_Phase_II | CW10: SP_Vaayu_India_Power_Corporation_Private_Limited_Phase_III | CX10: SP_Vaayu_India_Power_Corporation_Private_Limited_Phase_IV | CY10: SP_Vaayu_India_Power_Corporation_Private_Limited_Phase_V | CZ10: SP_Vaayu_India_Power_Corporation_Private_Limited_Phase_VI | DA10: SP_Vaayu_India_Power_Corporation_Private_Limited_Phase_VII | DB10: SP_Vish_Wind_Infrastrukture_LLP_Phase_1 | DC10: SP_Vish_Wind_Infrastrukture_LLP_Phase_2 | DD10: SP_Vish_Wind_Infrastrukture_LLP_Phase_3 | DE10: SP_Vish_Wind_Infrastrukture_LLP_Phase_III_Ankireddypalli | DF10: SP_Vish_Wind_Infrastrukture_LLP_Phase_II_Ankireddypalli | DG10: SP_Vish_Wind_Infrastrukture_LLP_Phase_IV_Ankireddypalli | DI10: Time Period | DJ10: CP_Bhagiradha_Chemicals_&_Industries_Ltd_ONG_192 | DK10: CP_JC_Biotech_Private_Limited_(ONG_352) | DL10: EP_Andhra_Organics_Limited_SKL247 | DM10: EP_Gland_Pharma_Limited_(VSP_576) | DN10: EP_HBL_Power_Systems_Ltd_(VZM_156) | DO10: EP_Laurus_Labs_Limited_VSP_1267 | DP10: EP_Laurus_Labs_Pvt_Ltd_(VSP_554) | DQ10: EP_Matrix_Pharmacorp_Private_Limited | DR10: EP_Matrix_Pharmacorp_Private_Limited_Unit_8_G_Chodavaram | DS10: EP_NACL_Industries_Ltd_SKL_099 | DT10: EP_Tagoor_Laboratories_Private_Limited | DU10: SP_A_One_Ispat_Pvt_Limited_(ATP_461) | DV10: SP_Ramya_Spinning_Mills_Pvt_Ltd_Ganapavaram_CRD_663 | DW10: SP_Sagar_Grandhi_Exports_Private_Limited | DX10: SP_Sree_Rayalaseema_HI_Strength_Hypo_Limited_KNL_1181 | DY10: SP_Sugna_Sponge_And_Power_Private_Limited_NDL382
A11: 00:00 - 00:15 | B11: -31.4 | C11: 206.66 | E11: 00:00 - 00:15 | F11: 11.42 | G11: 0 | H11: 2.86 | I11: 1.14 | J11: 0 | K11: 0 | L11: 0 | M11: 0 | N11: 3.81 | O11: 0 | P11: 2.19 | Q11: 5.52 | R11: 5.71 | S11: 0 | T11: 0.67 | U11: 2.19 | V11: 2.67 | W11: -0.9 | X11: -5.5 | Y11: -2.4 | Z11: -3 | AA11: 19.04 | AB11: 0 | AC11: 7.04 | AD11: 3.62 | AE11: 13.52 | AF11: 0 | AG11: 0 | AH11: 3.33 | AI11: 38.55 | AJ11: 7.14 | AK11: 0.95 | AL11: 0.57 | AM11: 0 | AN11: 0 | AO11: 71.39 | AP11: 3.33 | AQ11: 0 | AR11: -9.7 | AS11: -0.5 | AT11: -0.5 | AU11: -0.5 | AV11: -1.3 | AW11: -0.5 | AX11: -1.1 | AY11: -1.5 | AZ11: -2.3 | BA11: -0.7 | BB11: -0.2 | BC11: -0.2 | BD11: -0.4 | BE11: -0.2 | BG11: 00:00 - 00:15 | BH11: 11.14 | BI11: 0 | BJ11: 2.79 | BK11: 1.11 | BL11: 0 | BM11: 0 | BN11: 0 | BO11: 0 | BP11: 3.72 | BQ11: 0 | BR11: 2.14 | BS11: 5.38 | BT11: 5.57 | BU11: 0 | BV11: 0.65 | BW11: 2.14 | BX11: 2.6 | BY11: -0.92 | BZ11: -5.64 | CA11: -2.46 | CB11: -3.08 | CC11: 18.57 | CD11: 0 | CE11: 6.87 | CF11: 3.53 | CG11: 13.19 | CH11: 0 | CI11: 0 | CJ11: 3.25 | CK11: 37.6 | CL11: 6.96 | CM11: 0.93 | CN11: 0.56 | CO11: 0 | CP11: 0 | CQ11: 69.63 | CR11: 3.25 | CS11: 0 | CT11: -9.94 | CU11: -0.51 | CV11: -0.51 | CW11: -0.51 | CX11: -1.33 | CY11: -0.51 | CZ11: -1.13 | DA11: -1.54 | DB11: -2.36 | DC11: -0.72 | DD11: -0.21 | DE11: -0.21 | DF11: -0.41 | DG11: -0.21 | DI11: 00:00 - 00:15 | DJ11: 2.71 | DK11: 1.08 | DL11: 0 | DM11: 0 | DN11: 2.08 | DO11: 5.23 | DP11: 5.42 | DQ11: 0.63 | DR11: 2.08 | DS11: 2.53 | DT11: 0 | DU11: 6.67 | DV11: 0.54 | DW11: 0 | DX11: 3.15 | DY11: 0
A12: 00:15 - 00:30 | B12: -30.3 | C12: 206.66 | E12: 00:15 - 00:30 | F12: 11.42 | G12: 0 | H12: 2.86 | I12: 1.14 | J12: 0 | K12: 0 | L12: 0 | M12: 0 | N12: 3.81 | O12: 0 | P12: 2.19 | Q12: 5.52 | R12: 5.71 | S12: 0 | T12: 0.67 | U12: 2.19 | V12: 2.67 | W12: -0.9 | X12: -5.5 | Y12: -2.4 | Z12: -3 | AA12: 19.04 | AB12: 0 | AC12: 7.04 | AD12: 3.62 | AE12: 13.52 | AF12: 0 | AG12: 0 | AH12: 3.33 | AI12: 38.55 | AJ12: 7.14 | AK12: 0.95 | AL12: 0.57 | AM12: 0 | AN12: 0 | AO12: 71.39 | AP12: 3.33 | AQ12: 0 | AR12: -9 | AS12: -0.5 | AT12: -0.5 | AU12: -0.5 | AV12: -1.2 | AW12: -0.5 | AX12: -1 | AY12: -1.4 | AZ12: -2.2 | BA12: -0.7 | BB12: -0.2 | BC12: -0.2 | BD12: -0.4 | BE12: -0.2 | BG12: 00:15 - 00:30 | BH12: 11.14 | BI12: 0 | BJ12: 2.79 | BK12: 1.11 | BL12: 0 | BM12: 0 | BN12: 0 | BO12: 0 | BP12: 3.72 | BQ12: 0 | BR12: 2.14 | BS12: 5.38 | BT12: 5.57 | BU12: 0 | BV12: 0.65 | BW12: 2.14 | BX12: 2.6 | BY12: -0.92 | BZ12: -5.64 | CA12: -2.46 | CB12: -3.08 | CC12: 18.57 | CD12: 0 | CE12: 6.87 | CF12: 3.53 | CG12: 13.19 | CH12: 0 | CI12: 0 | CJ12: 3.25 | CK12: 37.6 | CL12: 6.96 | CM12: 0.93 | CN12: 0.56 | CO12: 0 | CP12: 0 | CQ12: 69.63 | CR12: 3.25 | CS12: 0 | CT12: -9.23 | CU12: -0.51 | CV12: -0.51 | CW12: -0.51 | CX12: -1.23 | CY12: -0.51 | CZ12: -1.03 | DA12: -1.44 | DB12: -2.26 | DC12: -0.72 | DD12: -0.21 | DE12: -0.21 | DF12: -0.41 | DG12: -0.21 | DI12: 00:15 - 00:30 | DJ12: 2.71 | DK12: 1.08 | DL12: 0 | DM12: 0 | DN12: 2.08 | DO12: 5.23 | DP12: 5.42 | DQ12: 0.63 | DR12: 2.08 | DS12: 2.53 | DT12: 0 | DU12: 6.67 | DV12: 0.54 | DW12: 0 | DX12: 3.15 | DY12: 0
A13: 00:30 - 00:45 | B13: -28.5 | C13: 204.47 | E13: 00:30 - 00:45 | F13: 11.42 | G13: 0 | H13: 2.86 | I13: 1.14 | J13: 0 | K13: 0 | L13: 0 | M13: 0 | N13: 3.81 | O13: 0 | P13: 0 | Q13: 5.52 | R13: 5.71 | S13: 0 | T13: 0.67 | U13: 2.19 | V13: 2.67 | W13: -0.9 | X13: -5.5 | Y13: -2.4 | Z13: -3 | AA13: 19.04 | AB13: 0 | AC13: 7.04 | AD13: 3.62 | AE13: 13.52 | AF13: 0 | AG13: 0 | AH13: 3.33 | AI13: 38.55 | AJ13: 7.14 | AK13: 0.95 | AL13: 0.57 | AM13: 0 | AN13: 0 | AO13: 71.39 | AP13: 3.33 | AQ13: 0 | AR13: -7.4 | AS13: -0.5 | AT13: -0.5 | AU13: -0.5 | AV13: -1.2 | AW13: -0.5 | AX13: -1 | AY13: -1.3 | AZ13: -2.2 | BA13: -0.6 | BB13: -0.2 | BC13: -0.2 | BD13: -0.4 | BE13: -0.2 | BG13: 00:30 - 00:45 | BH13: 11.14 | BI13: 0 | BJ13: 2.79 | BK13: 1.11 | BL13: 0 | BM13: 0 | BN13: 0 | BO13: 0 | BP13: 3.72 | BQ13: 0 | BR13: 0 | BS13: 5.38 | BT13: 5.57 | BU13: 0 | BV13: 0.65 | BW13: 2.14 | BX13: 2.6 | BY13: -0.92 | BZ13: -5.64 | CA13: -2.46 | CB13: -3.08 | CC13: 18.57 | CD13: 0 | CE13: 6.87 | CF13: 3.53 | CG13: 13.19 | CH13: 0 | CI13: 0 | CJ13: 3.25 | CK13: 37.6 | CL13: 6.96 | CM13: 0.93 | CN13: 0.56 | CO13: 0 | CP13: 0 | CQ13: 69.63 | CR13: 3.25 | CS13: 0 | CT13: -7.59 | CU13: -0.51 | CV13: -0.51 | CW13: -0.51 | CX13: -1.23 | CY13: -0.51 | CZ13: -1.03 | DA13: -1.33 | DB13: -2.26 | DC13: -0.62 | DD13: -0.21 | DE13: -0.21 | DF13: -0.41 | DG13: -0.21 | DI13: 00:30 - 00:45 | DJ13: 2.71 | DK13: 1.08 | DL13: 0 | DM13: 0 | DN13: 0 | DO13: 5.23 | DP13: 5.42 | DQ13: 0.63 | DR13: 2.08 | DS13: 2.53 | DT13: 0 | DU13: 6.67 | DV13: 0.54 | DW13: 0 | DX13: 3.15 | DY13: 0
A14: 00:45 - 01:00 | B14: -28.1 | C14: 206.66 | E14: 00:45 - 01:00 | F14: 11.42 | G14: 0 | H14: 2.86 | I14: 1.14 | J14: 0 | K14: 0 | L14: 0 | M14: 0 | N14: 3.81 | O14: 0 | P14: 2.19 | Q14: 5.52 | R14: 5.71 | S14: 0 | T14: 0.67 | U14: 2.19 | V14: 2.67 | W14: -0.9 | X14: -5.5 | Y14: -2.4 | Z14: -3 | AA14: 19.04 | AB14: 0 | AC14: 7.04 | AD14: 3.62 | AE14: 13.52 | AF14: 0 | AG14: 0 | AH14: 3.33 | AI14: 38.55 | AJ14: 7.14 | AK14: 0.95 | AL14: 0.57 | AM14: 0 | AN14: 0 | AO14: 71.39 | AP14: 3.33 | AQ14: 0 | AR14: -7 | AS14: -0.5 | AT14: -0.5 | AU14: -0.5 | AV14: -1.2 | AW14: -0.5 | AX14: -1.1 | AY14: -1.3 | AZ14: -2.1 | BA14: -0.6 | BB14: -0.2 | BC14: -0.2 | BD14: -0.4 | BE14: -0.2 | BG14: 00:45 - 01:00 | BH14: 11.14 | BI14: 0 | BJ14: 2.79 | BK14: 1.11 | BL14: 0 | BM14: 0 | BN14: 0 | BO14: 0 | BP14: 3.72 | BQ14: 0 | BR14: 2.14 | BS14: 5.38 | BT14: 5.57 | BU14: 0 | BV14: 0.65 | BW14: 2.14 | BX14: 2.6 | BY14: -0.92 | BZ14: -5.64 | CA14: -2.46 | CB14: -3.08 | CC14: 18.57 | CD14: 0 | CE14: 6.87 | CF14: 3.53 | CG14: 13.19 | CH14: 0 | CI14: 0 | CJ14: 3.25 | CK14: 37.6 | CL14: 6.96 | CM14: 0.93 | CN14: 0.56 | CO14: 0 | CP14: 0 | CQ14: 69.63 | CR14: 3.25 | CS14: 0 | CT14: -7.18 | CU14: -0.51 | CV14: -0.51 | CW14: -0.51 | CX14: -1.23 | CY14: -0.51 | CZ14: -1.13 | DA14: -1.33 | DB14: -2.15 | DC14: -0.62 | DD14: -0.21 | DE14: -0.21 | DF14: -0.41 | DG14: -0.21 | DI14: 00:45 - 01:00 | DJ14: 2.71 | DK14: 1.08 | DL14: 0 | DM14: 0 | DN14: 2.08 | DO14: 5.23 | DP14: 5.42 | DQ14: 0.63 | DR14: 2.08 | DS14: 2.53 | DT14: 0 | DU14: 6.67 | DV14: 0.54 | DW14: 0 | DX14: 3.15 | DY14: 0
A15: 01:00 - 01:15 | B15: -27.6 | C15: 206.66 | E15: 01:00 - 01:15 | F15: 11.42 | G15: 0 | H15: 2.86 | I15: 1.14 | J15: 0 | K15: 0 | L15: 0 | M15: 0 | N15: 3.81 | O15: 0 | P15: 2.19 | Q15: 5.52 | R15: 5.71 | S15: 0 | T15: 0.67 | U15: 2.19 | V15: 2.67 | W15: -0.9 | X15: -5.5 | Y15: -2.4 | Z15: -3 | AA15: 19.04 | AB15: 0 | AC15: 7.04 | AD15: 3.62 | AE15: 13.52 | AF15: 0 | AG15: 0 | AH15: 3.33 | AI15: 38.55 | AJ15: 7.14 | AK15: 0.95 | AL15: 0.57 | AM15: 0 | AN15: 0 | AO15: 71.39 | AP15: 3.33 | AQ15: 0 | AR15: -6.8 | AS15: -0.5 | AT15: -0.5 | AU15: -0.5 | AV15: -1.1 | AW15: -0.5 | AX15: -1 | AY15: -1.2 | AZ15: -2.1 | BA15: -0.6 | BB15: -0.2 | BC15: -0.2 | BD15: -0.4 | BE15: -0.2 | BG15: 01:00 - 01:15 | BH15: 11.14 | BI15: 0 | BJ15: 2.79 | BK15: 1.11 | BL15: 0 | BM15: 0 | BN15: 0 | BO15: 0 | BP15: 3.72 | BQ15: 0 | BR15: 2.14 | BS15: 5.38 | BT15: 5.57 | BU15: 0 | BV15: 0.65 | BW15: 2.14 | BX15: 2.6 | BY15: -0.92 | BZ15: -5.64 | CA15: -2.46 | CB15: -3.08 | CC15: 18.57 | CD15: 0 | CE15: 6.87 | CF15: 3.53 | CG15: 13.19 | CH15: 0 | CI15: 0 | CJ15: 3.25 | CK15: 37.6 | CL15: 6.96 | CM15: 0.93 | CN15: 0.56 | CO15: 0 | CP15: 0 | CQ15: 69.63 | CR15: 3.25 | CS15: 0 | CT15: -6.97 | CU15: -0.51 | CV15: -0.51 | CW15: -0.51 | CX15: -1.13 | CY15: -0.51 | CZ15: -1.03 | DA15: -1.23 | DB15: -2.15 | DC15: -0.62 | DD15: -0.21 | DE15: -0.21 | DF15: -0.41 | DG15: -0.21 | DI15: 01:00 - 01:15 | DJ15: 2.71 | DK15: 1.08 | DL15: 0 | DM15: 0 | DN15: 2.08 | DO15: 5.23 | DP15: 5.42 | DQ15: 0.63 | DR15: 2.08 | DS15: 2.53 | DT15: 0 | DU15: 6.67 | DV15: 0.54 | DW15: 0 | DX15: 3.15 | DY15: 0
A16: 01:15 - 01:30 | B16: -27.9 | C16: 206.66 | E16: 01:15 - 01:30 | F16: 11.42 | G16: 0 | H16: 2.86 | I16: 1.14 | J16: 0 | K16: 0 | L16: 0 | M16: 0 | N16: 3.81 | O16: 0 | P16: 2.19 | Q16: 5.52 | R16: 5.71 | S16: 0 | T16: 0.67 | U16: 2.19 | V16: 2.67 | W16: -0.9 | X16: -5.5 | Y16: -2.4 | Z16: -3 | AA16: 19.04 | AB16: 0 | AC16: 7.04 | AD16: 3.62 | AE16: 13.52 | AF16: 0 | AG16: 0 | AH16: 3.33 | AI16: 38.55 | AJ16: 7.14 | AK16: 0.95 | AL16: 0.57 | AM16: 0 | AN16: 0 | AO16: 71.39 | AP16: 3.33 | AQ16: 0 | AR16: -6.9 | AS16: -0.5 | AT16: -0.5 | AU16: -0.5 | AV16: -1.2 | AW16: -0.5 | AX16: -1 | AY16: -1.2 | AZ16: -2.2 | BA16: -0.6 | BB16: -0.2 | BC16: -0.2 | BD16: -0.4 | BE16: -0.2 | BG16: 01:15 - 01:30 | BH16: 11.14 | BI16: 0 | BJ16: 2.79 | BK16: 1.11 | BL16: 0 | BM16: 0 | BN16: 0 | BO16: 0 | BP16: 3.72 | BQ16: 0 | BR16: 2.14 | BS16: 5.38 | BT16: 5.57 | BU16: 0 | BV16: 0.65 | BW16: 2.14 | BX16: 2.6 | BY16: -0.92 | BZ16: -5.64 | CA16: -2.46 | CB16: -3.08 | CC16: 18.57 | CD16: 0 | CE16: 6.87 | CF16: 3.53 | CG16: 13.19 | CH16: 0 | CI16: 0 | CJ16: 3.25 | CK16: 37.6 | CL16: 6.96 | CM16: 0.93 | CN16: 0.56 | CO16: 0 | CP16: 0 | CQ16: 69.63 | CR16: 3.25 | CS16: 0 | CT16: -7.07 | CU16: -0.51 | CV16: -0.51 | CW16: -0.51 | CX16: -1.23 | CY16: -0.51 | CZ16: -1.03 | DA16: -1.23 | DB16: -2.26 | DC16: -0.62 | DD16: -0.21 | DE16: -0.21 | DF16: -0.41 | DG16: -0.21 | DI16: 01:15 - 01:30 | DJ16: 2.71 | DK16: 1.08 | DL16: 0 | DM16: 0 | DN16: 2.08 | DO16: 5.23 | DP16: 5.42 | DQ16: 0.63 | DR16: 2.08 | DS16: 2.53 | DT16: 0 | DU16: 6.67 | DV16: 0.54 | DW16: 0 | DX16: 3.15 | DY16: 0
A17: 01:30 - 01:45 | B17: -27.7 | C17: 206.66 | E17: 01:30 - 01:45 | F17: 11.42 | G17: 0 | H17: 2.86 | I17: 1.14 | J17: 0 | K17: 0 | L17: 0 | M17: 0 | N17: 3.81 | O17: 0 | P17: 2.19 | Q17: 5.52 | R17: 5.71 | S17: 0 | T17: 0.67 | U17: 2.19 | V17: 2.67 | W17: -0.9 | X17: -5.5 | Y17: -2.4 | Z17: -3 | AA17: 19.04 | AB17: 0 | AC17: 7.04 | AD17: 3.62 | AE17: 13.52 | AF17: 0 | AG17: 0 | AH17: 3.33 | AI17: 38.55 | AJ17: 7.14 | AK17: 0.95 | AL17: 0.57 | AM17: 0 | AN17: 0 | AO17: 71.39 | AP17: 3.33 | AQ17: 0 | AR17: -6.6 | AS17: -0.5 | AT17: -0.5 | AU17: -0.5 | AV17: -1.2 | AW17: -0.5 | AX17: -1 | AY17: -1.1 | AZ17: -2.3 | BA17: -0.7 | BB17: -0.2 | BC17: -0.2 | BD17: -0.4 | BE17: -0.2 | BG17: 01:30 - 01:45 | BH17: 11.14 | BI17: 0 | BJ17: 2.79 | BK17: 1.11 | BL17: 0 | BM17: 0 | BN17: 0 | BO17: 0 | BP17: 3.72 | BQ17: 0 | BR17: 2.14 | BS17: 5.38 | BT17: 5.57 | BU17: 0 | BV17: 0.65 | BW17: 2.14 | BX17: 2.6 | BY17: -0.92 | BZ17: -5.64 | CA17: -2.46 | CB17: -3.08 | CC17: 18.57 | CD17: 0 | CE17: 6.87 | CF17: 3.53 | CG17: 13.19 | CH17: 0 | CI17: 0 | CJ17: 3.25 | CK17: 37.6 | CL17: 6.96 | CM17: 0.93 | CN17: 0.56 | CO17: 0 | CP17: 0 | CQ17: 69.63 | CR17: 3.25 | CS17: 0 | CT17: -6.77 | CU17: -0.51 | CV17: -0.51 | CW17: -0.51 | CX17: -1.23 | CY17: -0.51 | CZ17: -1.03 | DA17: -1.13 | DB17: -2.36 | DC17: -0.72 | DD17: -0.21 | DE17: -0.21 | DF17: -0.41 | DG17: -0.21 | DI17: 01:30 - 01:45 | DJ17: 2.71 | DK17: 1.08 | DL17: 0 | DM17: 0 | DN17: 2.08 | DO17: 5.23 | DP17: 5.42 | DQ17: 0.63 | DR17: 2.08 | DS17: 2.53 | DT17: 0 | DU17: 6.67 | DV17: 0.54 | DW17: 0 | DX17: 3.15 | DY17: 0
A18: 01:45 - 02:00 | B18: -27.3 | C18: 206.66 | E18: 01:45 - 02:00 | F18: 11.42 | G18: 0 | H18: 2.86 | I18: 1.14 | J18: 0 | K18: 0 | L18: 0 | M18: 0 | N18: 3.81 | O18: 0 | P18: 2.19 | Q18: 5.52 | R18: 5.71 | S18: 0 | T18: 0.67 | U18: 2.19 | V18: 2.67 | W18: -0.9 | X18: -5.5 | Y18: -2.4 | Z18: -3 | AA18: 19.04 | AB18: 0 | AC18: 7.04 | AD18: 3.62 | AE18: 13.52 | AF18: 0 | AG18: 0 | AH18: 3.33 | AI18: 38.55 | AJ18: 7.14 | AK18: 0.95 | AL18: 0.57 | AM18: 0 | AN18: 0 | AO18: 71.39 | AP18: 3.33 | AQ18: 0 | AR18: -5.8 | AS18: -0.6 | AT18: -0.6 | AU18: -0.6 | AV18: -1.1 | AW18: -0.6 | AX18: -1 | AY18: -1.1 | AZ18: -2.4 | BA18: -0.7 | BB18: -0.2 | BC18: -0.2 | BD18: -0.4 | BE18: -0.2 | BG18: 01:45 - 02:00 | BH18: 11.14 | BI18: 0 | BJ18: 2.79 | BK18: 1.11 | BL18: 0 | BM18: 0 | BN18: 0 | BO18: 0 | BP18: 3.72 | BQ18: 0 | BR18: 2.14 | BS18: 5.38 | BT18: 5.57 | BU18: 0 | BV18: 0.65 | BW18: 2.14 | BX18: 2.6 | BY18: -0.92 | BZ18: -5.64 | CA18: -2.46 | CB18: -3.08 | CC18: 18.57 | CD18: 0 | CE18: 6.87 | CF18: 3.53 | CG18: 13.19 | CH18: 0 | CI18: 0 | CJ18: 3.25 | CK18: 37.6 | CL18: 6.96 | CM18: 0.93 | CN18: 0.56 | CO18: 0 | CP18: 0 | CQ18: 69.63 | CR18: 3.25 | CS18: 0 | CT18: -5.95 | CU18: -0.62 | CV18: -0.62 | CW18: -0.62 | CX18: -1.13 | CY18: -0.62 | CZ18: -1.03 | DA18: -1.13 | DB18: -2.46 | DC18: -0.72 | DD18: -0.21 | DE18: -0.21 | DF18: -0.41 | DG18: -0.21 | DI18: 01:45 - 02:00 | DJ18: 2.71 | DK18: 1.08 | DL18: 0 | DM18: 0 | DN18: 2.08 | DO18: 5.23 | DP18: 5.42 | DQ18: 0.63 | DR18: 2.08 | DS18: 2.53 | DT18: 0 | DU18: 6.67 | DV18: 0.54 | DW18: 0 | DX18: 3.15 | DY18: 0
A19: 02:00 - 02:15 | B19: -26.9 | C19: 206.47 | E19: 02:00 - 02:15 | F19: 11.42 | G19: 0 | H19: 2.86 | I19: 1.14 | J19: 0 | K19: 0 | L19: 0 | M19: 0 | N19: 3.81 | O19: 0 | P19: 2.19 | Q19: 5.52 | R19: 5.71 | S19: 0 | T19: 0.67 | U19: 2 | V19: 2.67 | W19: -0.9 | X19: -5.5 | Y19: -2.4 | Z19: -3 | AA19: 19.04 | AB19: 0 | AC19: 7.04 | AD19: 3.62 | AE19: 13.52 | AF19: 0 | AG19: 0 | AH19: 3.33 | AI19: 38.55 | AJ19: 7.14 | AK19: 0.95 | AL19: 0.57 | AM19: 0 | AN19: 0 | AO19: 71.39 | AP19: 3.33 | AQ19: 0 | AR19: -5.3 | AS19: -0.6 | AT19: -0.6 | AU19: -0.6 | AV19: -1.1 | AW19: -0.6 | AX19: -0.9 | AY19: -1.2 | AZ19: -2.5 | BA19: -0.7 | BB19: -0.2 | BC19: -0.2 | BD19: -0.4 | BE19: -0.2 | BG19: 02:00 - 02:15 | BH19: 11.14 | BI19: 0 | BJ19: 2.79 | BK19: 1.11 | BL19: 0 | BM19: 0 | BN19: 0 | BO19: 0 | BP19: 3.72 | BQ19: 0 | BR19: 2.14 | BS19: 5.38 | BT19: 5.57 | BU19: 0 | BV19: 0.65 | BW19: 1.95 | BX19: 2.6 | BY19: -0.92 | BZ19: -5.64 | CA19: -2.46 | CB19: -3.08 | CC19: 18.57 | CD19: 0 | CE19: 6.87 | CF19: 3.53 | CG19: 13.19 | CH19: 0 | CI19: 0 | CJ19: 3.25 | CK19: 37.6 | CL19: 6.96 | CM19: 0.93 | CN19: 0.56 | CO19: 0 | CP19: 0 | CQ19: 69.63 | CR19: 3.25 | CS19: 0 | CT19: -5.43 | CU19: -0.62 | CV19: -0.62 | CW19: -0.62 | CX19: -1.13 | CY19: -0.62 | CZ19: -0.92 | DA19: -1.23 | DB19: -2.56 | DC19: -0.72 | DD19: -0.21 | DE19: -0.21 | DF19: -0.41 | DG19: -0.21 | DI19: 02:00 - 02:15 | DJ19: 2.71 | DK19: 1.08 | DL19: 0 | DM19: 0 | DN19: 2.08 | DO19: 5.23 | DP19: 5.42 | DQ19: 0.63 | DR19: 1.9 | DS19: 2.53 | DT19: 0 | DU19: 6.67 | DV19: 0.54 | DW19: 0 | DX19: 3.15 | DY19: 0
A20: 02:15 - 02:30 | B20: -26.8 | C20: 206.47 | E20: 02:15 - 02:30 | F20: 11.42 | G20: 0 | H20: 2.86 | I20: 1.14 | J20: 0 | K20: 0 | L20: 0 | M20: 0 | N20: 3.81 | O20: 0 | P20: 2.19 | Q20: 5.52 | R20: 5.71 | S20: 0 | T20: 0.67 | U20: 2 | V20: 2.67 | W20: -0.9 | X20: -5.5 | Y20: -2.4 | Z20: -3 | AA20: 19.04 | AB20: 0 | AC20: 7.04 | AD20: 3.62 | AE20: 13.52 | AF20: 0 | AG20: 0 | AH20: 3.33 | AI20: 38.55 | AJ20: 7.14 | AK20: 0.95 | AL20: 0.57 | AM20: 0 | AN20: 0 | AO20: 71.39 | AP20: 3.33 | AQ20: 0 | AR20: -5.3 | AS20: -0.6 | AT20: -0.6 | AU20: -0.6 | AV20: -1.1 | AW20: -0.6 | AX20: -0.9 | AY20: -1.1 | AZ20: -2.4 | BA20: -0.8 | BB20: -0.2 | BC20: -0.2 | BD20: -0.4 | BE20: -0.2 | BG20: 02:15 - 02:30 | BH20: 11.14 | BI20: 0 | BJ20: 2.79 | BK20: 1.11 | BL20: 0 | BM20: 0 | BN20: 0 | BO20: 0 | BP20: 3.72 | BQ20: 0 | BR20: 2.14 | BS20: 5.38 | BT20: 5.57 | BU20: 0 | BV20: 0.65 | BW20: 1.95 | BX20: 2.6 | BY20: -0.92 | BZ20: -5.64 | CA20: -2.46 | CB20: -3.08 | CC20: 18.57 | CD20: 0 | CE20: 6.87 | CF20: 3.53 | CG20: 13.19 | CH20: 0 | CI20: 0 | CJ20: 3.25 | CK20: 37.6 | CL20: 6.96 | CM20: 0.93 | CN20: 0.56 | CO20: 0 | CP20: 0 | CQ20: 69.63 | CR20: 3.25 | CS20: 0 | CT20: -5.43 | CU20: -0.62 | CV20: -0.62 | CW20: -0.62 | CX20: -1.13 | CY20: -0.62 | CZ20: -0.92 | DA20: -1.13 | DB20: -2.46 | DC20: -0.82 | DD20: -0.21 | DE20: -0.21 | DF20: -0.41 | DG20: -0.21 | DI20: 02:15 - 02:30 | DJ20: 2.71 | DK20: 1.08 | DL20: 0 | DM20: 0 | DN20: 2.08 | DO20: 5.23 | DP20: 5.42 | DQ20: 0.63 | DR20: 1.9 | DS20: 2.53 | DT20: 0 | DU20: 6.67 | DV20: 0.54 | DW20: 0 | DX20: 3.15 | DY20: 0
A21: 02:30 - 02:45 | B21: -26.5 | C21: 206.47 | E21: 02:30 - 02:45 | F21: 11.42 | G21: 0 | H21: 2.86 | I21: 1.14 | J21: 0 | K21: 0 | L21: 0 | M21: 0 | N21: 3.81 | O21: 0 | P21: 2.19 | Q21: 5.52 | R21: 5.71 | S21: 0 | T21: 0.67 | U21: 2 | V21: 2.67 | W21: -0.9 | X21: -5.5 | Y21: -2.4 | Z21: -3 | AA21: 19.04 | AB21: 0 | AC21: 7.04 | AD21: 3.62 | AE21: 13.52 | AF21: 0 | AG21: 0 | AH21: 3.33 | AI21: 38.55 | AJ21: 7.14 | AK21: 0.95 | AL21: 0.57 | AM21: 0 | AN21: 0 | AO21: 71.39 | AP21: 3.33 | AQ21: 0 | AR21: -5 | AS21: -0.6 | AT21: -0.6 | AU21: -0.6 | AV21: -1.1 | AW21: -0.6 | AX21: -0.9 | AY21: -1.1 | AZ21: -2.4 | BA21: -0.8 | BB21: -0.2 | BC21: -0.2 | BD21: -0.4 | BE21: -0.2 | BG21: 02:30 - 02:45 | BH21: 11.14 | BI21: 0 | BJ21: 2.79 | BK21: 1.11 | BL21: 0 | BM21: 0 | BN21: 0 | BO21: 0 | BP21: 3.72 | BQ21: 0 | BR21: 2.14 | BS21: 5.38 | BT21: 5.57 | BU21: 0 | BV21: 0.65 | BW21: 1.95 | BX21: 2.6 | BY21: -0.92 | BZ21: -5.64 | CA21: -2.46 | CB21: -3.08 | CC21: 18.57 | CD21: 0 | CE21: 6.87 | CF21: 3.53 | CG21: 13.19 | CH21: 0 | CI21: 0 | CJ21: 3.25 | CK21: 37.6 | CL21: 6.96 | CM21: 0.93 | CN21: 0.56 | CO21: 0 | CP21: 0 | CQ21: 69.63 | CR21: 3.25 | CS21: 0 | CT21: -5.13 | CU21: -0.62 | CV21: -0.62 | CW21: -0.62 | CX21: -1.13 | CY21: -0.62 | CZ21: -0.92 | DA21: -1.13 | DB21: -2.46 | DC21: -0.82 | DD21: -0.21 | DE21: -0.21 | DF21: -0.41 | DG21: -0.21 | DI21: 02:30 - 02:45 | DJ21: 2.71 | DK21: 1.08 | DL21: 0 | DM21: 0 | DN21: 2.08 | DO21: 5.23 | DP21: 5.42 | DQ21: 0.63 | DR21: 1.9 | DS21: 2.53 | DT21: 0 | DU21: 6.67 | DV21: 0.54 | DW21: 0 | DX21: 3.15 | DY21: 0
