Workbook

Sheet New method
B2: Back down and Non compliance of HNPCL for Dec 2025
B3: Back down | J3: Non compliance
B4: Date | C4: From | D4: To | E4: DC (MW) | F4: As per SLDC Scada in MW | G4: Diff (MW) | H4: Mus | J4: MW as per ramp | K4: Diff | L4: MU
B5: 46023 | C5: 1.84375 | D5: 1.8541667 | E5: 492.7 | F5: 455.44 | G5: =E5-F5 -> 37.26 | H5: =G5/4000 -> 0.009315 | J5: =E5-40 -> 452.7 | K5: =F5-J5 -> 2.74
C6: 1.8541667 | D6: 1.8645833 | E6: 492.7 | F6: 409.35 | G6: =E6-F6 -> 83.35 | H6: =G6/4000 -> 0.0208375 | J6: =J5-40 -> 412.7 | K6: =F6-J6 -> -3.35 | L6: =IF(K6/4000>0,K6/4000,0) -> 0
C7: 1.8645833 | D7: 1.875 | E7: 492.7 | F7: 366.3 | G7: =E7-F7 -> 126.4 | H7: =G7/4000 -> 0.0316 | J7: =J6-40 -> 372.7 | K7: =F7-J7 -> -6.4 | L7: =IF(K7/4000>0,K7/4000,0) -> 0
C8: 1.875 | D8: 1.8854167 | E8: 492.7 | F8: 327.53 | G8: =E8-F8 -> 165.17 | H8: =G8/4000 -> 0.0412925 | J8: =J7-40 -> 332.7 | K8: =F8-J8 -> -5.17 | L8: =IF(K8/4000>0,K8/4000,0) -> 0
C9: 1.8854167 | D9: 1.8958333 | E9: 492.7 | F9: 293.39 | G9: =E9-F9 -> 199.31 | H9: =G9/4000 -> 0.0498275 | J9: =J8-40 -> 292.7 | K9: =F9-J9 -> 0.69 | L9: =IF(K9/4000>0,K9/4000,0) -> 0.0001725
C10: 1.8958333 | D10: 1.90625 | E10: 492.7 | F10: 267.05 | G10: =E10-F10 -> 225.65 | H10: =G10/4000 -> 0.0564125 | J10: 270 | K10: =F10-J10 -> -2.95 | L10: =IF(K10/4000>0,K10/4000,0) -> 0
C11: 1.90625 | D11: 1.9166667 | E11: 492.7 | F11: 268.22 | G11: =E11-F11 -> 224.48 | H11: =G11/4000 -> 0.05612 | J11: 270 | K11: =F11-J11 -> -1.78 | L11: =IF(K11/4000>0,K11/4000,0) -> 0
C12: 1.9166667 | D12: 1.9270833 | E12: 492.7 | F12: 268.95 | G12: =E12-F12 -> 223.75 | H12: =G12/4000 -> 0.0559375 | J12: 270 | K12: =F12-J12 -> -1.05 | L12: =IF(K12/4000>0,K12/4000,0) -> 0
C13: 1.9270833 | D13: 1.9375 | E13: 492.7 | F13: 271.08 | G13: =E13-F13 -> 221.62 | H13: =G13/4000 -> 0.055405 | J13: 270 | K13: =F13-J13 -> 1.08 | L13: =IF(K13/4000>0,K13/4000,0) -> 0.00027
C14: 1.9375 | D14: 1.9479167 | E14: 492.7 | F14: 270.75 | G14: =E14-F14 -> 221.95 | H14: =G14/4000 -> 0.0554875 | J14: 270 | K14: =F14-J14 -> 0.75 | L14: =IF(K14/4000>0,K14/4000,0) -> 0.0001875
C15: 1.9479167 | D15: 1.9583333 | E15: 492.7 | F15: 273.19 | G15: =E15-F15 -> 219.51 | H15: =G15/4000 -> 0.0548775 | J15: 270 | K15: =F15-J15 -> 3.19 | L15: =IF(K15/4000>0,K15/4000,0) -> 0.0007975
C16: 1.9583333 | D16: 1.96875 | E16: 492.7 | F16: 271.99 | G16: =E16-F16 -> 220.71 | H16: =G16/4000 -> 0.0551775 | J16: 270 | K16: =F16-J16 -> 1.99 | L16: =IF(K16/4000>0,K16/4000,0) -> 0.0004975
C17: 1.96875 | D17: 1.9791667 | E17: 492.7 | F17: 273.22 | G17: =E17-F17 -> 219.48 | H17: =G17/4000 -> 0.05487 | J17: 270 | K17: =F17-J17 -> 3.22 | L17: =IF(K17/4000>0,K17/4000,0) -> 0.000805
C18: 1.9791667 | D18: 1.9895833 | E18: 492.7 | F18: 270.73 | G18: =E18-F18 -> 221.97 | H18: =G18/4000 -> 0.0554925 | J18: 270 | K18: =F18-J18 -> 0.73 | L18: =IF(K18/4000>0,K18/4000,0) -> 0.0001825
C19: 1.9895833 | D19: 2 | E19: 492.7 | F19: 273.24 | G19: =E19-F19 -> 219.46 | H19: =G19/4000 -> 0.054865 | J19: 270 | K19: =F19-J19 -> 3.24 | L19: =IF(K19/4000>0,K19/4000,0) -> 0.00081
I20: =SUM(H5:H19) -> 0.7075175 | M20: =SUM(L5:L19) -> 0.0037225
B21: 46024 | C21: 1 | D21: 1.0104167 | E21: 492.7 | F21: 273.94 | G21: =E21-F21 -> 218.76 | H21: =G21/4000 -> 0.05469 | J21: 270 | K21: =F21-J21 -> 3.94
C22: 1.0104167 | D22: 1.0208333 | E22: 492.7 | F22: 274.13 | G22: =E22-F22 -> 218.57 | H22: =G22/4000 -> 0.0546425 | J22: 270 | K22: =F22-J22 -> 4.13 | L22: =IF(K22/4000>0,K22/4000,0) -> 0.0010325
C23: 1.0208333 | D23: 1.03125 | E23: 492.7 | F23: 319.4 | G23: =E23-F23 -> 173.3 | H23: =G23/4000 -> 0.043325 | J23: =J22+40 -> 310 | K23: =J23-F23 -> -9.4 | L23: =IF(K23/4000>0,K23/4000,0) -> 0
C24: 1.03125 | D24: 1.0416667 | E24: 492.7 | F24: 420.71 | G24: =E24-F24 -> 71.99 | H24: =G24/4000 -> 0.0179975 | J24: =J23+40 -> 350 | K24: =J24-F24 -> -70.71 | L24: =IF(K24/4000>0,K24/4000,0) -> 0
C25: 1.0416667 | D25: 1.0520833 | E25: 492.7 | F25: 488.23 | G25: =E25-F25 -> 4.47 | H25: =G25/4000 -> 0.0011175 | J25: =J24+40 -> 390 | K25: =J25-F25 -> -98.23 | L25: =IF(K25/4000>0,K25/4000,0) -> 0
C26: 1.0520833 | D26: 1.0625 | E26: 492.7 | F26: 488.54 | G26: =E26-F26 -> 4.16 | H26: =G26/4000 -> 0.00104 | J26: =J25+40 -> 430 | K26: =J26-F26 -> -58.54 | L26: =IF(K26/4000>0,K26/4000,0) -> 0
C27: 1.0625 | D27: 1.0729167 | E27: 492.7 | F27: 493.7 | G27: =E27-F27 -> -1 | H27: 0 | J27: =J26+40 -> 470 | K27: =J27-F27 -> -23.7 | L27: =IF(K27/4000>0,K27/4000,0) -> 0
I28: =SUM(H21:H27) -> 0.1728125 | M28: =SUM(L21:L27) -> 0.0010325
B29: 46024 | C29: 1.0729167 | D29: 1.0833333 | E29: 492.7 | F29: 434.02 | G29: =E29-F29 -> 58.68 | H29: =G29/4000 -> 0.01467 | J29: =J27-40 -> 430 | K29: =F29-J29 -> 4.02
C30: 1.0833333 | D30: 1.09375 | E30: 492.7 | F30: 357.66 | G30: =E30-F30 -> 135.04 | H30: =G30/4000 -> 0.03376 | J30: =J29-40 -> 390 | K30: =F30-J30 -> -32.34 | L30: =IF(K30/4000>0,K30/4000,0) -> 0
C31: 1.09375 | D31: 1.1041667 | E31: 492.7 | F31: 290.37 | G31: =E31-F31 -> 202.33 | H31: =G31/4000 -> 0.0505825 | J31: =J30-40 -> 350 | K31: =F31-J31 -> -59.63 | L31: =IF(K31/4000>0,K31/4000,0) -> 0
C32: 1.1041667 | D32: 1.1145833 | E32: 492.7 | F32: 268.99 | G32: =E32-F32 -> 223.71 | H32: =G32/4000 -> 0.0559275 | J32: =J31-40 -> 310 | K32: =F32-J32 -> -41.01 | L32: =IF(K32/4000>0,K32/4000,0) -> 0
C33: 1.1145833 | D33: 1.125 | E33: 492.7 | F33: 267.7 | G33: =E33-F33 -> 225 | H33: =G33/4000 -> 0.05625 | J33: =J32-40 -> 270 | K33: =F33-J33 -> -2.3 | L33: =IF(K33/4000>0,K33/4000,0) -> 0
C34: 1.125 | D34: 1.1354167 | E34: 492.7 | F34: 341.14 | G34: =E34-F34 -> 151.56 | H34: =G34/4000 -> 0.03789 | J34: =J33+40 -> 310 | K34: =J34-F34 -> -31.14 | L34: =IF(K34/4000>0,K34/4000,0) -> 0
C35: 1.1354167 | D35: 1.1458333 | E35: 492.7 | F35: 436.14 | G35: =E35-F35 -> 56.56 | H35: =G35/4000 -> 0.01414 | J35: =J34+40 -> 350 | K35: =J35-F35 -> -86.14 | L35: =IF(K35/4000>0,K35/4000,0) -> 0
C36: 1.1458333 | D36: 1.15625 | E36: 492.7 | F36: 484.78 | G36: =E36-F36 -> 7.92 | H36: =G36/4000 -> 0.00198 | J36: =J35+40 -> 390 | K36: =J36-F36 -> -94.78 | L36: =IF(K36/4000>0,K36/4000,0) -> 0
C37: 1.15625 | D37: 1.1666667 | E37: 492.7 | F37: 489.86 | G37: =E37-F37 -> 2.84 | H37: =G37/4000 -> 0.00071 | J37: =J36+40 -> 430 | K37: =J37-F37 -> -59.86 | L37: =IF(K37/4000>0,K37/4000,0) -> 0
C38: 1.1666667 | D38: 1.1770833 | E38: 492.7 | F38: 492.26 | G38: =E38-F38 -> 0.44 | H38: =G38/4000 -> 0.00011 | J38: =J37+40 -> 470 | K38: =J38-F38 -> -22.26 | L38: =IF(K38/4000>0,K38/4000,0) -> 0
I39: =SUM(H29:H38) -> 0.26602 | M39: =SUM(L29:L38) -> 0
B40: 46024 | C40: 1.9166667 | D40: 1.9270833 | E40: 492.7 | F40: 469.03 | G40: =E40-F40 -> 23.67 | H40: =G40/4000 -> 0.0059175 | J40: =E40-40 -> 452.7 | K40: =F40-J40 -> 16.33
C41: 1.9270833 | D41: 1.9375 | E41: 492.7 | F41: 412.5 | G41: =E41-F41 -> 80.2 | H41: =G41/4000 -> 0.02005 | J41: =J40-40 -> 412.7 | K41: =F41-J41 -> -0.2 | L41: =IF(K41/4000>0,K41/4000,0) -> 0
C42: 1.9375 | D42: 1.9479167 | E42: 492.7 | F42: 342.7 | G42: =E42-F42 -> 150 | H42: =G42/4000 -> 0.0375 | J42: =J41-40 -> 372.7 | K42: =F42-J42 -> -30 | L42: =IF(K42/4000>0,K42/4000,0) -> 0
C43: 1.9479167 | D43: 1.9583333 | E43: 492.7 | F43: 284.74 | G43: =E43-F43 -> 207.96 | H43: =G43/4000 -> 0.05199 | J43: =J42-40 -> 332.7 | K43: =F43-J43 -> -47.96 | L43: =IF(K43/4000>0,K43/4000,0) -> 0
C44: 1.9583333 | D44: 1.96875 | E44: 492.7 | F44: 268.47 | G44: =E44-F44 -> 224.23 | H44: =G44/4000 -> 0.0560575 | J44: =J43-40 -> 292.7 | K44: =F44-J44 -> -24.23 | L44: =IF(K44/4000>0,K44/4000,0) -> 0
C45: 1.96875 | D45: 1.9791667 | E45: 492.7 | F45: 268.79 | G45: =E45-F45 -> 223.91 | H45: =G45/4000 -> 0.0559775 | J45: 270 | K45: =F45-J45 -> -1.21 | L45: =IF(K45/4000>0,K45/4000,0) -> 0
C46: 1.9791667 | D46: 1.9895833 | E46: 492.7 | F46: 268.56 | G46: =E46-F46 -> 224.14 | H46: =G46/4000 -> 0.056035 | J46: 270 | K46: =F46-J46 -> -1.44 | L46: =IF(K46/4000>0,K46/4000,0) -> 0
C47: 1.9895833 | D47: 2 | E47: 492.7 | F47: 272.7 | G47: =E47-F47 -> 220 | H47: =G47/4000 -> 0.055 | J47: 270 | K47: =F47-J47 -> 2.7 | L47: =IF(K47/4000>0,K47/4000,0) -> 0.000675
I48: =SUM(H40:H47) -> 0.3385275 | M48: =SUM(L40:L47) -> 0.000675
B49: 46025 | C49: 1 | D49: 1.0104167 | E49: 492.7 | F49: 271.91 | G49: =E49-F49 -> 220.79 | H49: =G49/4000 -> 0.0551975 | J49: 270 | K49: =F49-J49 -> 1.91
C50: 1.0104167 | D50: 1.0208333 | E50: 492.7 | F50: 274.27 | G50: =E50-F50 -> 218.43 | H50: =G50/4000 -> 0.0546075 | J50: 270 | K50: =F50-J50 -> 4.27 | L50: =IF(K50/4000>0,K50/4000,0) -> 0.0010675
C51: 1.0208333 | D51: 1.03125 | E51: 492.7 | F51: 275.75 | G51: =E51-F51 -> 216.95 | H51: =G51/4000 -> 0.0542375 | J51: 270 | K51: =F51-J51 -> 5.75 | L51: =IF(K51/4000>0,K51/4000,0) -> 0.0014375
C52: 1.03125 | D52: 1.0416667 | E52: 492.7 | F52: 271.47 | G52: =E52-F52 -> 221.23 | H52: =G52/4000 -> 0.0553075 | J52: 270 | K52: =F52-J52 -> 1.47 | L52: =IF(K52/4000>0,K52/4000,0) -> 0.0003675
C53: 1.0416667 | D53: 1.0520833 | E53: 492.7 | F53: 273.09 | G53: =E53-F53 -> 219.61 | H53: =G53/4000 -> 0.0549025 | J53: 270 | K53: =F53-J53 -> 3.09 | L53: =IF(K53/4000>0,K53/4000,0) -> 0.0007725
C54: 1.0520833 | D54: 1.0625 | E54: 492.7 | F54: 274.81 | G54: =E54-F54 -> 217.89 | H54: =G54/4000 -> 0.0544725 | J54: 270 | K54: =F54-J54 -> 4.81 | L54: =IF(K54/4000>0,K54/4000,0) -> 0.0012025
C55: 1.0625 | D55: 1.0729167 | E55: 492.7 | F55: 272.91 | G55: =E55-F55 -> 219.79 | H55: =G55/4000 -> 0.0549475 | J55: 270 | K55: =F55-J55 -> 2.91 | L55: =IF(K55/4000>0,K55/4000,0) -> 0.0007275
C56: 1.0729167 | D56: 1.0833333 | E56: 492.7 | F56: 268.37 | G56: =E56-F56 -> 224.33 | H56: =G56/4000 -> 0.0560825 | J56: 270 | K56: =F56-J56 -> -1.63 | L56: =IF(K56/4000>0,K56/4000,0) -> 0
C57: 1.0833333 | D57: 1.09375 | E57: 492.7 | F57: 267.51 | G57: =E57-F57 -> 225.19 | H57: =G57/4000 -> 0.0562975 | J57: 270 | K57: =F57-J57 -> -2.49 | L57: =IF(K57/4000>0,K57/4000,0) -> 0
C58: 1.09375 | D58: 1.1041667 | E58: 492.7 | F58: 272.4 | G58: =E58-F58 -> 220.3 | H58: =G58/4000 -> 0.055075 | J58: 270 | K58: =F58-J58 -> 2.4 | L58: =IF(K58/4000>0,K58/4000,0) -> 0.0006
C59: 1.1041667 | D59: 1.1145833 | E59: 492.7 | F59: 269.24 | G59: =E59-F59 -> 223.46 | H59: =G59/4000 -> 0.055865 | J59: 270 | K59: =F59-J59 -> -0.76 | L59: =IF(K59/4000>0,K59/4000,0) -> 0
C60: 1.1145833 | D60: 1.125 | E60: 492.7 | F60: 269.51 | G60: =E60-F60 -> 223.19 | H60: =G60/4000 -> 0.0557975 | J60: 270 | K60: =F60-J60 -> -0.49 | L60: =IF(K60/4000>0,K60/4000,0) -> 0
C61: 1.125 | D61: 1.1354167 | E61: 492.7 | F61: 269.6 | G61: =E61-F61 -> 223.1 | H61: =G61/4000 -> 0.055775 | J61: 270 | K61: =F61-J61 -> -0.4 | L61: =IF(K61/4000>0,K61/4000,0) -> 0
C62: 1.1354167 | D62: 1.1458333 | E62: 492.7 | F62: 300.71 | G62: =E62-F62 -> 191.99 | H62: =G62/4000 -> 0.0479975 | J62: =J61+15 -> 285 | K62: =J62-F62 -> -15.71 | L62: =IF(K62/4000>0,K62/4000,0) -> 0
C63: 1.1458333 | D63: 1.15625 | E63: 492.7 | F63: 364.12 | G63: =E63-F63 -> 128.58 | H63: =G63/4000 -> 0.032145 | J63: =J62+40 -> 325 | K63: =J63-F63 -> -39.12 | L63: =IF(K63/4000>0,K63/4000,0) -> 0
C64: 1.15625 | D64: 1.1666667 | E64: 492.7 | F64: 422.71 | G64: =E64-F64 -> 69.99 | H64: =G64/4000 -> 0.0174975 | J64: =J63+40 -> 365 | K64: =J64-F64 -> -57.71 | L64: =IF(K64/4000>0,K64/4000,0) -> 0
C65: 1.1666667 | D65: 1.1770833 | E65: 492.7 | F65: 485.19 | G65: =E65-F65 -> 7.51 | H65: =G65/4000 -> 0.0018775 | J65: =J64+40 -> 405 | K65: =J65-F65 -> -80.19 | L65: =IF(K65/4000>0,K65/4000,0) -> 0
C66: 1.1770833 | D66: 1.1875 | E66: 492.7 | F66: 494.99 | G66: =E66-F66 -> -2.29 | H66: 0 | J66: =J65+40 -> 445 | K66: =J66-F66 -> -49.99 | L66: =IF(K66/4000>0,K66/4000,0) -> 0
C67: 1.1875 | D67: 1.1979167 | E67: 492.7 | F67: 501.29 | G67: =E67-F67 -> -8.59 | H67: 0 | J67: =J66+40 -> 485 | K67: =J67-F67 -> -16.29 | L67: =IF(K67/4000>0,K67/4000,0) -> 0
I68: =SUM(H49:H67) -> 0.8180825 | M68: =SUM(L49:L67) -> 0.006175
B69: 46025 | C69: 1.4375 | D69: 1.4479167 | E69: 492.7 | F69: 470.72 | G69: =E69-F69 -> 21.98 | H69: =G69/4000 -> 0.005495 | J69: =E69-40 -> 452.7 | K69: =F69-J69 -> 18.02
C70: 1.4479167 | D70: 1.4583333 | E70: 492.7 | F70: 408.51 | G70: =E70-F70 -> 84.19 | H70: =G70/4000 -> 0.0210475 | J70: =J69-40 -> 412.7 | K70: =F70-J70 -> -4.19 | L70: =IF(K70/4000>0,K70/4000,0) -> 0
C71: 1.4583333 | D71: 1.46875 | E71: 492.7 | F71: 354.31 | G71: =E71-F71 -> 138.39 | H71: =G71/4000 -> 0.0345975 | J71: =J70-40 -> 372.7 | K71: =F71-J71 -> -18.39 | L71: =IF(K71/4000>0,K71/4000,0) -> 0
C72: 1.46875 | D72: 1.4791667 | E72: 492.7 | F72: 284.9 | G72: =E72-F72 -> 207.8 | H72: =G72/4000 -> 0.05195 | J72: =J71-40 -> 332.7 | K72: =F72-J72 -> -47.8 | L72: =IF(K72/4000>0,K72/4000,0) -> 0
C73: 1.4791667 | D73: 1.4895833 | E73: 492.7 | F73: 271.88 | G73: =E73-F73 -> 220.82 | H73: =G73/4000 -> 0.055205 | J73: =J72-40 -> 292.7 | K73: =F73-J73 -> -20.82 | L73: =IF(K73/4000>0,K73/4000,0) -> 0
C74: 1.4895833 | D74: 1.5 | E74: 492.7 | F74: 267.29 | G74: =E74-F74 -> 225.41 | H74: =G74/4000 -> 0.0563525 | J74: 270 | K74: =F74-J74 -> -2.71 | L74: =IF(K74/4000>0,K74/4000,0) -> 0
C75: 1.5 | D75: 1.5104167 | E75: 492.7 | F75: 268.37 | G75: =E75-F75 -> 224.33 | H75: =G75/4000 -> 0.0560825 | J75: 270 | K75: =F75-J75 -> -1.63 | L75: =IF(K75/4000>0,K75/4000,0) -> 0
C76: 1.5104167 | D76: 1.5208333 | E76: 492.7 | F76: 269.09 | G76: =E76-F76 -> 223.61 | H76: =G76/4000 -> 0.0559025 | J76: 270 | K76: =F76-J76 -> -0.91 | L76: =IF(K76/4000>0,K76/4000,0) -> 0
C77: 1.5208333 | D77: 1.53125 | E77: 492.7 | F77: 268.23 | G77: =E77-F77 -> 224.47 | H77: =G77/4000 -> 0.0561175 | J77: 270 | K77: =F77-J77 -> -1.77 | L77: =IF(K77/4000>0,K77/4000,0) -> 0
C78: 1.53125 | D78: 1.5416667 | E78: 492.7 | F78: 266.49 | G78: =E78-F78 -> 226.21 | H78: =G78/4000 -> 0.0565525 | J78: 270 | K78: =F78-J78 -> -3.51 | L78: =IF(K78/4000>0,K78/4000,0) -> 0
C79: 1.5416667 | D79: 1.5520833 | E79: 492.7 | F79: 267.78 | G79: =E79-F79 -> 224.92 | H79: =G79/4000 -> 0.05623 | J79: 270 | K79: =F79-J79 -> -2.22 | L79: =IF(K79/4000>0,K79/4000,0) -> 0
C80: 1.5520833 | D80: 1.5625 | E80: 492.7 | F80: 270.72 | G80: =E80-F80 -> 221.98 | H80: =G80/4000 -> 0.055495 | J80: 270 | K80: =F80-J80 -> 0.72 | L80: =IF(K80/4000>0,K80/4000,0) -> 0.00018
C81: 1.5625 | D81: 1.5729167 | E81: 492.7 | F81: 270.34 | G81: =E81-F81 -> 222.36 | H81: =G81/4000 -> 0.05559 | J81: 270 | K81: =F81-J81 -> 0.34 | L81: =IF(K81/4000>0,K81/4000,0) -> 8.5e-05
C82: 1.5729167 | D82: 1.5833333 | E82: 492.7 | F82: 287.78 | G82: =E82-F82 -> 204.92 | H82: =G82/4000 -> 0.05123 | J82: =J81+40 -> 310 | K82: =J82-F82 -> 22.22 | L82: =IF(K82/4000>0,K82/4000,0) -> 0.005555
C83: 1.5833333 | D83: 1.59375 | E83: 492.7 | F83: 339.18 | G83: =E83-F83 -> 153.52 | H83: =G83/4000 -> 0.03838 | J83: =J82+40 -> 350 | K83: =J83-F83 -> 10.82 | L83: =IF(K83/4000>0,K83/4000,0) -> 0.002705
C84: 1.59375 | D84: 1.6041667 | E84: 492.7 | F84: 409.55 | G84: =E84-F84 -> 83.15 | H84: =G84/4000 -> 0.0207875 | J84: =J83+40 -> 390 | K84: =J84-F84 -> -19.55 | L84: =IF(K84/4000>0,K84/4000,0) -> 0
C85: 1.6041667 | D85: 1.6145833 | E85: 492.7 | F85: 487.97 | G85: =E85-F85 -> 4.73 | H85: =G85/4000 -> 0.0011825 | J85: =J84+40 -> 430 | K85: =J85-F85 -> -57.97 | L85: =IF(K85/4000>0,K85/4000,0) -> 0
C86: 1.6145833 | D86: 1.625 | E86: 492.7 | F86: 492.83 | G86: =E86-F86 -> -0.13 | H86: =G86/4000 -> -3.25e-05 | J86: =J85+40 -> 470 | K86: =J86-F86 -> -22.83 | L86: =IF(K86/4000>0,K86/4000,0) -> 0
I87: =SUM(H69:H86) -> 0.728165 | M87: =SUM(L69:L86) -> 0.008525
B88: 46025 | C88: 1.84375 | D88: 1.8541667 | E88: 492.7 | F88: 467.08 | G88: =E88-F88 -> 25.62 | H88: =G88/4000 -> 0.006405 | J88: =E88-40 -> 452.7 | K88: =F88-J88 -> 14.38
C89: 1.8541667 | D89: 1.8645833 | E89: 492.7 | F89: 397.45 | G89: =E89-F89 -> 95.25 | H89: =G89/4000 -> 0.0238125 | J89: =J88-27.5 -> 425.2 | K89: =F89-J89 -> -27.75 | L89: =IF(K89/4000>0,K89/4000,0) -> 0
C90: 1.8645833 | D90: 1.875 | E90: 492.7 | F90: 441.81 | G90: =E90-F90 -> 50.89 | H90: =G90/4000 -> 0.0127225 | J90: =J89+40 -> 465.2 | K90: =J90-F90 -> 23.39 | L90: =IF(K90/4000>0,K90/4000,0) -> 0.0058475
C91: 1.875 | D91: 1.8854167 | E91: 492.7 | F91: 495.55 | G91: =E91-F91 -> -2.85 | H91: 0 | J91: 492.7 | K91: =J91-F91 -> -2.85 | L91: =IF(K91/4000>0,K91/4000,0) -> 0
I92: =SUM(H88:H91) -> 0.04294 | M92: =SUM(L88:L91) -> 0.0058475
B93: 46025 | C93: 1.9166667 | D93: 1.9270833 | E93: 492.7 | F93: 469.67 | G93: =E93-F93 -> 23.03 | H93: =G93/4000 -> 0.0057575 | J93: =E93-27.5 -> 465.2 | K93: =F93-J93 -> 4.47
C94: 1.9270833 | D94: 1.9375 | E94: 492.7 | F94: 421.3 | G94: =E94-F94 -> 71.4 | H94: =G94/4000 -> 0.01785 | J94: =J93-40 -> 425.2 | K94: =F94-J94 -> -3.9 | L94: =IF(K94/4000>0,K94/4000,0) -> 0
C95: 1.9375 | D95: 1.9479167 | E95: 492.7 | F95: 385.96 | G95: =E95-F95 -> 106.74 | H95: =G95/4000 -> 0.026685 | J95: =J94-40 -> 385.2 | K95: =F95-J95 -> 0.76 | L95: =IF(K95/4000>0,K95/4000,0) -> 0.00019
C96: 1.9479167 | D96: 1.9583333 | E96: 492.7 | F96: 353.77 | G96: =E96-F96 -> 138.93 | H96: =G96/4000 -> 0.0347325 | J96: =J95-40 -> 345.2 | K96: =F96-J96 -> 8.57 | L96: =IF(K96/4000>0,K96/4000,0) -> 0.0021425
C97: 1.9583333 | D97: 1.96875 | E97: 492.7 | F97: 301.66 | G97: =E97-F97 -> 191.04 | H97: =G97/4000 -> 0.04776 | J97: =J96-40 -> 305.2 | K97: =F97-J97 -> -3.54 | L97: =IF(K97/4000>0,K97/4000,0) -> 0
C98: 1.96875 | D98: 1.9791667 | E98: 492.7 | F98: 271.14 | G98: =E98-F98 -> 221.56 | H98: =G98/4000 -> 0.05539 | J98: 270 | K98: =F98-J98 -> 1.14 | L98: =IF(K98/4000>0,K98/4000,0) -> 0.000285
C99: 1.9791667 | D99: 1.9895833 | E99: 492.7 | F99: 268.51 | G99: =E99-F99 -> 224.19 | H99: =G99/4000 -> 0.0560475 | J99: 270 | K99: =F99-J99 -> -1.49 | L99: =IF(K99/4000>0,K99/4000,0) -> 0
C100: 1.9895833 | D100: 2 | E100: 492.7 | F100: 268.6 | G100: =E100-F100 -> 224.1 | H100: =G100/4000 -> 0.056025 | J100: 270 | K100: =F100-J100 -> -1.4 | L100: =IF(K100/4000>0,K100/4000,0) -> 0
I101: =SUM(H93:H100) -> 0.3002475 | M101: =SUM(L93:L100) -> 0.0026175
...

Sheet Sheet1
G2: ABSTRACT of Backing down details of HNPCL for the month of JAN 2026
G3: Date | H3: Backing down in MU | I3: Non compliance in MU | K3: 5 minutes average | L3: 10 minutes average | M3: 15 minutes average
B4: 1 | C4: 1.0104167 | G4: 45992 | H4: ='New method'!I20 -> 0.7075175 | I4: ='New method'!M20 -> 0.0037225 | K4: 5 | L4: 5 | M4: 5
B5: 1.0104167 | C5: 1.0208333 | G5: 45993 | H5: ='New method'!I28+'New method'!I39+'New method'!I48 -> 0.77736 | I5: ='New method'!M28+'New method'!M39+'New method'!M48 -> 0.0017075 | K5: 10 | L5: 10 | M5: 10
B6: 1.0208333 | C6: 1.03125 | G6: 45994 | H6: ='New method'!I68+'New method'!I87+'New method'!I92+'New method'!I101 -> 1.889435 | I6: ='New method'!M68+'New method'!M87+'New method'!M92+'New method'!M101 -> 0.023165 | K6: 15 | L6: 15 | M6: 15
B7: 1.03125 | C7: 1.0416667 | G7: 45995 | H7: ='New method'!I119+'New method'!I126+'New method'!I137+'New method'!I147 -> 1.5015725 | I7: ='New method'!M119+'New method'!M126+'New method'!M137+'New method'!M147 -> 0.065185 | K7: 20 | L7: 20 | M7: 20
B8: 1.0416667 | C8: 1.0520833 | G8: 45996 | H8: ='New method'!I168+'New method'!I177+'New method'!I187 -> 1.4331575 | I8: ='New method'!M168+'New method'!M177+'New method'!M187 -> 0.063075 | K8: 25 | L8: 25 | M8: 25
B9: 1.0520833 | C9: 1.0625 | G9: 45997 | H9: ='New method'!I201+'New method'!I216+'New method'!I222 -> 1.1164975 | I9: ='New method'!M201+'New method'!M216+'New method'!M222 -> 0.1393325 | J9: for 1 unit | K9: =AVERAGE(K4:K8) -> 15 | L9: 30 | M9: 30
B10: 1.0625 | C10: 1.0729167 | G10: 45998 | H10: ='New method'!I245+'New method'!I257+'New method'!I272 -> 1.651415 | I10: ='New method'!M245+'New method'!M257+'New method'!M272 -> 0.0411975 | J10: for 2 units | K10: 30 | L10: 35 | M10: 35
B11: 1.0729167 | C11: 1.0833333 | G11: 45999 | H11: ='New method'!I300+'New method'!I310 -> 1.6416375 | I11: ='New method'!M300+'New method'!M310 -> 0.0860825 | L11: 40 | M11: 40
B12: 1.0833333 | C12: 1.09375 | G12: 46000 | H12: ='New method'!I334+'New method'!I339 -> 1.173875 | I12: ='New method'!M334+'New method'!M339 -> 0.0765425 | L12: 45 | M12: 45
B13: 1.09375 | C13: 1.1041667 | G13: 46001 | H13: ='New method'!I363+'New method'!I368+'New method'!I381 -> 1.68533 | I13: ='New method'!M363+'New method'!M368+'New method'!M381 -> 0.1134425 | L13: 50 | M13: 50
B14: 1.1041667 | C14: 1.1145833 | G14: 46002 | H14: ='New method'!I404+'New method'!I417+'New method'!I425 -> 1.776955 | I14: ='New method'!M404+'New method'!M417+'New method'!M425 -> 0.06691 | K14: for 1 unit | L14: =AVERAGE(L4:L13) -> 27.5 | M14: 55
B15: 1.1145833 | C15: 1.125 | G15: 46003 | H15: ='New method'!I450+'New method'!I456 -> 1.3098775 | I15: ='New method'!M450+'New method'!M456 -> 0.0341475 | K15: for 2 units | L15: 55 | M15: 60
B16: 1.125 | C16: 1.1354167 | G16: 46004 | H16: ='New method'!I480+'New method'!I489+'New method'!I492 -> 1.3185075 | I16: ='New method'!M480+'New method'!M489+'New method'!M492 -> 0.0472575 | M16: 65
B17: 1.1354167 | C17: 1.1458333 | G17: 46005 | H17: ='New method'!I515+'New method'!I532+'New method'!I540+'New method'!I545 -> 1.926235 | I17: ='New method'!M515+'New method'!M532+'New method'!M540+'New method'!M545 -> 0.184825 | M17: 70
B18: 1.1458333 | C18: 1.15625 | G18: 46006 | H18: ='New method'!I569+'New method'!I604+'New method'!I618 -> 3.0006275 | I18: ='New method'!M569+'New method'!M604+'New method'!M618 -> 0.3090725 | M18: 75
B19: 1.15625 | C19: 1.1666667 | G19: 46007 | H19: ='New method'!I642+'New method'!I668+'New method'!I676+'New method'!I682 -> 2.5175475 | I19: ='New method'!M642+'New method'!M668+'New method'!M676+'New method'!M682 -> 0.10003 | L19: for 1 unit | M19: =AVERAGE(M4:M18) -> 40
B20: 1.1666667 | C20: 1.1770833 | G20: 46008 | H20: ='New method'!I706+'New method'!I723+'New method'!I734 -> 2.1844225 | I20: ='New method'!M706+'New method'!M723+'New method'!M734 -> 0.10096 | L20: for 2 units | M20: 80
B21: 1.1770833 | C21: 1.1875 | G21: 46009 | H21: ='New method'!I739+'New method'!I760+'New method'!I787+'New method'!I802 -> 2.712855 | I21: ='New method'!M739+'New method'!M760+'New method'!M787+'New method'!M802 -> 0.155815
B22: 1.1875 | C22: 1.1979167 | G22: 46010 | H22: ='New method'!I820+'New method'!I833+'New method'!I848 -> 1.8468225 | I22: ='New method'!M820+'New method'!M833+'New method'!M848 -> 0.07654
B23: 1.1979167 | C23: 1.2083333 | G23: 46011 | H23: ='New method'!I868+'New method'!I882+'New method'!I899 -> 2.1295425 | I23: ='New method'!M868+'New method'!M882+'New method'!M899 -> 0.06852
B24: 1.2083333 | C24: 1.21875 | G24: 46012 | H24: ='New method'!I923+'New method'!I945+'New method'!I958 -> 2.557125 | I24: ='New method'!M923+'New method'!M945+'New method'!M958 -> 0.059725
B25: 1.21875 | C25: 1.2291667 | G25: 46013 | H25: ='New method'!I983+'New method'!I995+'New method'!I1001+'New method'!I1017 -> 2.93131 | I25: ='New method'!M983+'New method'!M995+'New method'!M1001+'New method'!M1017 -> 0.100375
B26: 1.2291667 | C26: 1.2395833 | G26: 46014 | H26: ='New method'!I1048+'New method'!I1083+'New method'!I1101 -> 5.5174175 | I26: ='New method'!M1048+'New method'!M1083+'New method'!M1101 -> 0.086425
B27: 1.2395833 | C27: 1.25 | G27: 46015 | H27: ='New method'!I1127+'New method'!I1138+'New method'!I1143+'New method'!I1147+'New method'!I1148+'New method'!I1155+'New method'!I1158+'New method'!I1163 -> 3.377925 | I27: ='New method'!M1127+'New method'!M1138+'New method'!M1143+'New method'!M1147+'New method'!M1148+'New method'!M1155+'New method'!M1158+'New method'!M1163 -> 0.031285
B28: 1.25 | C28: 1.2604167 | G28: 46016 | H28: ='New method'!I1194+'New method'!I1250 -> 7.1033387 | I28: ='New method'!M1194+'New method'!M1250 -> 0.07008375
B29: 1.2604167 | C29: 1.2708333 | G29: 46017 | H29: ='New method'!I1276+'New method'!I1321 -> 5.667685 | I29: ='New method'!M1276+'New method'!M1321 -> 0.0676125
B30: 1.2708333 | C30: 1.28125 | G30: 46018 | H30: ='New method'!I1352+'New method'!I1375+'New method'!I1393 -> 5.2207775 | I30: ='New method'!M1352+'New method'!M1375+'New method'!M1393 -> 0.0619275
B31: 1.28125 | C31: 1.2916667 | G31: 46019 | H31: ='New method'!I1423+'New method'!I1441+'New method'!I1451+'New method'!I1467 -> 5.7240775 | I31: ='New method'!M1423+'New method'!M1441+'New method'!M1451+'New method'!M1467 -> 0.05602
B32: 1.2916667 | C32: 1.3020833 | G32: 46020 | H32: ='New method'!I1495+'New method'!I1523+'New method'!I1540 -> 6.4082625 | I32: ='New method'!M1495+'New method'!M1523+'New method'!M1540 -> 0.15173
B33: 1.3020833 | C33: 1.3125 | G33: 46021 | H33: ='New method'!I1570+'New method'!I1575+'New method'!I1583+'New method'!I1598+'New method'!I1615 -> 6.968565 | I33: ='New method'!M1570+'New method'!M1575+'New method'!M1583+'New method'!M1598+'New method'!M1615 -> 0.0732075
B34: 1.3125 | C34: 1.3229167 | G34: 46022 | H34: ='New method'!I1644+'New method'!I1675+'New method'!I1692 -> 6.8601075 | I34: ='New method'!M1644+'New method'!M1675+'New method'!M1692 -> 0.089975
B35: 1.3229167 | C35: 1.3333333 | G35: Total | H35: =SUM(H4:H34) -> 92.637781 | I35: =SUM(I4:I34) -> 2.6058963
B36: 1.3333333 | C36: 1.34375
B37: 1.34375 | C37: 1.3541667
B38: 1.3541667 | C38: 1.3645833
B39: 1.3645833 | C39: 1.375
B40: 1.375 | C40: 1.3854167
B41: 1.3854167 | C41: 1.3958333
B42: 1.3958333 | C42: 1.40625
B43: 1.40625 | C43: 1.4166667
B44: 1.4166667 | C44: 1.4270833
B45: 1.4270833 | C45: 1.4375
B46: 1.4375 | C46: 1.4479167
B47: 1.4479167 | C47: 1.4583333
... B100: 2 | C100: 2.0104167

Sheet Sheet2
B3: For 600 MW units | H3: For 500 MW units | L3: For 800 MW units | Q3: For 210 MW units
C4: =C3+6 -> 6 | D4: =D3+6 -> 6 | E4: =E3+6 -> 6 | H4: 5 minutes average | I4: 10 minutes average | J4: 15 minutes average | M4: =M3+8 -> 8 | N4: =N3+8 -> 8 | O4: =O3+8 -> 8 | R4: =R3+2.1 -> 2.1 | S4: =S3+2.1 -> 2.1 | T4: =T3+2.1 -> 2.1
C5: =C4+6 -> 12 | D5: =D4+6 -> 12 | E5: =E4+6 -> 12 | H5: 5 | I5: 5 | J5: 5 | M5: =M4+8 -> 16 | N5: =N4+8 -> 16 | O5: =O4+8 -> 16 | R5: =R4+2.1 -> 4.2 | S5: =S4+2.1 -> 4.2 | T5: =T4+2.1 -> 4.2
C6: =C5+6 -> 18 | D6: =D5+6 -> 18 | E6: =E5+6 -> 18 | H6: 10 | I6: 10 | J6: 10 | M6: =M5+8 -> 24 | N6: =N5+8 -> 24 | O6: =O5+8 -> 24 | R6: =R5+2.1 -> 6.3 | S6: =S5+2.1 -> 6.3 | T6: =T5+2.1 -> 6.3
C7: =C6+6 -> 24 | D7: =D6+6 -> 24 | E7: =E6+6 -> 24 | H7: 15 | I7: 15 | J7: 15 | M7: =M6+8 -> 32 | N7: =N6+8 -> 32 | O7: =O6+8 -> 32 | R7: =R6+2.1 -> 8.4 | S7: =S6+2.1 -> 8.4 | T7: =T6+2.1 -> 8.4
C8: =C7+6 -> 30 | D8: =D7+6 -> 30 | E8: =E7+6 -> 30 | H8: 20 | I8: 20 | J8: 20 | M8: =M7+8 -> 40 | N8: =N7+8 -> 40 | O8: =O7+8 -> 40 | R8: =R7+2.1 -> 10.5 | S8: =S7+2.1 -> 10.5 | T8: =T7+2.1 -> 10.5
B9: for 1 unit | C9: =AVERAGE(C4:C8) -> 18 | D9: =D8+6 -> 36 | E9: =E8+6 -> 36 | H9: 25 | I9: 25 | J9: 25 | L9: for 1 unit | M9: =AVERAGE(M4:M8) -> 24 | N9: =N8+8 -> 48 | O9: =O8+8 -> 48 | Q9: for 1 unit | R9: =AVERAGE(R4:R8) -> 6.3 | S9: =S8+2.1 -> 12.6 | T9: =T8+2.1 -> 12.6
D10: =D9+6 -> 42 | E10: =E9+6 -> 42 | G10: for 1 unit | H10: =AVERAGE(H5:H9) -> 15 | I10: 30 | J10: 30 | N10: =N9+8 -> 56 | O10: =O9+8 -> 56 | Q10: for 2 units | R10: 12.6 | S10: =S9+2.1 -> 14.7 | T10: =T9+2.1 -> 14.7
D11: =D10+6 -> 48 | E11: =E10+6 -> 48 | G11: for 2 units | H11: 30 | I11: 35 | J11: 35 | N11: =N10+8 -> 64 | O11: =O10+8 -> 64 | S11: =S10+2.1 -> 16.8 | T11: =T10+2.1 -> 16.8
D12: =D11+6 -> 54 | E12: =E11+6 -> 54 | I12: 40 | J12: 40 | N12: =N11+8 -> 72 | O12: =O11+8 -> 72 | S12: =S11+2.1 -> 18.9 | T12: =T11+2.1 -> 18.9
D13: =D12+6 -> 60 | E13: =E12+6 -> 60 | I13: 45 | J13: 45 | N13: =N12+8 -> 80 | O13: =O12+8 -> 80 | S13: =S12+2.1 -> 21 | T13: =T12+2.1 -> 21
C14: for 1 unit | D14: 33 | E14: =E13+6 -> 66 | I14: 50 | J14: 50 | M14: for 1 unit | N14: 44 | O14: =O13+8 -> 88 | R14: for 1 unit | S14: 11.55 | T14: =T13+2.1 -> 23.1
E15: =E14+6 -> 72 | H15: for 1 unit | I15: =AVERAGE(I5:I14) -> 27.5 | J15: 55 | O15: =O14+8 -> 96 | R15: for 2 units | S15: 23.1 | T15: =T14+2.1 -> 25.2
E16: =E15+6 -> 78 | H16: for 2 units | I16: 55 | J16: 60 | O16: =O15+8 -> 104 | T16: =T15+2.1 -> 27.3
E17: =E16+6 -> 84 | J17: 65 | O17: =O16+8 -> 112 | T17: =T16+2.1 -> 29.4
E18: =E17+6 -> 90 | J18: 70 | O18: =O17+8 -> 120 | T18: =T17+2.1 -> 31.5
E19: =E18+6 -> 96 | J19: 75 | O19: =O18+6 -> 126 | T19: =T18+2.1 -> 33.6
D20: for 1 unit | E20: 17.85 | I20: for 1 unit | J20: =AVERAGE(J5:J19) -> 40 | N20: for 1 unit | O20: 67.875 | S20: for 1 unit | T20: 17.85
I21: for 2 units | J21: 80 | S21: for 2 units | T21: 35.7
